acc_x, acc_y, angular_z, stamp, 
0.018326878547668457, 0.0032871365547180176, -4.963284867587354e-07, 1791403393422702317, 
0.03803914785385132, -0.021898865699768066, -1.0733663680768466e-11, 1791403393452975427, 
-0.01072460412979126, 0.031993865966796875, -4.070062929767081e-11, 1791403393485001931, 
0.0015847086906433105, 0.029942750930786133, -5.326989210182863e-07, 1791403393542795685, 
0.010484099388122559, -0.004462242126464844, -4.958748753346961e-07, 1791403393572856232, 
0.010451972484588623, -0.015358507633209229, -6.733010435710205e-07, 1791403393594992601, 
-0.022079825401306152, -0.022847235202789307, -5.274401454304493e-07, 1791403393623259481, 
-0.009192287921905518, 0.009505748748779297, -5.035106191570152e-07, 1791403393652872683, 
-0.014798939228057861, -0.001475691795349121, -4.973012398211606e-07, 1791403393682854029, 
-0.02524024248123169, -0.01591438055038452, -4.96107593091188e-07, 1791403393712907296, 
0.003678262233734131, -0.025017619132995605, -4.956907108859039e-07, 1791403393742981158, 
0.014751791954040527, 0.005702853202819824, -4.975250702133613e-07, 1791403393772939390, 
0.01116323471069336, 0.007587850093841553, -7.499394480787581e-11, 1791403393804815339, 
-0.021131277084350586, -0.004894435405731201, -4.8219724490297264e-11, 1791403393835037627, 
-0.0029395222663879395, 0.016772031784057617, -3.967405564945571e-12, 1791403393862478590, 
0.0009524822235107422, 0.007726550102233887, 2.9455857807161595e-11, 1791403393892992681, 
0.011670112609863281, 0.011222004890441895, 3.1820832649887155e-11, 1791403393923038132, 
-0.01889646053314209, 0.004159867763519287, 2.4470493184317487e-11, 1791403393952107173, 
0.0008165240287780762, -0.02249199151992798, 8.984506247790115e-12, 1791403393983106467, 
-0.013366878032684326, 0.01900482177734375, 4.283631014980107e-12, 1791403394012355343, 
0.045999765396118164, -0.022240638732910156, 8.964931542004152e-13, 1791403394044036469, 
-0.008226752281188965, -0.01867806911468506, 3.532924967782604e-12, 1791403394075649766, 
-0.024435341358184814, 0.022890985012054443, 1.950038392941778e-12, 1791403394103284948, 
-0.029623329639434814, 0.026505351066589355, -9.28392031252107e-12, 1791403394133134038, 
0.03020244836807251, -0.01475977897644043, 4.927718491724668e-07, 1791403394163371617, 
0.03368484973907471, -0.01826423406600952, 4.996549209649985e-07, 1791403394193191628, 
-0.009727656841278076, -0.039559781551361084, -6.366287346096174e-11, 1791403394223216477, 
-0.059812188148498535, 0.003941833972930908, -6.564007733776432e-11, 1791403394253678482, 
-0.0056650638580322266, 0.034594833850860596, -1.5453332902189527e-10, 1791403394284771041, 
0.009058713912963867, 0.002325773239135742, 4.76986463061707e-07, 1791403394315995981, 
0.035888671875, -0.0067574381828308105, 5.354286726383802e-07, 1791403394343814094, 
-0.012722373008728027, -0.03180438280105591, -1.7706209618651674e-10, 1791403394373295513, 
-0.04320073127746582, 0.027644038200378418, 4.967795479647681e-07, 1791403394403280428, 
0.028942584991455078, 0.0257871150970459, 4.955358838547083e-07, 1791403394433336706, 
0.04471009969711304, -0.008456051349639893, -1.8199505926269606e-10, 1791403394463359103, 
-0.01492917537689209, -0.013674139976501465, -7.66302705126417e-11, 1791403394492431298, 
-0.05113750696182251, -0.01710754632949829, 6.992526782741117e-12, 1791403394525428355, 
-0.022268712520599365, 0.01886993646621704, -3.325002940622217e-13, 1791403394556239234, 
0.0639350414276123, 0.00439220666885376, -2.0411917761486803e-11, 1791403394583397673, 
0.013225555419921875, -0.024297475814819336, 5.666496666737495e-11, 1791403394612465180, 
-0.021146953105926514, -0.022181212902069092, 1.516164752753849e-10, 1791403394643382465, 
-0.033543527126312256, 0.008681118488311768, 1.966329266804089e-10, 1791403394672456842, 
0.024300456047058105, 0.03391313552856445, 4.7507047873123976e-11, 1791403394703511666, 
0.017139315605163574, -0.02368342876434326, 4.933928268870321e-07, 1791403394733713912, 
-0.01881730556488037, 0.001472771167755127, 2.46080710871785e-11, 1791403394764829779, 
-0.013177096843719482, 0.03190946578979492, -3.121312647469347e-11, 1791403394796947213, 
0.012127399444580078, 0.01539379358291626, -9.058956506040445e-11, 1791403394823569082, 
-0.0005129575729370117, -0.004669368267059326, -4.444425624333964e-11, 1791403394853562563, 
-0.013469994068145752, -0.02459549903869629, -1.3351622235106827e-12, 1791403394883574132, 
-0.060327351093292236, -0.02093040943145752, 1.4076633973390931e-11, 1791403394913602661, 
0.013600409030914307, 0.02044200897216797, 1.2874103528665767e-11, 1791403394943594274, 
0.05480754375457764, -0.00847846269607544, -5.494138531214471e-12, 1791403394973881144, 
0.00428694486618042, 0.002227306365966797, 5.815502874294036e-12, 1791403395005493636, 
0.01653224229812622, -0.00843590497970581, 2.4910089192948112e-11, 1791403395037209054, 
-0.032012760639190674, 0.002490997314453125, -5.626876285485053e-07, 1791403395063687335, 
0.006188929080963135, 0.026074349880218506, 4.504308091765821e-11, 1791403395093659101, 
0.01864635944366455, 0.009701013565063477, 2.4950587806537766e-11, 1791403395123649017, 
0.006024658679962158, -0.000971674919128418, 2.8586362109375593e-11, 1791403395153678196, 
-0.04087191820144653, -0.009786605834960938, -4.953268530101794e-07, 1791403395183757870, 
-0.0247572660446167, 0.035222649574279785, 6.401967893717653e-11, 1791403395213766071, 
0.027483999729156494, 0.008173227310180664, 3.778265673721318e-11, 1791403395245049578, 
0.029086709022521973, -0.0117034912109375, 2.7534592223785823e-11, 1791403395276815223, 
-0.007328629493713379, -0.000908195972442627, -5.509641752887718e-07, 1791403395303857678, 
-0.027039527893066406, 0.010112345218658447, 1.4301703037059978e-10, 1791403395333830679, 
0.037694334983825684, 0.03174316883087158, -6.316418502533568e-07, 1791403395357419492, 
0.010317683219909668, -0.00793910026550293, 2.0334752140286817e-10, 1791403395393882877, 
0.016999661922454834, -0.024196386337280273, -4.96924653332832e-07, 1791403395423860845, 
-0.024543702602386475, -0.018620967864990234, -4.946087852485287e-07, 1791403395453975023, 
-0.0170019268989563, 0.026483237743377686, -4.7658498201715873e-07, 1791403395485226394, 
0.04426842927932739, 0.04256540536880493, 2.0488161831618068e-10, 1791403395516822103, 
0.026072978973388672, -0.0043288469314575195, 1.5756379164329683e-10, 1791403395544013652, 
-0.02076733112335205, -0.009689688682556152, -5.092707963323873e-07, 1791403395573265828, 
-0.03133106231689453, 0.010068714618682861, -4.840123275647084e-07, 1791403395604045025, 
0.007530927658081055, 0.018370211124420166, -0.0005931558288098442, 1791403395633965535, 
-0.7035284042358398, 0.20777958631515503, 0.00977284696377697, 1791403395664059358, 
0.2940293550491333, 0.2608209252357483, 0.27123591362364424, 1791403395694065194, 
-0.3869655132293701, 0.699413001537323, 0.43813483788112806, 1791403395724938578, 
0.1139901876449585, -0.42099493741989136, 0.4156568264859464, 1791403395757060781, 
0.11688536405563354, -0.3866928219795227, 0.47424637909491896, 1791403395784104700, 
-0.07191866636276245, 0.2611986994743347, 0.4040501871001559, 1791403395814097256, 
0.07353883981704712, 0.23940205574035645, 0.39833587665511266, 1791403395844135238, 
-0.3155750036239624, 0.02741903066635132, 0.4170719084384849, 1791403395874091394, 
-0.02824336290359497, -0.44693833589553833, 0.43814112713592973, 1791403395904309573, 
0.08461898565292358, -0.07629436254501343, 0.4244036612588733, 1791403395934176872, 
0.16045844554901123, 0.2872251272201538, 0.3836135346624455, 1791403395965112379, 
0.04491877555847168, 0.008593142032623291, 0.3705374696588058, 1791403395997685939, 
-0.060024261474609375, -0.15023458003997803, 0.4785194821720873, 1791403396023232169, 
0.06365221738815308, 0.03580176830291748, 0.3964689438291268, 1791403396054188968, 
-0.018680095672607422, 0.18376928567886353, 0.40775077183146763, 1791403396084227834, 
-0.4084396958351135, 0.03767037391662598, 0.42674305222988546, 1791403396114231457, 
0.2334381341934204, -0.3767892122268677, 0.44831260957492386, 1791403396144276549, 
-0.12466895580291748, -0.02838665246963501, 0.42489500358791754, 1791403396174322059, 
0.1380520462989807, 0.12690836191177368, 0.3850275883577757, 1791403396205241168, 
-0.26671671867370605, -0.01902759075164795, 0.3343606845746089, 1791403396237119211, 
0.12554579973220825, -0.07029610872268677, 0.3925092693192118, 1791403396264412378, 
0.1494082808494568, 0.03261357545852661, 0.39303148735666427, 1791403396294391347, 
-0.05642831325531006, 0.201826810836792, 0.3974049470408207, 1791403396324361232, 
-0.06613439321517944, -0.18124175071716309, 0.41314190595902245, 1791403396354386303, 
0.007408738136291504, -0.2556176781654358, 0.38736820585335796, 1791403396384693373, 
0.0767754316329956, 0.11725670099258423, 0.39391903180369703, 1791403396414481725, 
0.2218083143234253, 0.04325169324874878, 0.387727754131203, 1791403396445351912, 
-0.06478112936019897, 0.011794984340667725, 0.3811438172941795, 1791403396476873359, 
-0.1664295196533203, -0.0707007646560669, 0.43027564268110463, 1791403396505593458, 
0.18765121698379517, 0.029189109802246094, 0.4145541201444197, 1791403396534505775, 
-0.022270679473876953, 0.04546248912811279, 0.4054888499230641, 1791403396564509298, 
-0.1390005350112915, -0.0422062873840332, 0.40153671770963684, 1791403396594514556, 
0.01201927661895752, -0.0990743637084961, 0.39755242444156524, 1791403396624526698, 
0.15308523178100586, 0.047119081020355225, 0.38657141087907, 1791403396654605850, 
-0.03164118528366089, 0.09967207908630371, 0.4040878824288819, 1791403396684987718, 
-0.10411429405212402, -0.0851525068283081, 0.404431080678768, 1791403396716910300, 
0.11814916133880615, -0.08545845746994019, 0.43984933729225406, 1791403396744627772, 
0.026027023792266846, -0.028777360916137695, 0.3998560091919937, 1791403396774640129, 
-0.19948428869247437, 0.03265833854675293, 0.37579269080417427, 1791403396804620588, 
-0.012849032878875732, 0.10819685459136963, 0.37536251630798423, 1791403396834916145, 
0.3217817544937134, 0.004482388496398926, 0.4051749787322675, 1791403396864666034, 
-0.1665405035018921, -0.030617237091064453, 0.4143857854760672, 1791403396894680228, 
0.0970679521560669, -0.054109811782836914, 0.42092372742957146, 1791403396924991841, 
0.10156029462814331, 0.11265575885772705, 0.39703309475308546, 1791403396956453616, 
-0.0564345121383667, 0.0014455914497375488, 0.4459803440676826, 1791403396984792787, 
-0.13418316841125488, -0.12513834238052368, 0.40427288226750835, 1791403397014437400, 
0.1274024248123169, -0.07619267702102661, 0.37902739836370036, 1791403397044468829, 
0.024922668933868408, 0.05258995294570923, 0.3499299769287007, 1791403397075493844, 
-0.07641971111297607, 0.15567082166671753, 0.384402200565173, 1791403397105480980, 
0.17507445812225342, 0.05363267660140991, 0.42545023661599796, 1791403397135501637, 
-0.14422070980072021, -0.021801769733428955, 0.4317289240505641, 1791403397165590785, 
-0.08144646883010864, -0.11839103698730469, 0.4089973259519727, 1791403397197288046, 
0.13264590501785278, -0.05098015069961548, 0.4515354577749156, 1791403397224949669, 
-0.043688952922821045, -0.021895289421081543, 0.3879017255524931, 1791403397255667468, 
-0.04026216268539429, 0.07058322429656982, 0.37194531593618546, 1791403397285655436, 
0.11173641681671143, 0.01906871795654297, 0.35484178070419636, 1791403397307212267, 
0.09552764892578125, 0.06633692979812622, 0.4090915801985912, 1791403397345542382, 
-0.05650174617767334, 0.18204671144485474, 0.40443915607072384, 1791403397375506019, 
-0.05318814516067505, -0.07010513544082642, 0.4022735829759531, 1791403397405602521, 
-0.02555084228515625, -0.12476569414138794, 0.37648829333040934, 1791403397437265099, 
-0.02487969398498535, 0.01337498426437378, 0.41223880653903544, 1791403397467020842, 
0.05768007040023804, 0.05003780126571655, 0.43055902192310425, 1791403397495543143, 
0.10384804010391235, -0.07994753122329712, 0.41319420046433936, 1791403397525552468, 
-0.019414126873016357, -0.06058168411254883, 0.40822490183803806, 1791403397555566178, 
0.012115895748138428, 0.016041815280914307, 0.40522231591853514, 1791403397585603830, 
-0.06749677658081055, 0.1458567976951599, 0.39444844171205307, 1791403397615571255, 
-0.05210036039352417, -0.12061190605163574, 0.4040365827531345, 1791403397645726748, 
-0.02288609743118286, -0.09342819452285767, 0.36887499179933136, 1791403397677285103, 
-0.11454945802688599, 0.08757519721984863, 0.3682647477178422, 1791403397707861519, 
-0.03304570913314819, 0.08716285228729248, 0.41817512931121203, 1791403397735639457, 
0.02783864736557007, 0.07631838321685791, 0.4166680453377057, 1791403397765603334, 
-0.019074320793151855, -0.029333949089050293, 0.4376691645668148, 1791403397795609942, 
-0.0489005446434021, -0.10829341411590576, 0.43432361470060565, 1791403397825632912, 
0.06690961122512817, -0.066497802734375, 0.4249629763917495, 1791403397855614883, 
0.011217951774597168, -0.03144866228103638, 0.40120502234036703, 1791403397885688744, 
0.09121078252792358, -0.006329596042633057, 0.36917093011756275, 1791403397917415671, 
0.0184018611907959, 0.028917253017425537, 0.3837474272096525, 1791403397948055115, 
-0.0033319592475891113, 0.1311415433883667, 0.4381141905515715, 1791403397975612389, 
0.024981021881103516, 0.020006775856018066, 0.4160847705526787, 1791403398005634173, 
-0.19603490829467773, -0.1113365888595581, 0.4443736574572908, 1791403398035662214, 
0.026752829551696777, -0.14147943258285522, 0.43214054582080264, 1791403398065655597, 
0.054836928844451904, -0.04724383354187012, 0.4092906696064624, 1791403398095755284, 
0.0019375085830688477, 0.07973814010620117, 0.38922542060606513, 1791403398125770702, 
0.05260747671127319, -0.007569789886474609, 0.3841899315468557, 1791403398157046153, 
0.08884662389755249, 0.11058109998703003, 0.3855721421482302, 1791403398187948688, 
-0.0720146894454956, 0.008354485034942627, 0.44461478808881505, 1791403398215739175, 
0.12260955572128296, -0.13265937566757202, 0.39549315067924873, 1791403398245700440, 
-0.018290460109710693, -0.20684289932250977, 0.3738577024475089, 1791403398275740015, 
0.11387574672698975, 0.08862006664276123, 0.3463430665486821, 1791403398305765426, 
0.03451758623123169, 0.2221875786781311, 0.34589373289958386, 1791403398336022593, 
-0.04181021451950073, 0.07150846719741821, 0.3819819376449088, 1791403398365837679, 
-0.14474427700042725, -0.1173630952835083, 0.41085580075348116, 1791403398397223294, 
-0.011677384376525879, -0.0756826400756836, 0.4033117246899525, 1791403398429222134, 
-0.02139204740524292, -0.010833442211151123, 0.4435516725341115, 1791403398455822893, 
0.1552138328552246, -0.025214195251464844, 0.3657843109308827, 1791403398485786936, 
-0.1661929488182068, -0.012304246425628662, 0.39020090524517104, 1791403398515866306, 
0.19913381338119507, -0.01420450210571289, 0.4014401774613568, 1791403398545841178, 
-0.128595769405365, 0.09265738725662231, 0.38838404924488373, 1791403398575846986, 
0.01821458339691162, 0.005423605442047119, 0.3988075993616345, 1791403398605956363, 
-0.0816878080368042, -0.05641794204711914, 0.3951085006174423, 1791403398636997676, 
0.143235445022583, -0.09474289417266846, 0.37450984229272266, 1791403398669207562, 
-0.1022990345954895, 0.14904993772506714, 0.4418816656230892, 1791403398696034152, 
-0.20256328582763672, 0.054996490478515625, 0.42273835947292643, 1791403398725907009, 
0.049707114696502686, 0.009174942970275879, 0.3711817900569114, 1791403398749681855, 
-0.017214059829711914, -0.014357566833496094, 0.4781976221913619, 1791403398785935790, 
0.012757539749145508, -0.005114197731018066, 0.4050290598709754, 1791403398815976721, 
-0.006395697593688965, -0.12215274572372437, 0.3968542834628726, 1791403398845943509, 
-0.04664522409439087, -0.05791240930557251, 0.38423074399642204, 1791403398876430830, 
0.07581108808517456, 0.06787502765655518, 0.34784140562743276, 1791403398909260541, 
-0.035823166370391846, 0.06904608011245728, 0.4294068079125831, 1791403398935984334, 
0.1974906325340271, 0.12559276819229126, 0.39511521736170946, 1791403398965994625, 
-0.2524567246437073, -0.14408636093139648, 0.4109645652575537, 1791403398996268756, 
-0.10397642850875854, -0.15499085187911987, 0.42242362837714165, 1791403399026035170, 
0.09071379899978638, 0.01936793327331543, 0.4052185569735278, 1791403399056202287, 
0.1351204514503479, 0.07532346248626709, 0.4013353017539833, 1791403399086153068, 
-0.05723303556442261, -0.030496418476104736, 0.40177770211211405, 1791403399117292572, 
-0.048381924629211426, -0.02839958667755127, 0.4124357984390357, 1791403399148983259, 
-0.07731205224990845, -0.08426916599273682, 0.4742711373093615, 1791403399176069209, 
0.05099213123321533, -0.05450195074081421, 0.4053210815493649, 1791403399206083423, 
0.05499696731567383, -0.06156688928604126, 0.33360265706351916, 1791403399229362166, 
0.10267138481140137, 0.04066675901412964, 0.4110664773775782, 1791403399266074332, 
0.021367311477661133, -0.02079564332962036, 0.37075211180012285, 1791403399296088202, 
-0.18207108974456787, 0.12052249908447266, 0.3642275936659072, 1791403399326158928, 
0.16767650842666626, -0.07846444845199585, 0.39145744198956806, 1791403399357006624, 
-0.18716973066329956, 0.05291169881820679, 0.38597042524750147, 1791403399388498993, 
0.169014573097229, -0.032808661460876465, 0.4469404047522019, 1791403399426130984, 
-0.17813873291015625, 0.0033925771713256836, 0.40420237209383447, 1791403399456202566, 
0.051636338233947754, -0.07016706466674805, 0.41662927276740425, 1791403399486194109, 
-0.07206135988235474, 0.04698669910430908, 0.40767268331605466, 1791403399516454759, 
0.12279069423675537, -0.010062158107757568, 0.3724627064506461, 1791403399549060614, 
-0.0882195234298706, -0.14794325828552246, 0.43218709839254904, 1791403399576310493, 
0.12229961156845093, 0.013683319091796875, 0.3697046852422333, 1791403399606311051, 
-0.04633593559265137, -0.007005453109741211, 0.38063200723678536, 1791403399636273884, 
-0.08938688039779663, 0.13018161058425903, 0.3735158424420537, 1791403399666294214, 
0.06914448738098145, -0.0549015998840332, 0.41060668455197225, 1791403399696326247, 
-0.206994891166687, -0.050812721252441406, 0.41303292828013766, 1791403399726348038, 
0.08137774467468262, -0.13753420114517212, 0.39734485493588173, 1791403399757326396, 
-0.14812320470809937, 0.019087493419647217, 0.34900486685728005, 1791403399789607086, 
0.06761616468429565, 0.17397546768188477, 0.4368467825019576, 1791403399816492195, 
-0.05789560079574585, -0.094451904296875, 0.42375773301793956, 1791403399846669421, 
0.01179361343383789, -0.08253055810928345, 0.4448381402076218, 1791403399876529564, 
-0.05538994073867798, -0.029213786125183105, 0.45151511669672467, 1791403399905441725, 
0.11507517099380493, -0.05837291479110718, 0.39628616109700937, 1791403399936679751, 
-0.03489762544631958, -0.102794349193573, 0.38971913940060976, 1791403399966493445, 
0.22548019886016846, 0.029388129711151123, 0.3732279572940102, 1791403399997353137, 
-0.14964938163757324, 0.15616780519485474, 0.36177687482925236, 1791403400029670881, 
-0.09099119901657104, 0.07744640111923218, 0.47495660680468904, 1791403400056651606, 
-0.10681062936782837, -0.15485107898712158, 0.4757427265952332, 1791403400086552862, 
0.03215736150741577, -0.11458688974380493, 0.4526995225261072, 1791403400116565855, 
0.12931197881698608, 0.09584993124008179, 0.40154219747295566, 1791403400146556567, 
-0.006817519664764404, -0.042461097240448, 0.4250975680266108, 1791403400176577693, 
-0.0932687520980835, 0.06134861707687378, 0.4420802736598018, 1791403400206634916, 
0.053673624992370605, -0.013859331607818604, 0.4513579425453391, 1791403400237266766, 
-0.07740521430969238, -0.027643978595733643, 0.4156858603419553, 1791403400269301501, 
0.22127902507781982, -0.03101944923400879, 0.4544516424400936, 1791403400296697750, 
-0.15066075325012207, -0.06652343273162842, 0.4174828351234155, 1791403400326665418, 
0.1756572723388672, 0.14520615339279175, 0.4244244049188494, 1791403400356770833, 
-0.05115842819213867, 0.06266254186630249, 0.45059867907241163, 1791403400386685843, 
-0.11979299783706665, -0.2337806224822998, 0.44864583964478655, 1791403400416707056, 
-0.10737144947052002, -0.11468124389648438, 0.42833886968143414, 1791403400446772391, 
0.10986876487731934, 0.07816857099533081, 0.4252609551968684, 1791403400477781086, 
-0.10018503665924072, 0.27595043182373047, 0.42810285246737934, 1791403400509070018, 
0.1449373960494995, -0.1507430076599121, 0.5168688251047164, 1791403400536836696, 
-0.4284840226173401, -0.2014005184173584, 0.4822526098499254, 1791403400566829460, 
0.19109821319580078, 0.03133285045623779, 0.4703835025279232, 1791403400596808811, 
-0.09245151281356812, 0.07880252599716187, 0.45864249697156795, 1791403400626848278, 
-0.025127410888671875, 0.11551660299301147, 0.4770160372323651, 1791403400656880012, 
0.02694636583328247, 0.021590709686279297, 0.4924074247073652, 1791403400687013101, 
0.17952978610992432, -0.08329880237579346, 0.4819547072621274, 1791403400717099595, 
0.05350816249847412, -0.09653395414352417, 0.40529811709234936, 1791403400749189795, 
0.18536007404327393, 0.032070279121398926, 0.43787687029665295, 1791403400776959075, 
-0.1602332592010498, 0.10515362024307251, 0.42726343263796535, 1791403400806981220, 
-0.10719949007034302, -0.04006379842758179, 0.46879909088952576, 1791403400836920752, 
0.22806769609451294, 0.008851945400238037, 0.4791762619343904, 1791403400867007248, 
-0.17474901676177979, 0.024522721767425537, 0.506568508864095, 1791403400897000433, 
0.03184586763381958, 0.020291268825531006, 0.510005088055532, 1791403400927063003, 
-0.07727009057998657, 0.03942668437957764, 0.5045804549031218, 1791403400957151336, 
0.1610565185546875, -0.21230286359786987, 0.4486223979378279, 1791403400989737070, 
-0.19350117444992065, -0.13881993293762207, 0.5362553984449568, 1791403401017135594, 
0.12954294681549072, 0.08228170871734619, 0.488368046661972, 1791403401047111501, 
0.05714637041091919, 0.2507935166358948, 0.5111538639639552, 1791403401077084059, 
0.06721538305282593, -0.15315485000610352, 0.5204976279032323, 1791403401107203791, 
-0.2200964093208313, -0.2699108123779297, 0.5015510394997184, 1791403401137103085, 
0.18942594528198242, 0.10321176052093506, 0.4681233770033943, 1791403401167160218, 
0.0804261565208435, 0.1483723521232605, 0.47215057045953657, 1791403401197941533, 
-0.14573568105697632, 0.057834625244140625, 0.4857783725710092, 1791403401229174433, 
-0.22063326835632324, -0.19523143768310547, 0.5174989969185694, 1791403401259243845, 
0.24682074785232544, -0.055235326290130615, 0.5564030128707321, 1791403401287238393, 
-0.16884052753448486, -0.03803890943527222, 0.5204954375629953, 1791403401317215097, 
-0.09589380025863647, 0.29525184631347656, 0.45531315499520886, 1791403401339366845, 
0.06240427494049072, -0.050736069679260254, 0.5740963008771666, 1791403401367297303, 
-0.11278373003005981, -0.29801493883132935, 0.53883729034346, 1791403401397258020, 
-0.08374321460723877, 0.019419848918914795, 0.5211049328404357, 1791403401427342221, 
0.06884539127349854, 0.23640209436416626, 0.5248974915062312, 1791403401457280469, 
0.01984506845474243, 0.08664298057556152, 0.5318831188470997, 1791403401487354472, 
-0.02727377414703369, -0.4365825653076172, 0.531666779488358, 1791403401516431358, 
0.16457784175872803, -0.07385671138763428, 0.460215265337192, 1791403401549166633, 
-0.12137347459793091, 0.33811330795288086, 0.5132723922982843, 1791403401579691357, 
-0.2005302906036377, 0.07977688312530518, 0.6193890264834014, 1791403401606488821, 
-0.03241896629333496, -0.3349543809890747, 0.5260379565840447, 1791403401637371395, 
0.1403598189353943, -0.12389618158340454, 0.5636014680938769, 1791403401666444348, 
-0.17901664972305298, 0.34796518087387085, 0.5369734070671228, 1791403401697412933, 
-0.012349724769592285, 0.029635310173034668, 0.5918233977105621, 1791403401725457941, 
0.1190217137336731, -0.3663157820701599, 0.5112068538499103, 1791403401757789063, 
-0.11921679973602295, -0.002128005027770996, 0.5338504245725411, 1791403401789213116, 
0.08033895492553711, 0.24798041582107544, 0.5363631028106839, 1791403401820711112, 
-0.00335007905960083, 0.07015562057495117, 0.6155847486592099, 1791403401847569069, 
0.04257875680923462, -0.31465309858322144, 0.5485560546473163, 1791403401877533641, 
-0.11028945446014404, 0.10380339622497559, 0.5566537375610592, 1791403401907582294, 
0.09354186058044434, 0.42169415950775146, 0.5449323256114512, 1791403401937580727, 
-0.08399754762649536, -0.18806064128875732, 0.5434965638501467, 1791403401967618642, 
-0.13407999277114868, -0.28204643726348877, 0.5715673032159524, 1791403401997653962, 
-0.057472050189971924, 0.2426883578300476, 0.5489365417234886, 1791403402029683890, 
0.16797620058059692, 0.3126521706581116, 0.5818148110016866, 1791403402060022793, 
-0.10866034030914307, -0.4108211398124695, 0.6669222598741057, 1791403402087837089, 
-0.1402442455291748, -0.09325093030929565, 0.6422392375175716, 1791403402117658278, 
-0.12923836708068848, 0.3685346245765686, 0.6312740258060852, 1791403402147727786, 
0.0027785301208496094, 0.02042675018310547, 0.59588286786768, 1791403402177732358, 
0.09474289417266846, -0.4332526922225952, 0.5959001190417038, 1791403402207773233, 
-0.36890387535095215, 0.10651421546936035, 0.6007955718098664, 1791403402237818950, 
-0.00895458459854126, 0.2775115370750427, 0.5470532823609896, 1791403402269658285, 
-0.0012386441230773926, -0.2749856114387512, 0.5303037406995341, 1791403402301186579, 
-0.2081596851348877, -0.14389914274215698, 0.6449999849922669, 1791403402327926852, 
0.13645821809768677, 0.3521096110343933, 0.6089233520989392, 1791403402357825617, 
0.13747215270996094, 0.22048991918563843, 0.5220848304582624, 1791403402381219996, 
0.13063615560531616, -0.32390183210372925, 0.6743986555624968, 1791403402408125133, 
-0.17402112483978271, 0.17822831869125366, 0.6471084863667304, 1791403402437936405, 
-0.10321980714797974, 0.3212013840675354, 0.5784506167323714, 1791403402460744481, 
0.07133370637893677, -0.16125351190567017, 0.7138744066334086, 1791403402487944683, 
0.013316988945007324, -0.35733741521835327, 0.6043320573488341, 1791403402517882753, 
0.001402735710144043, 0.1770579218864441, 0.6071720644749556, 1791403402547925224, 
-0.24030804634094238, 0.17230451107025146, 0.6178221051876168, 1791403402577955772, 
0.29372650384902954, -0.28667402267456055, 0.61006157860325, 1791403402607993096, 
-0.08466875553131104, -0.09379410743713379, 0.5916516126691329, 1791403402638069345, 
0.027639567852020264, 0.23865234851837158, 0.5656187217545396, 1791403402668525246, 
-0.12453758716583252, -0.027297556400299072, 0.542316821804352, 1791403402700454383, 
0.32313114404678345, -0.22931909561157227, 0.6509310724434159, 1791403402728143243, 
-0.2439737319946289, 0.19310861825942993, 0.6167555521055333, 1791403402758015553, 
-0.11081057786941528, 0.07883095741271973, 0.5424149161049943, 1791403402781789626, 
-0.07939034700393677, -0.20936822891235352, 0.724912067140767, 1791403402808113233, 
0.05689281225204468, 0.00964975357055664, 0.6398645501313716, 1791403402838068855, 
0.09664386510848999, 0.2192324995994568, 0.6480711524170139, 1791403402868106338, 
-0.14416766166687012, -0.15066975355148315, 0.6225699746417919, 1791403402898082100, 
-0.04662245512008667, -0.1699482798576355, 0.6065750430195972, 1791403402928128696, 
0.16801047325134277, 0.14708787202835083, 0.6247198955280522, 1791403402958488848, 
-0.09461104869842529, -0.07907605171203613, 0.5815572000311281, 1791403402989598807, 
0.08321309089660645, -0.19153618812561035, 0.5438673934069657, 1791403403021191262, 
-0.13518625497817993, 0.146406352519989, 0.6972952966841789, 1791403403047505858, 
0.012480318546295166, 0.1254211664199829, 0.6180139664559308, 1791403403078322939, 
0.11483210325241089, -0.1078653335571289, 0.6157074507860779, 1791403403108277444, 
0.04871773719787598, -0.036906898021698, 0.639378190765785, 1791403403138298534, 
-0.27168506383895874, 0.03556203842163086, 0.6494433950649595, 1791403403168296271, 
0.2734547257423401, -0.19960808753967285, 0.6546524242189002, 1791403403198315521, 
-0.2484050989151001, 0.0699034333229065, 0.5952274702094392, 1791403403229659945, 
-0.10986018180847168, 0.1331743597984314, 0.6031905146971321, 1791403403261519858, 
0.0744485855102539, -0.12441980838775635, 0.6953664533752415, 1791403403288486317, 
0.05453377962112427, -0.04322004318237305, 0.6140568109299263, 1791403403318339906, 
-0.10914778709411621, 0.23834115266799927, 0.6129846223992033, 1791403403348368854, 
0.06389576196670532, -0.15632712841033936, 0.6248295870521571, 1791403403378373144, 
0.04064148664474487, -0.13023978471755981, 0.625478837943438, 1791403403408398606, 
0.12930655479431152, 0.1629030704498291, 0.6617758524838236, 1791403403437459627, 
-0.21786677837371826, -0.05229973793029785, 0.6052063379805973, 1791403403469244201, 
0.10095292329788208, -0.20698201656341553, 0.6000992403467476, 1791403403501300526, 
-0.1354389786720276, 0.1763063669204712, 0.7095184503066391, 1791403403528653713, 
0.1382676362991333, -0.06254023313522339, 0.6689770708157086, 1791403403558516193, 
0.014341413974761963, -0.26499831676483154, 0.6402381510322147, 1791403403588553350, 
-0.10603255033493042, 0.11182010173797607, 0.6691081150659188, 1791403403617567428, 
-0.18486779928207397, 0.13717150688171387, 0.6313556257229656, 1791403403648576156, 
0.2575877904891968, -0.1603969931602478, 0.6383974777255581, 1791403403677590578, 
-0.02987116575241089, -0.07572448253631592, 0.5893668944090132, 1791403403708777693, 
-0.1548822522163391, 0.17420560121536255, 0.5803273283166704, 1791403403741697842, 
-0.12624263763427734, -0.03641676902770996, 0.6988431665385015, 1791403403768675487, 
0.1413472294807434, -0.09637510776519775, 0.6309151309681839, 1791403403798592420, 
-0.3265591263771057, 0.1610339879989624, 0.6417000610776091, 1791403403828663170, 
-0.15796613693237305, 0.028574883937835693, 0.6373384810366567, 1791403403858650107, 
0.27897459268569946, -0.14028340578079224, 0.6430015910532866, 1791403403888694693, 
-0.04219341278076172, 0.2210976481437683, 0.654963897478022, 1791403403918763575, 
0.021699726581573486, -0.09228599071502686, 0.6217507945415679, 1791403403949284062, 
-0.13584262132644653, -0.29291707277297974, 0.6000975747343621, 1791403403981533784, 
-0.06381553411483765, 0.2212410569190979, 0.7337292558278555, 1791403404008825847, 
0.08298909664154053, 0.06710261106491089, 0.658023014681214, 1791403404038795365, 
0.24885785579681396, -0.4029255509376526, 0.5772040507092556, 1791403404068793842, 
0.10127103328704834, -0.29446887969970703, 0.45825139260594805, 1791403404098931542, 
-0.4527395963668823, 0.01202094554901123, 0.31500430160609866, 1791403404128986549, 
-0.18363076448440552, -0.2004426121711731, 0.27810234152970986, 1791403404159068544, 
0.20179051160812378, -0.07913702726364136, 0.26464523399204487, 1791403404189717882, 
0.021342694759368896, 0.20619207620620728, 0.25493806832474825, 1791403404221240336, 
0.09669911861419678, 0.23646223545074463, 0.364509358798036, 1791403404248966505, 
-0.09892600774765015, -0.058055996894836426, 0.3759147241420485, 1791403404278911862, 
-0.1395050287246704, -0.46004772186279297, 0.360682765069405, 1791403404309099514, 
0.06166791915893555, 0.011712074279785156, 0.3404521464113459, 1791403404338984355, 
-0.1477413773536682, 0.13955914974212646, 0.339145877889884, 1791403404368955358, 
0.007712244987487793, 0.07559502124786377, 0.3477335717246274, 1791403404399028337, 
-0.05359804630279541, -0.022386372089385986, 0.3474708128610872, 1791403404429321131, 
0.05304229259490967, -0.15891611576080322, 0.33355311932156, 1791403404461293841, 
-0.2794947028160095, 0.008348405361175537, 0.38075889026614046, 1791403404489108765, 
0.07820510864257812, 0.04125875234603882, 0.35826058165575125, 1791403404519069740, 
0.12638956308364868, 0.08987069129943848, 0.3528590780741525, 1791403404549067226, 
-0.09808051586151123, -0.19243943691253662, 0.3708197200985891, 1791403404579119357, 
-0.20335924625396729, -0.036202847957611084, 0.36178485507041297, 1791403404609126318, 
0.04695260524749756, 0.06270939111709595, 0.35691281773188177, 1791403404639216622, 
0.0035327672958374023, 0.011447608470916748, 0.3609707266827509, 1791403404669264242, 
-0.14677101373672485, 0.0493890643119812, 0.3316788265346109, 1791403404701738512, 
0.04081583023071289, -0.10946857929229736, 0.3995632387470321, 1791403404729267642, 
-0.14893019199371338, 0.0034879446029663086, 0.35410344851186437, 1791403404759280899, 
-0.12146180868148804, 0.02253282070159912, 0.3572806043858369, 1791403404789191375, 
0.14012128114700317, 0.12698352336883545, 0.35523190560321033, 1791403404819243690, 
-0.06665307283401489, -0.061614930629730225, 0.35130252875152773, 1791403404849237615, 
-0.15530705451965332, -0.26762861013412476, 0.3522820972004839, 1791403404879299724, 
-0.07866525650024414, 0.08604925870895386, 0.36038568401131144, 1791403404909601381, 
0.38861167430877686, 0.2575468420982361, 0.34701410075083233, 1791403404941591924, 
-0.17159408330917358, 0.005240976810455322, 0.38358265540063424, 1791403404969575939, 
-0.20341336727142334, -0.4312937259674072, 0.3671219738719606, 1791403404999350153, 
-0.023573458194732666, 0.03468531370162964, 0.3553082042095971, 1791403405029320829, 
0.19633930921554565, 0.31744062900543213, 0.36071711680027413, 1791403405059344392, 
0.21544384956359863, 0.07733386754989624, 0.3631086525254208, 1791403405089346271, 
-0.31929653882980347, -0.38835465908050537, 0.358798590027834, 1791403405119365994, 
0.05051499605178833, -0.09025770425796509, 0.35779040018970504, 1791403405149783631, 
0.07832461595535278, 0.17206424474716187, 0.3572023647934166, 1791403405180450608, 
0.14486271142959595, 0.1357991099357605, 0.3579271680737736, 1791403405210449148, 
-0.053691983222961426, -0.01737898588180542, 0.37134797950927817, 1791403405239626769, 
0.00687938928604126, -0.12328070402145386, 0.3779483697539092, 1791403405268518883, 
0.026277661323547363, -0.022570252418518066, 0.34936673764556986, 1791403405299640169, 
-0.048838019371032715, 0.134893000125885, 0.36941458095701946, 1791403405329577007, 
0.1553889513015747, 0.13147419691085815, 0.37864180082150184, 1791403405359582654, 
-0.07170885801315308, 0.04426383972167969, 0.37658216482520845, 1791403405389611924, 
0.02109527587890625, -0.357094407081604, 0.36172541252713153, 1791403405421331598, 
-0.21540290117263794, 0.000125885009765625, 0.36602123476238574, 1791403405451863998, 
0.25264912843704224, 0.26300132274627686, 0.3966569115460559, 1791403405480160278, 
-0.05787038803100586, 0.01634746789932251, 0.36794169578033953, 1791403405509635841, 
-0.054128170013427734, -0.171381413936615, 0.3288743625188842, 1791403405531664287, 
-0.0662621259689331, 0.032536089420318604, 0.39047889377437645, 1791403405559684535, 
0.004726111888885498, 0.05390501022338867, 0.3866002703123421, 1791403405589677719, 
0.18703186511993408, 0.12174195051193237, 0.39039880098988344, 1791403405618697977, 
-0.10087805986404419, -0.15440744161605835, 0.35480245591515447, 1791403405649722897, 
-0.055461347103118896, -0.19061803817749023, 0.35724170780037295, 1791403405679858708, 
-0.20244860649108887, 0.07052457332611084, 0.37922261518665734, 1791403405709764335, 
0.20647895336151123, 0.23843133449554443, 0.3641734594006458, 1791403405741621819, 
-0.010038554668426514, 0.13840919733047485, 0.36236377992494023, 1791403405772594510, 
-0.03063511848449707, -0.3639276623725891, 0.4136706920477152, 1791403405799852822, 
-0.08448338508605957, 0.06723427772521973, 0.3835900965707218, 1791403405830046436, 
0.15959376096725464, 0.12186169624328613, 0.38624640440258007, 1791403405860041007, 
0.1995333433151245, 0.06308317184448242, 0.3858643942123455, 1791403405889868509, 
-0.05975461006164551, -0.23923754692077637, 0.38378539385880683, 1791403405919903303, 
-0.25741058588027954, -0.08783018589019775, 0.38303402241909007, 1791403405949899961, 
0.06149470806121826, 0.1526869535446167, 0.36822706589683657, 1791403405981784496, 
0.15593063831329346, 0.20134925842285156, 0.36502429629697014, 1791403406012618312, 
0.07927387952804565, -0.23576223850250244, 0.3987880201773842, 1791403406039935174, 
-0.12161010503768921, -0.23695939779281616, 0.38194449522263224, 1791403406070071639, 
-0.09648787975311279, 0.13287264108657837, 0.4076863232856544, 1791403406099991827, 
0.1271514892578125, 0.26467669010162354, 0.3837940147443193, 1791403406130107425, 
0.00920039415359497, -0.2019662857055664, 0.34815375603405774, 1791403406160157816, 
0.05211442708969116, -0.25011396408081055, 0.3677971845569466, 1791403406190053697, 
-0.2109236717224121, 0.08037352561950684, 0.3808814317106141, 1791403406221394249, 
0.11936825513839722, 0.27242952585220337, 0.37477146696920477, 1791403406252704676, 
0.18120300769805908, 0.02961200475692749, 0.39787465860364973, 1791403406280083418, 
0.13559764623641968, -0.42535310983657837, 0.3718148621105061, 1791403406310167722, 
-0.26217007637023926, 0.03657174110412598, 0.39762705530288, 1791403406340108640, 
0.03370290994644165, 0.31083953380584717, 0.41425069435213535, 1791403406370130947, 
0.21942609548568726, 0.14530646800994873, 0.38897982316544777, 1791403406400202667, 
0.0008854269981384277, -0.4653927683830261, 0.3712463544952157, 1791403406430218303, 
-0.3448420763015747, -0.18402987718582153, 0.35459237591849746, 1791403406461578980, 
0.10127139091491699, 0.3828447461128235, 0.35055331659740024, 1791403406493770614, 
0.19564074277877808, 0.26787614822387695, 0.4210118790450668, 1791403406520263317, 
-0.0388340950012207, -0.437039315700531, 0.36158578217162374, 1791403406550978088, 
-0.13488757610321045, -0.2710230350494385, 0.37788315029217856, 1791403406580975115, 
-0.1352117657661438, 0.3844614028930664, 0.3877159669824688, 1791403406611063551, 
0.18299466371536255, 0.24981653690338135, 0.3966666108218985, 1791403406640981857, 
0.010694622993469238, -0.3464384078979492, 0.3821700993348745, 1791403406671072005, 
0.0649796724319458, -0.3497154712677002, 0.3900686085376806, 1791403406701414618, 
-0.21254730224609375, 0.2567492723464966, 0.38664549399604914, 1791403406732715264, 
0.14611387252807617, 0.38064950704574585, 0.4211993619467627, 1791403406760954471, 
-0.025022685527801514, -0.1264815330505371, 0.3835264569663567, 1791403406790995262, 
0.19382447004318237, -0.38360100984573364, 0.4032340010141562, 1791403406820968675, 
-0.37857431173324585, 0.08522886037826538, 0.40126449568275796, 1791403406851008846, 
0.11638587713241577, 0.20064997673034668, 0.4125579500513684, 1791403406881065700, 
-0.18932729959487915, -0.05847388505935669, 0.38038492650956157, 1791403406911065019, 
0.3468649387359619, -0.29016995429992676, 0.36691605319998977, 1791403406941649096, 
-0.32131141424179077, 0.04831928014755249, 0.3596639890389213, 1791403406973599867, 
0.04161715507507324, 0.26887351274490356, 0.42965547247406816, 1791403407001044175, 
0.048651814460754395, 0.07443392276763916, 0.3914620747782823, 1791403407031114691, 
0.20868033170700073, -0.36699849367141724, 0.40261279889285667, 1791403407061090444, 
-0.2446502447128296, -0.07089060544967651, 0.4181503833098074, 1791403407090555677, 
0.1231236457824707, 0.2970544099807739, 0.42254401379975376, 1791403407120582491, 
-0.10236132144927979, 0.06540894508361816, 0.4185975264919167, 1791403407150711248, 
-0.019372403621673584, -0.2433995008468628, 0.37234922641037815, 1791403407182209861, 
-0.10168248414993286, -0.11092567443847656, 0.374227891164581, 1791403407213667232, 
0.08993220329284668, 0.20789557695388794, 0.4553510247135824, 1791403407240722909, 
0.2057761549949646, 0.11878877878189087, 0.4172363311522593, 1791403407270595687, 
-0.11576688289642334, -0.2984009385108948, 0.39620891560089655, 1791403407300601527, 
-0.2644006013870239, -0.10648477077484131, 0.39507409627611584, 1791403407330692795, 
0.11912107467651367, 0.19001758098602295, 0.4127930263545828, 1791403407360708114, 
0.2123226523399353, 0.1453351378440857, 0.406270879549138, 1791403407391006445, 
-0.019874095916748047, -0.3174370527267456, 0.3959585994281411, 1791403407420438210, 
-0.23304510116577148, -0.13013023138046265, 0.35412317038135915, 1791403407453770715, 
0.1057443618774414, 0.2568589448928833, 0.49026089699338726, 1791403407479866409, 
0.1352718472480774, 0.08335918188095093, 0.4191584399409929, 1791403407510857825, 
0.043552279472351074, -0.4678785800933838, 0.3985046571546404, 1791403407540916341, 
-0.18838536739349365, 0.07554930448532104, 0.4100177199815418, 1791403407570808448, 
0.02128058671951294, 0.5087881088256836, 0.43891940461072826, 1791403407600770580, 
-0.064006507396698, -0.07135546207427979, 0.41675858460799, 1791403407630866234, 
0.1093294620513916, -0.4658593535423279, 0.37587016259755507, 1791403407661475174, 
-0.11371928453445435, -0.0291823148727417, 0.3625749822184333, 1791403407694178493, 
-0.05881613492965698, 0.3760574460029602, 0.4718705868324349, 1791403407720874469, 
-0.00012367963790893555, 0.14492177963256836, 0.4006942308867552, 1791403407750919068, 
0.11068278551101685, -0.3189477324485779, 0.3887784141768073, 1791403407780935534, 
-0.13086146116256714, -0.0622066855430603, 0.40078899542306823, 1791403407810953389, 
0.021111905574798584, 0.1555156111717224, 0.422455957628383, 1791403407840959703, 
0.05434620380401611, -0.015571355819702148, 0.43121400774121255, 1791403407871046542, 
-0.12024140357971191, -0.19832199811935425, 0.39225893703427067, 1791403407901611050, 
-0.09755605459213257, 0.03047424554824829, 0.3814319769143932, 1791403407933700832, 
0.16458696126937866, 0.16779249906539917, 0.4814503744372583, 1791403407961136179, 
0.09579819440841675, -0.03268444538116455, 0.43219818000654975, 1791403407991044471, 
-0.06449413299560547, -0.30777454376220703, 0.4090248178604604, 1791403408021059404, 
-0.34115153551101685, 0.0838850736618042, 0.41695531593479046, 1791403408051078312, 
0.20005548000335693, 0.2509225606918335, 0.4427146074652112, 1791403408081131874, 
-0.08673381805419922, -0.09613639116287231, 0.4152814549906978, 1791403408111117871, 
0.004348933696746826, -0.33833742141723633, 0.371912411933057, 1791403408141894726, 
-0.11166077852249146, 0.13546037673950195, 0.38789113920692553, 1791403408173755795, 
0.13121354579925537, 0.416134774684906, 0.4764209744270379, 1791403408201341186, 
0.040266573429107666, -0.1148574948310852, 0.41596788619362796, 1791403408231203184, 
0.040146052837371826, -0.39468181133270264, 0.39750583159527964, 1791403408261232093, 
-0.2860012650489807, 0.033018410205841064, 0.4272870767173145, 1791403408291235543, 
0.06354308128356934, 0.38203173875808716, 0.4421202829536826, 1791403408321279760, 
0.08442264795303345, -0.04116940498352051, 0.4182644677555564, 1791403408351341844, 
-0.16149932146072388, -0.1360146403312683, 0.4091585763135186, 1791403408381621232, 
-0.08723413944244385, 0.3200336694717407, 0.4102633757465278, 1791403408414285417, 
0.022604942321777344, 0.08651494979858398, 0.5127510158826097, 1791403408441362704, 
0.12114936113357544, -0.37560731172561646, 0.42965889189545126, 1791403408471334680, 
-0.02925240993499756, -0.05847698450088501, 0.4155518858550656, 1791403408501341421, 
-0.0925743579864502, 0.1903253197669983, 0.43395461818085085, 1791403408531558582, 
0.05594658851623535, -0.03995227813720703, 0.4261071581593683, 1791403408561380809, 
0.1238742470741272, -0.23025774955749512, 0.40762548575687774, 1791403408591369415, 
-0.14838331937789917, 0.13629281520843506, 0.425922686272374, 1791403408621559824, 
-0.020707547664642334, 0.2894103527069092, 0.40595829814958284, 1791403408654241331, 
0.014977753162384033, -0.2280139923095703, 0.48317024147627374, 1791403408690446039, 
-0.19141411781311035, -0.19669502973556519, 0.40493438469322574, 1791403408721477034, 
-0.013966500759124756, 0.12540769577026367, 0.446417126839405, 1791403408751505863, 
0.20535212755203247, 0.1733449101448059, 0.44056119694517987, 1791403408782139902, 
0.006274878978729248, -0.3447690010070801, 0.39744233142601826, 1791403408813833839, 
-0.3346409201622009, -0.19644451141357422, 0.42791109013042117, 1791403408841568024, 
0.05229371786117554, 0.4482348561286926, 0.42461605498012117, 1791403408871535033, 
0.2921888828277588, 0.06439030170440674, 0.43964771922735274, 1791403408901577666, 
-0.009403347969055176, -0.5313756465911865, 0.4200346910375579, 1791403408931539444, 
-0.11702215671539307, -0.16838574409484863, 0.42232563524659866, 1791403408961596544, 
-0.0692368745803833, 0.3395969867706299, 0.4307230025865317, 1791403408991592161, 
0.0847318172454834, 0.08190655708312988, 0.41637589356917276, 1791403409021612982, 
0.0831877589225769, -0.31198132038116455, 0.39329664331986525, 1791403409053896296, 
-0.12589901685714722, -0.07978028059005737, 0.449207834718058, 1791403409083709091, 
-0.03295421600341797, 0.1826491355895996, 0.4825814178289132, 1791403409111659341, 
-0.018156111240386963, -0.049853622913360596, 0.4374250675296343, 1791403409141732191, 
0.17936944961547852, -0.28156280517578125, 0.4345175970147944, 1791403409171703349, 
-0.373604416847229, 0.10485285520553589, 0.4313280337522456, 1791403409201808706, 
0.10242372751235962, 0.1593705415725708, 0.41561227391385713, 1791403409232373864, 
-0.06209760904312134, -0.3230639100074768, 0.4207545159757096, 1791403409261892732, 
-0.04315918684005737, 0.02137172222137451, 0.38766488314081987, 1791403409294303404, 
0.09042155742645264, 0.28814446926116943, 0.47982241383145363, 1791403409321865893, 
0.023283541202545166, -0.10367196798324585, 0.44085219700290856, 1791403409351838011, 
0.08154511451721191, -0.39217162132263184, 0.43899903063168416, 1791403409381814873, 
-0.26532453298568726, 0.09565353393554688, 0.4531565462254447, 1791403409411820950, 
0.011309802532196045, 0.4041033387184143, 0.47296836896687766, 1791403409440838710, 
0.06997990608215332, -0.10392940044403076, 0.4291593469491552, 1791403409471901017, 
-0.09651654958724976, -0.26213014125823975, 0.4211674326940347, 1791403409501930669, 
-0.1350620985031128, 0.09767448902130127, 0.4145688740358169, 1791403409533961594, 
0.200455904006958, 0.17411482334136963, 0.4736032194940484, 1791403409563458633, 
0.11790603399276733, -0.2847248315811157, 0.4640899027790963, 1791403409592066828, 
-0.2830216884613037, -0.21578645706176758, 0.41739753845315253, 1791403409621977366, 
-0.14499366283416748, 0.31042808294296265, 0.4410925555356678, 1791403409651983327, 
0.06321245431900024, 0.1048438549041748, 0.4531562096926979, 1791403409682034250, 
-0.004889845848083496, -0.1939566731452942, 0.41846857999990167, 1791403409712019745, 
0.1383708119392395, -0.14264452457427979, 0.4381323403850047, 1791403409742251233, 
0.029057085514068604, 0.13669955730438232, 0.447130017005151, 1791403409773707977, 
-0.07659262418746948, -0.15008443593978882, 0.436625065617112, 1791403409805176503, 
0.003346085548400879, -0.19444936513900757, 0.4800343075450142, 1791403409832147594, 
-0.12273794412612915, 0.13477230072021484, 0.4602050198701214, 1791403409862099259, 
-0.026925265789031982, 0.16664588451385498, 0.46445738267361236, 1791403409892107395, 
-0.07843208312988281, -0.04973435401916504, 0.4368586139836534, 1791403409922127360, 
0.21625936031341553, -0.20251727104187012, 0.4464850015166871, 1791403409952154999, 
-0.25697624683380127, 0.16307544708251953, 0.4588396092885936, 1791403409982240377, 
0.26015979051589966, -0.03320986032485962, 0.4376041195391196, 1791403410013715038, 
-0.15985029935836792, -0.3075881004333496, 0.407126290695817, 1791403410045922254, 
-0.12184643745422363, 0.06149965524673462, 0.5159947648930243, 1791403410072376399, 
0.09233397245407104, 0.2419300079345703, 0.48139265322616165, 1791403410102323901, 
0.07361793518066406, -0.15719127655029297, 0.45738134144903536, 1791403410132259650, 
-0.19413799047470093, -0.19808954000473022, 0.4373905454349408, 1791403410162297688, 
-0.07913446426391602, 0.14650768041610718, 0.45881466552302885, 1791403410192292502, 
0.09957265853881836, 0.029716551303863525, 0.45831367709002974, 1791403410222330199, 
-0.014119446277618408, -0.21288520097732544, 0.40429292441122827, 1791403410254309273, 
-0.02458012104034424, -0.008466720581054688, 0.42548623050729645, 1791403410285733617, 
0.05411684513092041, 0.17832964658737183, 0.5318747885447938, 1791403410312383253, 
0.1926558017730713, -0.18627411127090454, 0.45838540224470153, 1791403410342369152, 
0.3134540319442749, -0.04157954454421997, 0.40096575885151453, 1791403410365669128, 
1.041406273841858, 0.3041146993637085, 0.6634020592185563, 1791403410402415684, 
-0.15766876935958862, 0.23554688692092896, 0.6527164098104714, 1791403410431472175, 
0.16749310493469238, -0.40878361463546753, 0.6312141699683225, 1791403410462480286, 
-0.28935641050338745, -0.2602956295013428, 0.6037484597434726, 1791403410493777648, 
0.09870153665542603, 0.12156790494918823, 0.5533515778600677, 1791403410525679833, 
-0.38676971197128296, 0.03148013353347778, 0.6026030057808336, 1791403410552595901, 
0.21673345565795898, -0.21341967582702637, 0.5233157156381022, 1791403410582503218, 
-0.10423743724822998, 0.06975853443145752, 0.5092658362492566, 1791403410612536359, 
0.2995515465736389, 0.14166146516799927, 0.514655908234608, 1791403410642540689, 
-0.3357658386230469, 0.1847267746925354, 0.5496882405955086, 1791403410672551472, 
0.06931453943252563, -0.2309439778327942, 0.5869746149354842, 1791403410702560421, 
0.03991365432739258, -0.21721088886260986, 0.5492466351816935, 1791403410733787152, 
-0.30803728103637695, 0.20182311534881592, 0.5186713681533588, 1791403410766302576, 
-0.06097513437271118, -0.0037859678268432617, 0.6182952105468015, 1791403410792684168, 
-0.04509282112121582, 0.2131953239440918, 0.5258476831180756, 1791403410822929879, 
0.07040446996688843, -0.10744208097457886, 0.5605768728971525, 1791403410852678463, 
0.11534625291824341, 0.04373425245285034, 0.6027932525070887, 1791403410882721118, 
0.13169199228286743, 0.07409131526947021, 0.5941742839877965, 1791403410913010133, 
0.30093997716903687, -0.0934252142906189, 0.6115661743088973, 1791403410941960066, 
-0.10315203666687012, -0.024236679077148438, 0.5296902967722982, 1791403410973779122, 
-0.13668864965438843, -0.060468852519989014, 0.5273064108833927, 1791403411005950689, 
-0.15253561735153198, 0.20668166875839233, 0.6270105517898285, 1791403411032823058, 
-0.19965887069702148, -0.12939244508743286, 0.5407768236991535, 1791403411062814456, 
0.09913647174835205, 0.0012760758399963379, 0.44293728679039324, 1791403411086643346, 
-0.12525582313537598, -0.04109162092208862, 0.6238909878416965, 1791403411112896289, 
0.19267338514328003, -0.04452639818191528, 0.5594735333899817, 1791403411142820458, 
-0.03354692459106445, 0.26040738821029663, 0.49975150374139493, 1791403411166090111, 
-0.22396641969680786, -0.13296324014663696, 0.6617737731703563, 1791403411192899920, 
-0.04253274202346802, -0.18017619848251343, 0.5735826392271357, 1791403411222849108, 
-0.5429131984710693, -0.09464782476425171, 0.5791893392689166, 1791403411252888792, 
0.3644205927848816, 0.026054739952087402, 0.5875509518631644, 1791403411282916089, 
-0.38655489683151245, 0.1759263277053833, 0.5936064370999349, 1791403411311942325, 
0.5397040843963623, 0.010173380374908447, 0.5352307745591449, 1791403411342982155, 
-0.15830641984939575, 0.19721609354019165, 0.5812997068695587, 1791403411372752863, 
0.19045519828796387, -0.20324242115020752, 0.5372675019006712, 1791403411405171079, 
-0.4231938123703003, 0.04749739170074463, 0.6250439317445916, 1791403411433088576, 
-0.12967580556869507, -0.05843013525009155, 0.593755830686691, 1791403411463004324, 
-0.16169047355651855, -0.10033506155014038, 0.5766430362137062, 1791403411493042352, 
-0.22674953937530518, 0.09423762559890747, 0.5932848539333725, 1791403411523019297, 
0.41823089122772217, 0.1452985405921936, 0.5957217633015423, 1791403411553059861, 
-0.18835359811782837, 0.1681513786315918, 0.6146619596503723, 1791403411583093144, 
0.005125820636749268, -0.02733713388442993, 0.591153426197939, 1791403411614023165, 
-0.2840611934661865, 0.27193939685821533, 0.565994098532552, 1791403411645744392, 
-0.12605589628219604, 0.0661008358001709, 0.6582594651328134, 1791403411673244647, 
-0.014030158519744873, -0.06293761730194092, 0.605653894300425, 1791403411703155651, 
-0.520082414150238, -0.14872419834136963, 0.5871429904105929, 1791403411733189279, 
0.3387882113456726, 0.14425021409988403, 0.5688815992588855, 1791403411763292900, 
-0.22256207466125488, -0.11910903453826904, 0.586210490668902, 1791403411793537814, 
0.18346714973449707, 0.1712172031402588, 0.5706282834837165, 1791403411823351481, 
-0.3972421884536743, 0.06417208909988403, 0.5765901816197795, 1791403411854333134, 
0.2798246741294861, 0.09307068586349487, 0.5903838552338732, 1791403411886005880, 
-0.24612998962402344, 0.26032084226608276, 0.6847064429948871, 1791403411913393209, 
0.20935118198394775, -0.30078524351119995, 0.6332522750511135, 1791403411943317754, 
-0.16124629974365234, -0.01278698444366455, 0.6020400116936717, 1791403411973326299, 
-0.2048768401145935, 0.14000743627548218, 0.5944702043774436, 1791403412003323207, 
0.056300222873687744, -0.019176185131072998, 0.5965710201639416, 1791403412033339718, 
-0.17269229888916016, 0.16475003957748413, 0.5854620362744202, 1791403412063379919, 
0.08177179098129272, -0.0013870000839233398, 0.5835516267531776, 1791403412094194805, 
-0.2684746980667114, 0.1218334436416626, 0.5831321819135731, 1791403412126380016, 
0.02368074655532837, 0.03241246938705444, 0.6889800182298612, 1791403412153421639, 
-0.17132562398910522, 0.19833749532699585, 0.6075123087944614, 1791403412182450794, 
-0.04946249723434448, -0.23371005058288574, 0.5662425049127069, 1791403412212465472, 
-0.12396663427352905, 0.12266826629638672, 0.564945347211869, 1791403412243484445, 
-0.04238814115524292, 0.0617600679397583, 0.610523983604939, 1791403412273476479, 
-0.19852226972579956, 0.0792304277420044, 0.606757358170796, 1791403412303550059, 
-0.023886680603027344, -0.02361994981765747, 0.605463564288673, 1791403412334189613, 
-0.07735323905944824, -0.10139644145965576, 0.5770476544485138, 1791403412366327314, 
-0.2810099124908447, -0.07200181484222412, 0.65015281868126, 1791403412393599455, 
0.25198012590408325, -0.0944681167602539, 0.5563938864173182, 1791403412423545273, 
-0.13855141401290894, 0.22422969341278076, 0.5518278083790896, 1791403412453564810, 
-0.12276685237884521, -0.03442782163619995, 0.5638772401290624, 1791403412483584469, 
0.07974839210510254, -0.056186139583587646, 0.550884699858968, 1791403412513619004, 
-0.3163655996322632, -0.0633389949798584, 0.5510864115941831, 1791403412543637790, 
0.20705944299697876, 0.08071613311767578, 0.5246286297641384, 1791403412573979529, 
-0.41548657417297363, 0.21589022874832153, 0.5092687085239063, 1791403412606119063, 
0.6359632611274719, -0.15920168161392212, 0.5679548949202817, 1791403412635775201, 
-0.4878390431404114, 0.2610214352607727, 0.5870721638635893, 1791403412663803010, 
0.126661479473114, -0.09550029039382935, 0.5551065197350438, 1791403412693741228, 
-0.2591288685798645, 0.14232468605041504, 0.5473318219431337, 1791403412723745036, 
0.02233123779296875, 0.00222170352935791, 0.5630189385411619, 1791403412753745199, 
-0.001081228256225586, -0.040640950202941895, 0.5551232964201298, 1791403412783798239, 
-0.28114211559295654, -0.008899688720703125, 0.5398227430430244, 1791403412814644617, 
-0.0015213489532470703, -0.11800718307495117, 0.4961578617147153, 1791403412847387932, 
-0.0821649432182312, 0.15829753875732422, 0.536496195631713, 1791403412875767794, 
-0.2306356430053711, -0.12632930278778076, 0.5198675463834119, 1791403412903833172, 
0.131747305393219, 0.022840142250061035, 0.4956038650185579, 1791403412933833516, 
-0.3043949007987976, 0.2736164927482605, 0.541418818320753, 1791403412963869359, 
0.13172078132629395, -0.09195035696029663, 0.550546724944295, 1791403412993880058, 
-0.24435871839523315, 0.11796140670776367, 0.5527031938484432, 1791403413023941602, 
-0.26467180252075195, -0.1032363772392273, 0.5525291566349332, 1791403413054010545, 
-0.2030848264694214, -0.07568496465682983, 0.4904941661942979, 1791403413086091657, 
-0.14609944820404053, 0.0819087028503418, 0.5239379912056679, 1791403413116135932, 
0.3601541519165039, -0.07277417182922363, 0.5326448503330479, 1791403413144049430, 
-0.3304266333580017, 0.18925565481185913, 0.48150225897919124, 1791403413173987821, 
0.20101940631866455, -0.03225642442703247, 0.5065566066554222, 1791403413204002067, 
-0.18491578102111816, -0.05802333354949951, 0.4836716056289683, 1791403413234025468, 
-0.009868264198303223, 0.2225431203842163, 0.5120480129935894, 1791403413263092985, 
-0.19486838579177856, 0.008488178253173828, 0.49880656714327243, 1791403413293038764, 
-0.19896632432937622, -0.04522264003753662, 0.4710481272937249, 1791403413325370725, 
-0.0955648422241211, -0.016870617866516113, 0.49915035447930844, 1791403413355947948, 
-0.14233320951461792, -0.17313909530639648, 0.5005935654907177, 1791403413394097677, 
-0.14771801233291626, 0.22591841220855713, 0.4787211693082101, 1791403413424138842, 
0.08345615863800049, 0.12002474069595337, 0.4620196765750498, 1791403413454645602, 
0.19444072246551514, -0.06016731262207031, 0.45438808834047095, 1791403413485834857, 
-0.35417550802230835, 0.0357966423034668, 0.4718107372806526, 1791403413517248754, 
0.13028943538665771, -0.3148816227912903, 0.5465726882574258, 1791403413544294798, 
-0.09101611375808716, 0.19717901945114136, 0.4928557776974981, 1791403413574247183, 
0.1779404878616333, -0.1133887767791748, 0.48797789098914535, 1791403413604303433, 
-0.20519930124282837, -0.09193593263626099, 0.4424747277301095, 1791403413634265682, 
-0.3031403422355652, 0.21397536993026733, 0.45432907986093063, 1791403413663438918, 
0.28090089559555054, -0.03858757019042969, 0.42212813015183737, 1791403413694365581, 
-0.329964280128479, 0.044439494609832764, 0.39301309174670573, 1791403413726426923, 
0.43143558502197266, -0.02868485450744629, 0.44411846253789894, 1791403413757749692, 
-0.2015511393547058, 0.013646066188812256, 0.5562770022267008, 1791403413784401906, 
0.1625480055809021, 0.16908878087997437, 0.502103114068824, 1791403413814334120, 
-0.38176649808883667, -0.003978312015533447, 0.4767277954938285, 1791403413844371765, 
0.12289893627166748, -0.2060108184814453, 0.47136317992351556, 1791403413874383065, 
-0.17843902111053467, 0.18862569332122803, 0.45734826463595174, 1791403413904428303, 
0.14239710569381714, -0.03044790029525757, 0.4667374328941934, 1791403413933469780, 
-0.035625159740448, -0.15163928270339966, 0.36350397713726523, 1791403413966555056, 
0.14382028579711914, 0.14649945497512817, 0.39310303218188586, 1791403413997760343, 
-0.17102766036987305, -0.0731622576713562, 0.4766162858385228, 1791403414024590343, 
-0.2451995611190796, -0.06559699773788452, 0.4363456359733893, 1791403414054496459, 
-0.05129706859588623, 0.2038390040397644, 0.38425071548773565, 1791403414078045616, 
-0.21985256671905518, 0.010959386825561523, 0.49336317224081866, 1791403414114532318, 
-0.031150460243225098, -0.21344411373138428, 0.4289506130964182, 1791403414144570154, 
0.028612792491912842, 0.208187997341156, 0.4580686824591644, 1791403414174578014, 
0.01636826992034912, -0.01640605926513672, 0.4259696270610856, 1791403414205999650, 
-0.11083835363388062, -0.040843963623046875, 0.3907373690326714, 1791403414238060661, 
-0.20843809843063354, 0.1609063744544983, 0.477090086894393, 1791403414264654832, 
0.1583436131477356, -0.04049515724182129, 0.42012231863912547, 1791403414294614945, 
0.0523378849029541, -0.0043027400970458984, 0.4003343393619081, 1791403414324666670, 
0.07976377010345459, 0.12048536539077759, 0.4126417853642098, 1791403414354769206, 
-0.04150128364562988, -0.1832539439201355, 0.4030006622963484, 1791403414384809856, 
-0.0001259446144104004, 0.03141981363296509, 0.40711267419810654, 1791403414414771030, 
-0.1561320424079895, 0.19310075044631958, 0.4050578524352772, 1791403414446147069, 
-0.18995308876037598, -0.019724607467651367, 0.3789022343109757, 1791403414478321953, 
-0.08573859930038452, 0.03719061613082886, 0.4718662300549126, 1791403414504792321, 
-0.0744280219078064, 0.13265419006347656, 0.44340137543068936, 1791403414534774709, 
-0.13196897506713867, 0.014431536197662354, 0.36437689576094745, 1791403414557809415, 
-0.18841880559921265, 0.05683368444442749, 0.4435232805960866, 1791403414594857473, 
0.02403581142425537, 0.11007457971572876, 0.44758375634787556, 1791403414624867775, 
0.07890307903289795, -0.05494225025177002, 0.43328533476310066, 1791403414654900153, 
0.012780249118804932, 0.049829840660095215, 0.3884419616094286, 1791403414685475558, 
-0.0061452388763427734, 0.059282660484313965, 0.3666045932051649, 1791403414717815253, 
0.00941920280456543, -0.2112368941307068, 0.4416039146937207, 1791403414744978659, 
0.029545128345489502, 0.0013321638107299805, 0.39669727380682446, 1791403414774921996, 
-0.13355529308319092, 0.31870120763778687, 0.3889465778062266, 1791403414804955463, 
0.09172999858856201, -0.14081937074661255, 0.3848735555655634, 1791403414834972196, 
-0.2288009524345398, -0.025928854942321777, 0.4069266521041611, 1791403414864985729, 
0.0790095329284668, 0.2137751579284668, 0.430458367993019, 1791403414895137006, 
0.07153719663619995, -0.0758398175239563, 0.403852138914957, 1791403414926379218, 
-0.06881523132324219, -0.08488845825195312, 0.3853539121137377, 1791403414957852386, 
-0.02203458547592163, 0.04578500986099243, 0.47144643828518085, 1791403414995042901, 
-0.26778852939605713, -0.06001746654510498, 0.42496713084242543, 1791403415025058291, 
0.11068522930145264, 0.1100085973739624, 0.40455854236863215, 1791403415055142736, 
-0.13855093717575073, 0.01480710506439209, 0.39316907632173703, 1791403415086369316, 
-0.13698655366897583, -0.16028016805648804, 0.3749743522455613, 1791403415118400532, 
0.09471827745437622, 0.0629228949546814, 0.43784343816438215, 1791403415145147024, 
-0.25223398208618164, 0.26090019941329956, 0.3985559211280797, 1791403415174229007, 
-0.006429910659790039, -0.13824093341827393, 0.39684824922257994, 1791403415205237499, 
-0.19752800464630127, 0.254824161529541, 0.42181707885497527, 1791403415235339739, 
0.09655612707138062, -0.014577269554138184, 0.40556441775172297, 1791403415265323418, 
-0.13546907901763916, -0.15840739011764526, 0.4009763290368216, 1791403415295251503, 
0.00048285722732543945, 0.1328544020652771, 0.4242631260866936, 1791403415325959517, 
-0.1203964352607727, 0.1041904091835022, 0.4056919175087502, 1791403415358294524, 
-0.04375380277633667, -0.24911099672317505, 0.41689003391781465, 1791403415395297996, 
-0.2886916399002075, 0.23321044445037842, 0.3822653545899158, 1791403415425255375, 
0.16186398267745972, 0.021008551120758057, 0.3891138355538993, 1791403415455385083, 
-0.002466440200805664, -0.1586204171180725, 0.37339872461087964, 1791403415486155001, 
-0.08957111835479736, 0.20709198713302612, 0.3702439296398125, 1791403415517834964, 
-0.029377639293670654, -0.05608689785003662, 0.44210930754804895, 1791403415545363079, 
-0.0792188048362732, -0.060868263244628906, 0.41970934002146965, 1791403415574428060, 
-0.042106032371520996, 0.2777090072631836, 0.39396418087894225, 1791403415605408197, 
-0.1874064803123474, 0.05416405200958252, 0.42068086080737016, 1791403415635511599, 
0.06920182704925537, -0.09760171175003052, 0.43430919566786724, 1791403415665505062, 
-0.07062065601348877, 0.1963423490524292, 0.41770156608715364, 1791403415695498542, 
-0.23566687107086182, -0.050897836685180664, 0.3949507377180434, 1791403415725922616, 
-0.029165327548980713, 0.029391944408416748, 0.35710745382101894, 1791403415758304545, 
0.1505916714668274, 0.22050213813781738, 0.4304515137949676, 1791403415785565770, 
-0.09741783142089844, -0.10745877027511597, 0.3857849767876162, 1791403415815676710, 
-0.024321794509887695, 0.009958386421203613, 0.39215863963976677, 1791403415845558943, 
-0.07413125038146973, 0.2615364193916321, 0.4130320027671398, 1791403415875593593, 
-0.07801008224487305, 0.005238533020019531, 0.39932312355912025, 1791403415905576896, 
-0.015930533409118652, -0.0980566143989563, 0.3891990598680417, 1791403415935646527, 
-0.10301631689071655, 0.19948184490203857, 0.4153534347158962, 1791403415965922967, 
-0.15674549341201782, -0.05340784788131714, 0.4007081215735645, 1791403415997877496, 
-0.2031843662261963, 0.030469179153442383, 0.43933347332722517, 1791403416025713247, 
-0.10967612266540527, 0.1643984317779541, 0.4093251715185265, 1791403416055784220, 
0.040574491024017334, -0.1690799593925476, 0.4011646469633584, 1791403416086520520, 
0.09013664722442627, 0.04775500297546387, 0.4162681822354439, 1791403416115450089, 
-0.04731088876724243, 0.11997663974761963, 0.4064346400602258, 1791403416145699171, 
0.05706655979156494, -0.0891985297203064, 0.4090971786955906, 1791403416175461871, 
-0.013163149356842041, 0.06668215990066528, 0.375298587536113, 1791403416206572542, 
-0.1237381100654602, 0.030695617198944092, 0.37838474905108244, 1791403416237980230, 
-0.08808261156082153, -0.04113435745239258, 0.4265175845131125, 1791403416265803608, 
-0.09023106098175049, 0.15777206420898438, 0.3917905732477526, 1791403416296515208, 
-0.005559742450714111, 0.055971622467041016, 0.4073234841031837, 1791403416326513944, 
0.12123310565948486, -0.10762226581573486, 0.4011014239747661, 1791403416356512137, 
-0.1100393533706665, 0.0845986008644104, 0.4351454542687935, 1791403416385435376, 
0.1207890510559082, 0.0031151771545410156, 0.40713838793972357, 1791403416416519313, 
-0.08669251203536987, 0.06075054407119751, 0.4052835858754563, 1791403416446502324, 
0.12519454956054688, 0.12923192977905273, 0.3927957175806546, 1791403416478318580, 
-0.18360525369644165, 0.02000904083251953, 0.4062166781503256, 1791403416508114479, 
-0.25526362657546997, 0.09621119499206543, 0.4317531182542339, 1791403416545472089, 
-0.08195304870605469, 0.03872537612915039, 0.40641062837879455, 1791403416576543431, 
0.15170741081237793, -0.08347982168197632, 0.37861957784066114, 1791403416606635013, 
-0.2161707878112793, 0.16295742988586426, 0.37234642653860955, 1791403416637892407, 
0.010551750659942627, 0.10197967290878296, 0.4384608020102155, 1791403416668004730, 
0.2634925842285156, -0.20060408115386963, 0.43964599793835135, 1791403416696551481, 
-0.09378737211227417, 0.10164773464202881, 0.40168834432412964, 1791403416726513350, 
0.0100821852684021, 0.2867710590362549, 0.39062065373631427, 1791403416748089246, 
0.1718495488166809, 0.07229804992675781, 0.42355400811895655, 1791403416776734397, 
-0.15922540426254272, -0.06625938415527344, 0.3968810819679354, 1791403416806584063, 
0.017210841178894043, 0.12561815977096558, 0.4122473607056661, 1791403416836595248, 
-0.014371097087860107, -0.03821033239364624, 0.406108271341843, 1791403416866693084, 
0.02739506959915161, 0.200927734375, 0.3756755928186808, 1791403416896645997, 
-0.09769904613494873, -0.0947723388671875, 0.38286135953680245, 1791403416926934197, 
0.3030286431312561, -0.17027628421783447, 0.38946736626954487, 1791403416958007742, 
-0.45282596349716187, 0.34715116024017334, 0.4218125720827304, 1791403416987726086, 
0.13713455200195312, -0.04212510585784912, 0.4304931030778177, 1791403417016602178, 
0.09983015060424805, -0.22433727979660034, 0.4039326506570785, 1791403417046631537, 
-0.21832239627838135, 0.3160880208015442, 0.4052747302043577, 1791403417076573499, 
-0.06641262769699097, -0.011407911777496338, 0.40484471569018393, 1791403417106623446, 
-0.12582319974899292, -0.05311518907546997, 0.3814572511719178, 1791403417136635177, 
0.11750823259353638, 0.19810837507247925, 0.3654490110349528, 1791403417166742467, 
-0.08933717012405396, -0.0934482216835022, 0.3684762667698297, 1791403417198027405, 
0.03641551733016968, 0.11298584938049316, 0.3817041033858233, 1791403417229098432, 
-0.22984570264816284, 0.22620725631713867, 0.4357598661749007, 1791403417256788591, 
0.34974032640457153, -0.1268731951713562, 0.4253640025441841, 1791403417286589501, 
-0.009488821029663086, 0.12763524055480957, 0.40833715079004057, 1791403417316596484, 
0.012063443660736084, 0.09579145908355713, 0.3888484310810892, 1791403417346632545, 
-0.17706739902496338, -0.15510255098342896, 0.39914016446479167, 1791403417376734708, 
-0.2977501153945923, 0.32625311613082886, 0.40149306930664863, 1791403417406673569, 
-0.051602840423583984, -0.016555488109588623, 0.37570835550985415, 1791403417438014358, 
0.008199214935302734, -0.23100882768630981, 0.36357900061925846, 1791403417469520159, 
0.20293539762496948, 0.2867787480354309, 0.44033162485706234, 1791403417496871221, 
-0.22711181640625, 0.07219845056533813, 0.41544779365464696, 1791403417526674762, 
0.20739781856536865, -0.20572620630264282, 0.41288301257488097, 1791403417556793374, 
-0.018352389335632324, 0.2389301061630249, 0.4169535356378837, 1791403417586683851, 
-0.09960722923278809, 0.1518687605857849, 0.40473500323663186, 1791403417616754427, 
-0.08760958909988403, -0.08730411529541016, 0.3852574196259511, 1791403417646880458, 
-0.11687862873077393, -0.0029917359352111816, 0.37924946493134454, 1791403417678548309, 
-0.1609373688697815, 0.0959775447845459, 0.37971606301178873, 1791403417709888264, 
0.07383197546005249, 0.20226067304611206, 0.4276875520692779, 1791403417736950579, 
0.011891067028045654, -0.07385766506195068, 0.38764271399183386, 1791403417766974929, 
-0.03800863027572632, -0.15990406274795532, 0.39962400514162405, 1791403417796947890, 
0.12278622388839722, 0.3032393455505371, 0.4146068374521697, 1791403417826949624, 
0.044276297092437744, 0.025818943977355957, 0.4063153355338646, 1791403417856932614, 
0.02459275722503662, -0.09421151876449585, 0.39674593775686484, 1791403417886910393, 
0.04120159149169922, 0.23264235258102417, 0.3915212101979538, 1791403417918014418, 
-0.18525320291519165, 0.015062451362609863, 0.3698089123860597, 1791403417950261987, 
-0.07603120803833008, 0.04680150747299194, 0.4426423870981476, 1791403417976922774, 
-0.12995564937591553, 0.011674642562866211, 0.4011897311350443, 1791403418007050881, 
0.14308369159698486, -0.057293474674224854, 0.3966698314520843, 1791403418036908832, 
-0.04144495725631714, -0.0547100305557251, 0.385563591319837, 1791403418066907502, 
-0.370872437953949, 0.35763347148895264, 0.3686630977684549, 1791403418096845833, 
0.23712366819381714, 0.02061903476715088, 0.39018804742053503, 1791403418126975151, 
0.7690883874893188, -0.12005734443664551, 0.4358675079451727, 1791403418158356803, 
-0.22867536544799805, 0.37454813718795776, 0.3991749117623413, 1791403418190564657, 
-0.9069935083389282, 0.08795779943466187, 0.4984955157968083, 1791403418216984745, 
0.2572017312049866, -0.14559721946716309, 0.45782336771470195, 1791403418246918791, 
-0.5382850170135498, -0.16521310806274414, 0.41076252800431384, 1791403418276920974, 
-0.1799534559249878, 0.052763521671295166, 0.3785244622250731, 1791403418306967856, 
-0.11772650480270386, 0.16339612007141113, 0.37076008494517876, 1791403418336936107, 
0.7740679979324341, -0.05391037464141846, 0.352614172039774, 1791403418367014903, 
0.034473419189453125, -0.012348055839538574, 0.36725332980259273, 1791403418398097637, 
-0.04998999834060669, 0.10709172487258911, 0.37295374684140575, 1791403418430278840, 
-0.32855522632598877, -0.013874292373657227, 0.4740916063801707, 1791403418457092679, 
0.13723713159561157, 0.1613587737083435, 0.4376785006130383, 1791403418487052436, 
-0.268480122089386, 0.043145835399627686, 0.4365538378705116, 1791403418517041043, 
0.28368282318115234, -0.1084790825843811, 0.4226823118564547, 1791403418547058634, 
-0.052145957946777344, 0.13828229904174805, 0.40551875101474216, 1791403418577058027, 
-0.010400116443634033, -0.053002238273620605, 0.39685830653357074, 1791403418607244180, 
0.0801396369934082, 0.25413602590560913, 0.3708665680847009, 1791403418638544733, 
-0.23042327165603638, 0.0941879153251648, 0.3600275991417724, 1791403418670312727, 
0.2958424687385559, -0.16920393705368042, 0.44964597541370255, 1791403418697254495, 
-0.2134476900100708, 0.38490545749664307, 0.4163716053683875, 1791403418727212524, 
-0.0864555835723877, -0.17334312200546265, 0.4293649814284593, 1791403418757208153, 
-0.08779102563858032, -0.16266381740570068, 0.4149455956857913, 1791403418787255223, 
0.051924705505371094, 0.23012912273406982, 0.3677732876534394, 1791403418817237054, 
0.22364598512649536, -0.10123181343078613, 0.3758221514342156, 1791403418847297272, 
-0.07210898399353027, 0.2084013819694519, 0.383185512478614, 1791403418878004600, 
0.13311225175857544, -0.01860499382019043, 0.37431270265333144, 1791403418910318023, 
0.012608349323272705, -0.14157956838607788, 0.4378748945499695, 1791403418937335917, 
-0.0230940580368042, 0.31656622886657715, 0.39542217529296353, 1791403418967335696, 
-0.08040952682495117, 0.049552977085113525, 0.41959345149990496, 1791403418997294225, 
-0.1499595046043396, -0.10309290885925293, 0.4244597584036361, 1791403419026345020, 
0.11133092641830444, 0.20349138975143433, 0.3963347435123344, 1791403419057346886, 
0.0510098934173584, -0.0977025032043457, 0.3941341152899003, 1791403419087420283, 
0.26539504528045654, -0.06835216283798218, 0.36678840504682103, 1791403419118064372, 
-0.15762829780578613, 0.26715368032455444, 0.35191594096272644, 1791403419151253813, 
0.07712888717651367, -0.02596038579940796, 0.4451560456613667, 1791403419177507353, 
-0.16766208410263062, 0.2770775556564331, 0.39750943165006164, 1791403419207522502, 
0.16949594020843506, -0.14891952276229858, 0.4215242036670841, 1791403419237480607, 
0.12447768449783325, -0.03814631700515747, 0.3934396807676897, 1791403419267533687, 
-0.10502427816390991, 0.1452239751815796, 0.42022086505238887, 1791403419297509493, 
0.03186005353927612, -0.04853415489196777, 0.41775069925465896, 1791403419327573523, 
-0.031217336654663086, 0.16587644815444946, 0.38920407394091855, 1791403419358036275, 
0.21682631969451904, 0.008689701557159424, 0.3718196241520941, 1791403419390577165, 
-0.08250224590301514, -0.03350120782852173, 0.44211746063006613, 1791403419417593709, 
0.07384896278381348, 0.13235074281692505, 0.4207324514467908, 1791403419447621328, 
-0.1305355429649353, 0.010888636112213135, 0.41308474413351903, 1791403419477652752, 
0.07547283172607422, -0.0649985671043396, 0.410451191685399, 1791403419507748302, 
-0.1368083357810974, -0.03649419546127319, 0.41897242122263884, 1791403419537656132, 
0.22845196723937988, 0.030628502368927002, 0.39054865516780235, 1791403419567729494, 
-0.07759755849838257, 0.2569301724433899, 0.3782309445132112, 1791403419598471929, 
-0.21179109811782837, 0.04352360963821411, 0.3742580396070369, 1791403419630082961, 
0.08790361881256104, -0.2594969868659973, 0.4459947652494843, 1791403419657764897, 
-0.1864946484565735, 0.22034800052642822, 0.40791701550607967, 1791403419687787893, 
0.036733269691467285, 0.16136515140533447, 0.41422824209451475, 1791403419717760997, 
-0.0007542967796325684, 0.05609130859375, 0.39175736020054786, 1791403419747792292, 
-0.17693865299224854, -0.12008029222488403, 0.40362344752103524, 1791403419777787928, 
0.3953419327735901, -0.09667003154754639, 0.40523955503233344, 1791403419807810598, 
-0.2090504765510559, 0.3656529188156128, 0.37711786526199503, 1791403419838419392, 
0.08711981773376465, -0.034587085247039795, 0.3877881614435648, 1791403419870081462, 
-0.2245427966117859, -0.07265198230743408, 0.4148030745609161, 1791403419897857907, 
0.09348374605178833, 0.16916441917419434, 0.405222185416677, 1791403419927893098, 
-0.10874491930007935, -0.0807763934135437, 0.4178497811025576, 1791403419957873231, 
0.21778088808059692, -0.06907254457473755, 0.40820939120408933, 1791403419987952312, 
-0.10787332057952881, 0.1058664321899414, 0.41396546879616913, 1791403420017916977, 
0.2391883134841919, -0.03964078426361084, 0.3835464459621423, 1791403420047985734, 
-0.20263344049453735, 0.2675560712814331, 0.37742965897596176, 1791403420078089513, 
-0.3018801212310791, -0.17692935466766357, 0.3737036702024945, 1791403420110785059, 
0.299333393573761, -0.12211024761199951, 0.466121234423292, 1791403420137982805, 
-0.29031985998153687, 0.3445720672607422, 0.40124138235566875, 1791403420168034028, 
0.4987436532974243, -0.19059205055236816, 0.39538516185165407, 1791403420197982974, 
0.012541532516479492, -0.08085620403289795, 0.40853704141591013, 1791403420228034774, 
-0.12199974060058594, 0.055580079555511475, 0.4047717843472382, 1791403420257999898, 
-0.01679515838623047, 0.0036047697067260742, 0.4147454420547964, 1791403420288075420, 
-0.005775570869445801, 0.28820663690567017, 0.415323219318347, 1791403420318162142, 
-0.021033287048339844, -0.06753039360046387, 0.38418820114156316, 1791403420350093488, 
-0.11883318424224854, 0.091633141040802, 0.3824421468887317, 1791403420380251467, 
-0.02404242753982544, -0.15322452783584595, 0.40805474585747903, 1791403420418181860, 
-0.006070256233215332, 0.09768843650817871, 0.37930082529681464, 1791403420448193440, 
0.24384433031082153, 0.14011967182159424, 0.40214390414296447, 1791403420478420648, 
-0.259333074092865, -0.05695021152496338, 0.38768079218267965, 1791403420510499473, 
0.282573938369751, 0.1298428773880005, 0.4243201617978313, 1791403420540376666, 
-0.3562968969345093, 0.05922079086303711, 0.45918406290815666, 1791403420568236941, 
0.33288562297821045, -0.22923779487609863, 0.42934182374553764, 1791403420598248626, 
-0.31592971086502075, 0.00856250524520874, 0.4109592017410658, 1791403420628278999, 
0.1979309320449829, -0.15855270624160767, 0.3880449772240185, 1791403420658289056, 
-0.13148170709609985, 0.23502826690673828, 0.3444231423601639, 1791403420688291203, 
0.02752399444580078, 0.020907998085021973, 0.35034822926777837, 1791403420718366378, 
-0.017994999885559082, -0.04215359687805176, 0.36078578324515903, 1791403420750538119, 
-0.06453043222427368, 0.2168349027633667, 0.4037814903597423, 1791403420780890229, 
0.0875667929649353, -0.028883039951324463, 0.4526819810248156, 1791403420808377804, 
-0.25708597898483276, -0.09007894992828369, 0.39344081129047687, 1791403420838379495, 
0.23861229419708252, -0.17602276802062988, 0.40331160857814347, 1791403420868425438, 
-0.1451423168182373, 0.2094656229019165, 0.3958992638698377, 1791403420897430956, 
0.19296419620513916, 0.25120073556900024, 0.39520421361597224, 1791403420927461514, 
-0.20266419649124146, -0.12023061513900757, 0.3942451016975485, 1791403420958507021, 
0.12212198972702026, -0.03898352384567261, 0.3949078147630432, 1791403420989339051, 
-0.10673028230667114, 0.015650391578674316, 0.39081649813147407, 1791403421021242523, 
0.30730199813842773, -0.11663693189620972, 0.46288372600755545, 1791403421048548030, 
0.042630791664123535, 0.07643413543701172, 0.4299801223447664, 1791403421078512486, 
-0.1894018054008484, -0.041082799434661865, 0.39348670098302546, 1791403421108536943, 
-0.01911693811416626, 0.04882138967514038, 0.3828471764735122, 1791403421138534888, 
-0.10844123363494873, 0.07319319248199463, 0.39790712148322327, 1791403421168678929, 
0.2045878767967224, -0.05774736404418945, 0.4109425639974786, 1791403421198853259, 
-0.17039501667022705, 0.14827722311019897, 0.3980580155200223, 1791403421230371671, 
0.28757286071777344, -0.0197715163230896, 0.4133886401584106, 1791403421261412602, 
-0.43033796548843384, 0.1143045425415039, 0.4322476151974226, 1791403421288711904, 
0.19179439544677734, 0.023278772830963135, 0.4066596983161956, 1791403421318681594, 
-0.19708490371704102, -0.015704035758972168, 0.40289097980141036, 1791403421348691696, 
0.08293730020523071, 0.1372721791267395, 0.4030079508736941, 1791403421378734213, 
-0.24709391593933105, -0.13260698318481445, 0.39051251212381377, 1791403421408753379, 
0.11905795335769653, -0.053176820278167725, 0.39463626402467933, 1791403421438759940, 
-0.12355226278305054, -0.053160250186920166, 0.38239877493267105, 1791403421470181839, 
0.41502517461776733, 0.04687148332595825, 0.36038944202089357, 1791403421502153418, 
-0.2135501503944397, 0.39262473583221436, 0.43486468148117713, 1791403421528866285, 
0.349176287651062, -0.13323068618774414, 0.3915778172925897, 1791403421558819506, 
-0.13464534282684326, -0.08072066307067871, 0.38127423471254634, 1791403421588800383, 
-0.15997463464736938, -0.14784026145935059, 0.4009380598955906, 1791403421618824527, 
-0.10181427001953125, -0.04714775085449219, 0.4217003236549239, 1791403421648851342, 
-0.01086968183517456, 0.24375253915786743, 0.41791977784973217, 1791403421678941581, 
0.1658899188041687, -0.10653853416442871, 0.35689259479607616, 1791403421710608860, 
0.02784508466720581, 0.008351743221282959, 0.3707948432205058, 1791403421741452942, 
0.04856234788894653, 0.10493814945220947, 0.44517623484729807, 1791403421769008631, 
-0.1745029091835022, -0.11098498106002808, 0.41974357826618824, 1791403421798954468, 
0.031120657920837402, 0.11513662338256836, 0.4417470904808951, 1791403421828966163, 
-0.08616721630096436, -0.12130576372146606, 0.42085280533041036, 1791403421859008995, 
0.33683162927627563, -0.03897351026535034, 0.38409706446551023, 1791403421889020276, 
0.029820919036865234, 0.08403843641281128, 0.3738959273213466, 1791403421919022695, 
0.13493305444717407, -0.12169498205184937, 0.37973112808168114, 1791403421950205903, 
-0.11513704061508179, 0.2877945303916931, 0.38178995069152893, 1791403421982181283, 
0.14489924907684326, -0.23035669326782227, 0.46213412472923354, 1791403422009128455, 
-0.12884098291397095, 0.0016080141067504883, 0.4092108556578182, 1791403422039147367, 
0.14410901069641113, -0.03003770112991333, 0.4019418880215999, 1791403422069134300, 
-0.2197752594947815, -0.06333667039871216, 0.3887754942155276, 1791403422099108054, 
-0.10799849033355713, 0.041362881660461426, 0.3832401125746206, 1791403422129135067, 
-0.040117621421813965, -0.1737571358680725, 0.38601302588167324, 1791403422159201517, 
0.06815141439437866, 0.17981702089309692, 0.3830980801165157, 1791403422190735003, 
-0.03971678018569946, -0.10564655065536499, 0.38310762314194097, 1791403422222806552, 
0.23612332344055176, 0.028623878955841064, 0.45084265879824237, 1791403422249294793, 
-0.1076250672340393, -0.002938389778137207, 0.39235243422763144, 1791403422279228383, 
0.027684390544891357, 0.024576783180236816, 0.37931066526383816, 1791403422309208557, 
-0.032648563385009766, 0.21522873640060425, 0.39341367719970716, 1791403422339333759, 
-0.337688684463501, -0.14463603496551514, 0.4137006070984042, 1791403422369279331, 
0.16842615604400635, -0.0697484016418457, 0.40120089039375934, 1791403422399273982, 
-0.1132848858833313, -0.004347264766693115, 0.37721535312859755, 1791403422430222085, 
0.491615355014801, 0.0207672119140625, 0.3490525398387733, 1791403422462298861, 
-0.41133105754852295, 0.3139525055885315, 0.4350188140869299, 1791403422489357540, 
0.12513482570648193, -0.19100803136825562, 0.42141516303592613, 1791403422519338703, 
-0.21337515115737915, -0.08447009325027466, 0.41812532377951994, 1791403422549368217, 
0.37475693225860596, -0.042677223682403564, 0.4208176755202107, 1791403422579383786, 
0.023666083812713623, 0.045530855655670166, 0.3819066989000903, 1791403422609410316, 
0.08408260345458984, 0.11580592393875122, 0.4106223297074121, 1791403422638520527, 
-0.28895705938339233, -0.06280255317687988, 0.3736239829866853, 1791403422670666395, 
0.29949212074279785, -0.020260334014892578, 0.40144627963662066, 1791403422702287037, 
-0.31213289499282837, 0.10134994983673096, 0.4650400620776065, 1791403422729579437, 
0.5167959928512573, -0.1514066457748413, 0.4189363902851374, 1791403422759571608, 
-0.30179399251937866, 0.09090793132781982, 0.40217174115020154, 1791403422789567355, 
0.28434914350509644, -0.11897581815719604, 0.4021604510306401, 1791403422819540712, 
-0.3108906149864197, 0.21012252569198608, 0.4163339942435724, 1791403422848606585, 
0.15675616264343262, -0.11105906963348389, 0.39837987789507445, 1791403422879678983, 
-0.23316115140914917, 0.14686357975006104, 0.387640405437885, 1791403422909469163, 
0.16102313995361328, -0.18193262815475464, 0.3734251570128289, 1791403422942217758, 
0.09082174301147461, -0.10895669460296631, 0.4322268331753726, 1791403422969669047, 
-0.16745507717132568, 0.2779123783111572, 0.40317239759199386, 1791403422999650223, 
0.16841542720794678, -0.06947404146194458, 0.4179601690561196, 1791403423029674822, 
-0.2953728437423706, 0.15846580266952515, 0.3946969309117449, 1791403423059700900, 
0.25806695222854614, -0.27820122241973877, 0.410140985997933, 1791403423089740243, 
-0.055365800857543945, -0.06502330303192139, 0.4008242983565346, 1791403423119719823, 
0.08990144729614258, 0.14095938205718994, 0.3733916418378689, 1791403423150548914, 
-0.09478986263275146, -0.12280809879302979, 0.345553200401564, 1791403423182734833, 
-0.29474955797195435, 0.24925953149795532, 0.43828217943246933, 1791403423209837203, 
-0.08844894170761108, -0.11600631475448608, 0.4054251927691136, 1791403423239788973, 
0.028870999813079834, -0.05300748348236084, 0.4092909794590963, 1791403423269786706, 
-0.0638318657875061, -0.16387182474136353, 0.41561311125850614, 1791403423299787951, 
0.010522603988647461, -0.02945578098297119, 0.37307624726126093, 1791403423329799002, 
0.11192470788955688, 0.23491621017456055, 0.3603360403438234, 1791403423359823560, 
-0.03598487377166748, -0.011947333812713623, 0.3928987177195004, 1791403423390274480, 
-0.009702861309051514, 0.09168440103530884, 0.39951831761646167, 1791403423422476089, 
-0.046482741832733154, 0.016167044639587402, 0.461286664854381, 1791403423450146953, 
0.22586143016815186, -0.17557483911514282, 0.42884319796460846, 1791403423479939730, 
-0.09776347875595093, 0.05010706186294556, 0.40154096453858645, 1791403423509945167, 
0.07867002487182617, -0.1073983907699585, 0.40158381959705064, 1791403423539975686, 
-0.2511941194534302, 0.3213499188423157, 0.40518652604803646, 1791403423570130721, 
0.0782315731048584, -0.12220442295074463, 0.4075850239012433, 1791403423599991729, 
0.20611196756362915, -0.04957658052444458, 0.3864248418323621, 1791403423630922405, 
-0.04845845699310303, -0.12256592512130737, 0.3862512185898958, 1791403423662362220, 
0.4039667844772339, -0.03652292490005493, 0.41820718914233695, 1791403423690092570, 
-0.6718053817749023, 0.2889867424964905, 0.4083171755537176, 1791403423720068247, 
0.3775082230567932, 0.11766165494918823, 0.4126991279955746, 1791403423750113966, 
-0.207533597946167, 0.17415183782577515, 0.4215279167407775, 1791403423780110951, 
-0.009918153285980225, -0.19901823997497559, 0.4286654953818306, 1791403423810081803, 
0.09605330228805542, -0.021364152431488037, 0.38352860873491473, 1791403423840079209, 
-0.366318941116333, 0.030814826488494873, 0.35716140743845853, 1791403423870538581, 
-0.010355949401855469, -0.01942819356918335, 0.34059860503932865, 1791403423902349226, 
-0.04708963632583618, 0.04950827360153198, 0.43074670424070344, 1791403423930246638, 
0.2647858262062073, -0.06176513433456421, 0.4197722727337027, 1791403423960214833, 
-0.0978512167930603, 0.1139264702796936, 0.42072176181887877, 1791403423990206555, 
0.19673049449920654, -0.14063268899917603, 0.39919773701731015, 1791403424020252806, 
0.03350555896759033, 0.07654023170471191, 0.3709885113459269, 1791403424050218483, 
-0.30777519941329956, -0.10972028970718384, 0.3978389627530739, 1791403424080246647, 
0.24415171146392822, 0.0007315278053283691, 0.3880825259702059, 1791403424111072890, 
-0.44002383947372437, -0.011670708656311035, 0.39298174747508374, 1791403424142731856, 
0.340082585811615, -0.0899781584739685, 0.44449067947691145, 1791403424170352454, 
-0.10375809669494629, 0.21613043546676636, 0.40059662984545347, 1791403424200282777, 
-0.01831960678100586, 0.06749868392944336, 0.41634247239427, 1791403424230345731, 
0.06817018985748291, 0.027114391326904297, 0.41480058626883054, 1791403424260346521, 
-0.46888697147369385, -0.13620245456695557, 0.42045510801109515, 1791403424290383955, 
0.6403139233589172, -0.14757061004638672, 0.41083949777666784, 1791403424320377305, 
-0.27037549018859863, 0.1537107229232788, 0.40636512394139046, 1791403424349464760, 
0.21293896436691284, 0.04040032625198364, 0.34715868390475807, 1791403424382558058, 
-0.27554112672805786, 0.24959099292755127, 0.4316070093893877, 1791403424410522271, 
-0.003931105136871338, -0.11893564462661743, 0.4498787652670919, 1791403424439444746, 
0.037197649478912354, -0.05628544092178345, 0.4229608919745228, 1791403424469464528, 
-0.1490914225578308, -0.2602243423461914, 0.42219473809603963, 1791403424499465491, 
0.1392226219177246, 0.035317063331604004, 0.3658276223986209, 1791403424530538171, 
-0.3474379777908325, 0.3573436737060547, 0.38189377158089544, 1791403424560567166, 
0.36407607793807983, -0.03957998752593994, 0.38714453594728765, 1791403424590753360, 
-0.17108261585235596, -0.14964306354522705, 0.38568727755989984, 1791403424622363515, 
-0.05247688293457031, -0.2096295952796936, 0.4433505836737049, 1791403424650739447, 
0.05622422695159912, 0.2904898524284363, 0.41532828436809294, 1791403424680634330, 
-0.16169697046279907, 0.08628487586975098, 0.4036989467098709, 1791403424710583742, 
-0.03563034534454346, -0.06852716207504272, 0.3966051833219791, 1791403424739624149, 
-0.0853680968284607, -0.270216703414917, 0.3751915466312555, 1791403424770643204, 
-0.06892663240432739, -0.08005446195602417, 0.40885225310055084, 1791403424799670568, 
0.09165215492248535, 0.28382378816604614, 0.38771137952823514, 1791403424830720756, 
0.004545807838439941, 0.1855027675628662, 0.36675931164452436, 1791403424862527056, 
0.08644181489944458, 0.08156204223632812, 0.3966582811806286, 1791403424892794983, 
-0.20019680261611938, -0.12707573175430298, 0.4448470897843254, 1791403424920705244, 
-0.1308358907699585, -0.025908470153808594, 0.4263744026185758, 1791403424950736473, 
0.08331263065338135, -0.11598491668701172, 0.41213213451268443, 1791403424980875448, 
-0.12933814525604248, 0.28463494777679443, 0.36804920366334937, 1791403425010732563, 
0.12297683954238892, 0.024491429328918457, 0.3867922981715257, 1791403425040765326, 
-0.002364814281463623, -0.09425234794616699, 0.39567989068409526, 1791403425070824686, 
-0.21185559034347534, 0.12048286199569702, 0.38318502567543977, 1791403425103004096, 
0.21575897932052612, -0.014074981212615967, 0.4207893954259955, 1791403425132486944, 
-0.23556965589523315, 0.081551194190979, 0.4093085425676774, 1791403425160898336, 
-0.2500503659248352, -0.1220744252204895, 0.39689686668210283, 1791403425190882889, 
0.24358117580413818, -0.009450793266296387, 0.40103139568926793, 1791403425220912667, 
-0.5945295095443726, -0.0811302661895752, 0.4132873833873532, 1791403425250924945, 
0.5573614239692688, 0.06590002775192261, 0.4127554360306887, 1791403425280953634, 
-0.1827961802482605, 0.10632842779159546, 0.41995811706499503, 1791403425311100798, 
0.2866649627685547, 0.11490082740783691, 0.36742850231957763, 1791403425342384997, 
-0.059494972229003906, 0.01651477813720703, 0.3510583285151994, 1791403425373869933, 
-0.3887220621109009, -0.17244726419448853, 0.4256872709301726, 1791403425400983666, 
0.33243197202682495, -0.00587230920791626, 0.41053716073773133, 1791403425431058749, 
-0.25858527421951294, 0.007118165493011475, 0.41635270297793786, 1791403425461069946, 
-0.12680691480636597, 0.2290116548538208, 0.36997378703652567, 1791403425491119758, 
-0.34608107805252075, -0.27441132068634033, 0.39218680996209804, 1791403425521023639, 
-0.05308717489242554, -0.14434003829956055, 0.41723554283187575, 1791403425551011361, 
-0.4402732253074646, 0.08681386709213257, 0.4199863140929371, 1791403425582360625, 
0.8189764618873596, 0.10684466361999512, 0.3871750852123659, 1791403425614154952, 
-0.4245905876159668, 0.18418240547180176, 0.4217734832063797, 1791403425641319674, 
-0.10087651014328003, -0.05363970994949341, 0.3904464477726247, 1791403425671138423, 
-0.06605833768844604, 0.028040170669555664, 0.40348576441525924, 1791403425701224278, 
-0.12729918956756592, -0.131222665309906, 0.4362084325292671, 1791403425731196883, 
0.2964257001876831, 0.02483159303665161, 0.3976840149249602, 1791403425761936892, 
-0.3177047371864319, 0.08986711502075195, 0.418338485966987, 1791403425791230675, 
0.5012720823287964, 0.06797689199447632, 0.39446550437487804, 1791403425822410108, 
-0.5812309384346008, 0.017762482166290283, 0.37799122794453377, 1791403425854647466, 
0.404638409614563, -0.15769225358963013, 0.47455567449336256, 1791403425881281462, 
-0.2967190146446228, 0.0724329948425293, 0.4027345224466478, 1791403425911235360, 
0.25917893648147583, -0.08225643634796143, 0.37981073159072215, 1791403425941278151, 
-0.46063166856765747, 0.23806530237197876, 0.3953611236271926, 1791403425971376340, 
0.2539219260215759, -0.08539438247680664, 0.42673814899773355, 1791403426001314499, 
-0.021171391010284424, -0.22121304273605347, 0.4271247526049274, 1791403426031357863, 
-0.25431060791015625, -0.15445971488952637, 0.39247194259591484, 1791403426062846576, 
0.20859432220458984, 0.16030335426330566, 0.3536642962900427, 1791403426094613828, 
-0.34168511629104614, 0.3926965594291687, 0.38987434693731277, 1791403426121405800, 
0.2281782031059265, -0.2650720477104187, 0.383590013273514, 1791403426151427522, 
-0.1273999810218811, 0.013949036598205566, 0.4048138186072359, 1791403426181689066, 
0.02259880304336548, -0.030349671840667725, 0.411624627604784, 1791403426211490361, 
-0.20109844207763672, 0.3183367848396301, 0.41596977691987835, 1791403426240469178, 
-0.326837956905365, -0.12006384134292603, 0.41089789359022455, 1791403426271550942, 
0.015791594982147217, -0.14410781860351562, 0.4126362981466981, 1791403426302571604, 
0.012742698192596436, -0.2553074359893799, 0.3795017109968918, 1791403426334878101, 
0.3775034546852112, 0.20145297050476074, 0.3998761802027668, 1791403426362103425, 
-0.42658209800720215, 0.07051455974578857, 0.380943905010759, 1791403426392045486, 
0.3225836753845215, -0.19304388761520386, 0.4187132747513313, 1791403426422050756, 
-0.15256404876708984, -0.06768923997879028, 0.43250681075140235, 1791403426452203457, 
0.12840086221694946, 0.1315631866455078, 0.4312627489359388, 1791403426482096026, 
-0.4429279565811157, 0.09699863195419312, 0.4057758751021524, 1791403426512166162, 
0.2966458797454834, -0.10284000635147095, 0.4108609169343511, 1791403426542490092, 
-0.3715212345123291, 0.202989399433136, 0.35755629613444206, 1791403426575173745, 
0.3016837239265442, -0.13883286714553833, 0.4189104417529785, 1791403426602409298, 
0.10486721992492676, 0.0871877670288086, 0.3874301682658419, 1791403426632179956, 
-0.3418760299682617, -0.052781105041503906, 0.4128021210861468, 1791403426662093924, 
0.023910999298095703, 0.05368685722351074, 0.41480924048546186, 1791403426692091450, 
-0.4133235216140747, 0.06822186708450317, 0.4183022311631044, 1791403426722111617, 
0.24239099025726318, -0.12656384706497192, 0.4307840139357798, 1791403426750784469, 
-0.32499247789382935, -0.09269237518310547, 0.3742017549154737, 1791403426782861751, 
0.4387531280517578, 0.16988718509674072, 0.35724202603879046, 1791403426813620001, 
-0.48058021068573, 0.39612364768981934, 0.4151199936245943, 1791403426841858650, 
0.27899760007858276, -0.12210744619369507, 0.4259794023327253, 1791403426871806970, 
0.06750369071960449, 0.1143907904624939, 0.41361608737029704, 1791403426901843220, 
0.1900385022163391, -0.1408560872077942, 0.4202733320118178, 1791403426931875335, 
-0.16624993085861206, 0.19208014011383057, 0.39239204039495584, 1791403426961947506, 
-0.4988574981689453, 0.0016562342643737793, 0.41537949576358435, 1791403426991951472, 
0.007874608039855957, -0.04105108976364136, 0.3982795268290222, 1791403427022981789, 
-0.4275882840156555, -0.14721465110778809, 0.38184534821652694, 1791403427054725288, 
0.23706048727035522, -0.04132723808288574, 0.4158077763502529, 1791403427082026539, 
-0.22187960147857666, 0.26435691118240356, 0.3678509971076509, 1791403427111996879, 
0.4550139904022217, -0.12160331010818481, 0.39886954454154805, 1791403427142031332, 
-0.2316167950630188, 0.2817602753639221, 0.43532485073986144, 1791403427172065930, 
-0.00128173828125, -0.07250601053237915, 0.433907595285248, 1791403427202101433, 
-0.43540632724761963, 0.09814447164535522, 0.4188515068898536, 1791403427232059501, 
0.1253700852394104, -0.14615225791931152, 0.40769379722894244, 1791403427262498873, 
-0.09830707311630249, 0.27911674976348877, 0.3726069663668522, 1791403427294963976, 
0.052373528480529785, -0.13709086179733276, 0.4493628524667621, 1791403427322145007, 
0.17775648832321167, -0.027265310287475586, 0.41625270261359115, 1791403427352136008, 
-0.4444078207015991, 0.046816349029541016, 0.40439207560846935, 1791403427382151156, 
0.00022083520889282227, 0.16390681266784668, 0.3847416656619295, 1791403427412183998, 
-0.326419472694397, -0.07884573936462402, 0.3706325028777193, 1791403427442207368, 
0.2792667746543884, -0.03510493040084839, 0.4006576302148572, 1791403427472275890, 
-0.09861654043197632, -0.10564923286437988, 0.4120770263555602, 1791403427502536383, 
0.14376670122146606, 0.03410226106643677, 0.3661752551547175, 1791403427535021609, 
-0.1542569398880005, 0.2976721525192261, 0.43344055843094437, 1791403427562291545, 
-0.14651751518249512, -0.16944128274917603, 0.40726745772747086, 1791403427592254776, 
-0.1708240509033203, -0.14223188161849976, 0.4089402950957268, 1791403427622222897, 
0.38216090202331543, 0.11463350057601929, 0.38351463203115677, 1791403427652305892, 
-0.26038700342178345, 0.4324047565460205, 0.36535300246909236, 1791403427682267811, 
-0.13223809003829956, -0.06312769651412964, 0.39147592161495914, 1791403427712323370, 
0.12268805503845215, -0.032305777072906494, 0.4148856714038327, 1791403427742526533, 
-0.12787485122680664, -0.06367677450180054, 0.3878550695267744, 1791403427774605949, 
0.06891405582427979, 0.03744518756866455, 0.4173597876446565, 1791403427802423787, 
-0.559410572052002, -0.17379355430603027, 0.4075293401975397, 1791403427832391039, 
0.10042798519134521, 0.0673491358757019, 0.4097337850415584, 1791403427862420656, 
-0.2801692485809326, -0.041514456272125244, 0.4168993664774551, 1791403427892415539, 
0.45019495487213135, -0.03893369436264038, 0.398384101467845, 1791403427921445066, 
-0.31633782386779785, 0.07820135354995728, 0.3896220735018748, 1791403427951464001, 
0.09213626384735107, 0.20804756879806519, 0.3800866112891715, 1791403427982923794, 
-0.3856527805328369, -0.29709094762802124, 0.39372195542288435, 1791403428014942454, 
0.3525339961051941, 0.05589711666107178, 0.4392158291360581, 1791403428042847170, 
-0.4694669842720032, 0.09436523914337158, 0.4160190970487178, 1791403428072638572, 
0.3647122383117676, 0.10519152879714966, 0.402783228731153, 1791403428102512288, 
-0.6771730184555054, -0.2623329162597656, 0.40304360730608213, 1791403428132747988, 
0.3237186074256897, -0.13764327764511108, 0.426629368657058, 1791403428162553880, 
-0.52065110206604, 0.3113780617713928, 0.4077933558899144, 1791403428192579195, 
0.44917619228363037, -0.014805138111114502, 0.3983393055474351, 1791403428222583396, 
-0.34063398838043213, 0.11079859733581543, 0.3562815903598489, 1791403428255041887, 
0.2765374779701233, 0.1315355896949768, 0.4326958981208218, 1791403428282701177, 
-0.12045520544052124, 0.0260922908782959, 0.38754950120665815, 1791403428312667444, 
0.020457148551940918, 0.013092219829559326, 0.3969175420931289, 1791403428342672104, 
0.2061448097229004, 0.20315366983413696, 0.353363166833861, 1791403428364772742, 
-0.5582032203674316, -0.11990082263946533, 0.4407423976157281, 1791403428402702413, 
0.26562684774398804, -0.14909666776657104, 0.39984125064870607, 1791403428432757203, 
-0.4326382875442505, 0.03505736589431763, 0.39502851128461725, 1791403428463118820, 
0.15794742107391357, 0.28033512830734253, 0.36501126701803865, 1791403428495066199, 
-0.47137582302093506, -0.048733294010162354, 0.4047898810545826, 1791403428525354383, 
0.4543544054031372, -0.19156956672668457, 0.4476434903916937, 1791403428552853080, 
-0.27976059913635254, 0.11079519987106323, 0.4169145379668828, 1791403428582773617, 
0.026628732681274414, 0.24097001552581787, 0.4218084912066192, 1791403428611818824, 
-0.3997099995613098, 0.04072976112365723, 0.4150571561172971, 1791403428642833346, 
0.26000380516052246, -0.07394862174987793, 0.4358979910934456, 1791403428672899186, 
-0.35608357191085815, 0.1732460856437683, 0.4039175305866865, 1791403428702908521, 
-0.03390038013458252, -0.22225427627563477, 0.3560864846229883, 1791403428734670099, 
-0.04834413528442383, 0.31764209270477295, 0.36564347691497495, 1791403428764432643, 
0.07885342836380005, 0.19257742166519165, 0.4331818633077902, 1791403428793019348, 
-0.08344703912734985, 0.1371569037437439, 0.41838542638945597, 1791403428822936450, 
-0.1468791961669922, -0.25353050231933594, 0.41231904004656245, 1791403428852994484, 
0.007052898406982422, 0.2599848508834839, 0.4043480829530245, 1791403428883058325, 
-0.07090312242507935, 0.11059063673019409, 0.39442067355691807, 1791403428913157355, 
-0.06582778692245483, 0.1586194634437561, 0.37026543217466723, 1791403428943197435, 
-0.09320110082626343, -0.15091603994369507, 0.35531230511974143, 1791403428975096844, 
0.06394118070602417, 0.3280605673789978, 0.39980754325675544, 1791403429005000442, 
-0.05235397815704346, 0.10418432950973511, 0.45602338780093277, 1791403429033156768, 
-0.08166301250457764, -0.019540131092071533, 0.39660074710781446, 1791403429063097678, 
-0.2938758134841919, -0.09754127264022827, 0.3546942297985823, 1791403429085826966, 
-0.0019162893295288086, 0.38562965393066406, 0.42056160206878496, 1791403429123129349, 
-0.18555504083633423, 0.11188119649887085, 0.41187715284745247, 1791403429153168020, 
0.02627861499786377, -0.08221757411956787, 0.40737743958623507, 1791403429183214333, 
-0.3260881304740906, -0.22119927406311035, 0.3972121470621132, 1791403429214670029, 
0.23306959867477417, 0.3102331757545471, 0.3875088956054768, 1791403429246547671, 
-0.13040214776992798, 0.0338977575302124, 0.4624056650170164, 1791403429283210451, 
0.18625915050506592, 0.06801438331604004, 0.40645098138866587, 1791403429313287123, 
-0.4301242232322693, -0.26469844579696655, 0.3894147394584507, 1791403429343238158, 
0.19673776626586914, 0.13647973537445068, 0.3473355377707304, 1791403429374817306, 
-0.18939530849456787, 0.24767804145812988, 0.39178159022414505, 1791403429406669633, 
0.10858142375946045, 0.09528577327728271, 0.5040202300852965, 1791403429432444902, 
-0.2684127688407898, -0.3226630687713623, 0.42584744365260907, 1791403429463286329, 
0.2164267897605896, -0.013482749462127686, 0.4050287008397867, 1791403429493315539, 
-0.5687777996063232, 0.27291297912597656, 0.3944766477436195, 1791403429523339622, 
0.20290309190750122, 0.025376558303833008, 0.3818168292212483, 1791403429553393072, 
-0.447060227394104, -0.28707897663116455, 0.38929273175262014, 1791403429583409659, 
0.7205921411514282, -0.018823862075805664, 0.3672296318668355, 1791403429614814155, 
-0.5823742151260376, 0.5019168853759766, 0.3762929636434536, 1791403429647340302, 
0.22500145435333252, 0.20277416706085205, 0.46526714587533, 1791403429683424372, 
-0.4351695775985718, -0.36524420976638794, 0.41866427892072255, 1791403429713496661, 
0.2173362374305725, 0.0018562674522399902, 0.3974020095083908, 1791403429743522431, 
-0.38922083377838135, 0.19522660970687866, 0.37139820937920004, 1791403429775270666, 
0.2331451177597046, 0.22870862483978271, 0.3893440535186208, 1791403429806137782, 
-0.3798062205314636, -0.2173575758934021, 0.4494517075028404, 1791403429833546523, 
0.24384498596191406, -0.05504608154296875, 0.4166483729305432, 1791403429863518382, 
-0.3439544439315796, 0.3801301121711731, 0.3627320527611429, 1791403429886923960, 
0.2959592342376709, 0.08347439765930176, 0.45881402175739006, 1791403429923561724, 
-0.21825778484344482, -0.2802453637123108, 0.38686119164385596, 1791403429953864040, 
0.41948020458221436, 0.07892990112304688, 0.39781570782140624, 1791403429983657247, 
-0.34570467472076416, 0.19919449090957642, 0.3765297252154625, 1791403430015105896, 
-0.0039310455322265625, 0.018893539905548096, 0.36777572520863666, 1791403430046825380, 
-0.24543297290802002, -0.08907639980316162, 0.4348450590295006, 1791403430073735631, 
0.11547571420669556, 0.02538222074508667, 0.413707950806351, 1791403430103684190, 
-0.3338155150413513, 0.17183566093444824, 0.41078844157337263, 1791403430133700516, 
0.22948962450027466, -0.010652661323547363, 0.39029772424306064, 1791403430163698529, 
-0.3667840361595154, -0.15530133247375488, 0.39059169972139535, 1791403430193682312, 
0.3966338634490967, 0.01414567232131958, 0.4043429545665234, 1791403430223744155, 
-0.4131220579147339, 0.19211030006408691, 0.40471722084582895, 1791403430255157339, 
0.29762351512908936, -0.04068183898925781, 0.3762109129696708, 1791403430287156241, 
-0.3915524482727051, -0.15399843454360962, 0.4409188346960422, 1791403430313828535, 
0.5609906315803528, -0.01876842975616455, 0.4052687329788493, 1791403430343786962, 
-0.2713111639022827, 0.2952765226364136, 0.3853731105013716, 1791403430373826161, 
0.4081861972808838, 0.02652508020401001, 0.3718257428890392, 1791403430403833764, 
-0.18116605281829834, -0.11924457550048828, 0.3847525701091454, 1791403430434122970, 
0.07477957010269165, 0.1288270354270935, 0.4056083960035204, 1791403430463893244, 
-0.06655353307723999, 0.21149826049804688, 0.3888665060085547, 1791403430495313249, 
0.126228928565979, 0.013563692569732666, 0.3582557720672995, 1791403430527053321, 
-0.26926642656326294, -0.09618169069290161, 0.42832819325330207, 1791403430554012189, 
0.1789177656173706, 0.06844091415405273, 0.40359960110731385, 1791403430583997335, 
-0.02196437120437622, 0.1867026686668396, 0.3613704659738925, 1791403430607269875, 
0.34454572200775146, -0.17965924739837646, 0.44393548586828185, 1791403430643981128, 
-0.41300785541534424, -0.3627980351448059, 0.4048070344156711, 1791403430673979036, 
0.5076510310173035, 0.030858516693115234, 0.4303638075890683, 1791403430703992785, 
-0.5396806001663208, 0.27309757471084595, 0.3953836336966585, 1791403430735217192, 
0.5764574408531189, -0.11664527654647827, 0.35919718786526966, 1791403430767042214, 
-0.4958030581474304, -0.22474032640457153, 0.4421744884207334, 1791403430794116961, 
0.8544526100158691, 0.10188621282577515, 0.420100178849381, 1791403430824105360, 
-0.4034314751625061, 0.25103336572647095, 0.4142377793658522, 1791403430854125370, 
0.2837572693824768, -0.14162075519561768, 0.39910726919573924, 1791403430884168799, 
-0.18410146236419678, -0.13224291801452637, 0.40065904489378223, 1791403430914159747, 
0.14327436685562134, 0.10970211029052734, 0.4070969890707257, 1791403430944212550, 
-0.10369658470153809, 0.24310815334320068, 0.3806030489530373, 1791403430975115384, 
0.036401450634002686, 0.03901439905166626, 0.355267446637179, 1791403431007003944, 
-0.19593995809555054, -0.3368109464645386, 0.42661025265384295, 1791403431044234396, 
0.15234118700027466, 0.2511594891548157, 0.4231048996805233, 1791403431074247205, 
-0.16703659296035767, 0.16421133279800415, 0.4083092762505385, 1791403431104304989, 
-0.0337831974029541, 0.02859640121459961, 0.3749522509008052, 1791403431134763108, 
0.011609017848968506, -0.15647047758102417, 0.35261565935336947, 1791403431166740500, 
-0.010582387447357178, 0.2710498571395874, 0.42758826496836305, 1791403431194308860, 
-0.3153265118598938, 0.19409924745559692, 0.42751178634894804, 1791403431224320616, 
0.15372055768966675, 0.07428532838821411, 0.37815518746535853, 1791403431247362937, 
-0.20706278085708618, 0.024270176887512207, 0.47078934682911483, 1791403431274426915, 
0.15552431344985962, 0.0970800518989563, 0.401530349167383, 1791403431304421954, 
-0.3786270022392273, 0.12344211339950562, 0.38320513247494964, 1791403431334388130, 
0.4493248462677002, 0.013103902339935303, 0.3918596355673899, 1791403431363451489, 
-0.22056281566619873, -0.04528224468231201, 0.4026789297992541, 1791403431393448528, 
0.3193780183792114, 0.05222564935684204, 0.39157872265746196, 1791403431424545592, 
-0.31709223985671997, 0.243877112865448, 0.4255112401700926, 1791403431455037614, 
0.2047523856163025, 0.04383617639541626, 0.3901513687284443, 1791403431487025810, 
-0.2552778124809265, -0.21946585178375244, 0.44629477538687323, 1791403431514510016, 
0.00827091932296753, 0.12177205085754395, 0.39473405772152265, 1791403431544481260, 
-0.16276144981384277, 0.2429947853088379, 0.3803779670958339, 1791403431574503690, 
0.32511067390441895, 0.15570980310440063, 0.3550011862837792, 1791403431604560184, 
-0.0661158561706543, -0.22711801528930664, 0.38473511847828884, 1791403431634757691, 
-0.09532314538955688, 0.11699539422988892, 0.4124079415800813, 1791403431664591308, 
-0.21250540018081665, 0.36800628900527954, 0.40182817638225, 1791403431695382384, 
-0.014200448989868164, 0.026830554008483887, 0.36842383581372884, 1791403431727290687, 
-0.27286332845687866, -0.19872725009918213, 0.4022932489291513, 1791403431756799271, 
-0.35818684101104736, 0.24644184112548828, 0.42593431960179334, 1791403431794653449, 
0.13731521368026733, 0.02729743719100952, 0.4191804373070566, 1791403431824893489, 
-0.015927374362945557, 0.02594071626663208, 0.4226033430748734, 1791403431855051688, 
0.4816059470176697, 0.12869489192962646, 0.39647760903078477, 1791403431886450344, 
-0.3875311613082886, 0.1835750937461853, 0.3985690811099811, 1791403431916719012, 
-0.22396475076675415, 0.033288538455963135, 0.4372358742045928, 1791403431944748793, 
-0.11525124311447144, 0.024531662464141846, 0.4148841715079686, 1791403431974738423, 
-0.06862342357635498, 0.10916769504547119, 0.3705928885394091, 1791403431996782701, 
0.10579061508178711, 0.1595202088356018, 0.42448542703701503, 1791403432034755384, 
-0.15855717658996582, -0.0004703998565673828, 0.41121406971749536, 1791403432064791516, 
-0.013158261775970459, -0.06308591365814209, 0.4157365311178901, 1791403432094883213, 
-0.20204484462738037, 0.2598358392715454, 0.37732050872450007, 1791403432126972359, 
-0.1356661319732666, 0.16140717267990112, 0.3852997981891556, 1791403432156929592, 
0.02470982074737549, -0.2191481590270996, 0.4111661719939336, 1791403432184911619, 
0.0008820891380310059, -0.07029449939727783, 0.4030796932807854, 1791403432214881770, 
0.09695953130722046, 0.28898924589157104, 0.4105612255595009, 1791403432244930893, 
-0.20985937118530273, 0.16525548696517944, 0.4228551358707055, 1791403432274947316, 
0.38187313079833984, -0.06620383262634277, 0.3975908540498203, 1791403432304999941, 
-0.4152233600616455, -0.15985286235809326, 0.3713954511207147, 1791403432335345721, 
0.1534903645515442, 0.2881224751472473, 0.36352603536739336, 1791403432366970302, 
-0.3491121530532837, 0.053416550159454346, 0.39412514574358654, 1791403432397483476, 
0.44784533977508545, 0.04273790121078491, 0.4310305593121263, 1791403432425351192, 
-0.1402023434638977, 0.019477546215057373, 0.4192935177725042, 1791403432454998602, 
-0.0658121109008789, 0.24006158113479614, 0.3766250079562476, 1791403432477909760, 
-0.30782318115234375, 0.010489583015441895, 0.45657052197876835, 1791403432514043007, 
0.11153244972229004, -0.05507349967956543, 0.38866225401596927, 1791403432545101632, 
-0.2780451774597168, 0.168243408203125, 0.4049171550097893, 1791403432575146831, 
0.028575360774993896, 0.23072242736816406, 0.3833470898746648, 1791403432607647794, 
0.3153446316719055, 0.09238958358764648, 0.41286386614690496, 1791403432638015526, 
-0.04218649864196777, -0.014221549034118652, 0.45383899819939955, 1791403432665244268, 
0.02295982837677002, 0.2800667881965637, 0.4085569462149998, 1791403432695178443, 
-0.28032469749450684, 0.2008829116821289, 0.384040295694008, 1791403432725165593, 
0.07035881280899048, -0.17041254043579102, 0.3956157716824887, 1791403432755201213, 
-0.13145029544830322, 0.11939084529876709, 0.4102928876604223, 1791403432785280816, 
0.25133687257766724, 0.30201053619384766, 0.3967288516624841, 1791403432815286988, 
-0.32208096981048584, 0.059718549251556396, 0.3550610369746949, 1791403432847299887, 
0.3040529489517212, -0.20732557773590088, 0.39087173259027636, 1791403432877961820, 
-0.38807177543640137, 0.14242440462112427, 0.4500199529436717, 1791403432905347632, 
0.4968966841697693, 0.2290346622467041, 0.39923873569850815, 1791403432935273570, 
-0.33021992444992065, -0.11686789989471436, 0.4237391714637302, 1791403432965323169, 
0.30827683210372925, -0.058587074279785156, 0.4179432697882482, 1791403432995339311, 
-0.23172056674957275, 0.17904794216156006, 0.4057175860398147, 1791403433025404009, 
0.19491469860076904, 0.05577152967453003, 0.4117593200765335, 1791403433054436084, 
-0.07230061292648315, -0.03658425807952881, 0.36667777476848096, 1791403433086869272, 
0.5429879426956177, 0.14509910345077515, 0.34930082863308815, 1791403433118910292, 
-0.29090040922164917, 0.15501976013183594, 0.4389495748335844, 1791403433145568171, 
-0.05777156352996826, 0.08977842330932617, 0.4247383553717179, 1791403433175588587, 
0.1590045690536499, 0.018801629543304443, 0.444078203446183, 1791403433205486480, 
-0.22374510765075684, 0.2920875549316406, 0.42013259109798157, 1791403433234442666, 
-0.0525975227355957, -0.01999717950820923, 0.39401368956124594, 1791403433264465002, 
-0.12559187412261963, -0.05177271366119385, 0.3851234751954448, 1791403433295570431, 
-0.13854146003723145, 0.07744669914245605, 0.394977380301066, 1791403433326921683, 
-0.055002450942993164, 0.30789870023727417, 0.3887034997860127, 1791403433359179263, 
0.2807062268257141, -0.006037771701812744, 0.4781230365645987, 1791403433385572162, 
-0.10999828577041626, -0.16920316219329834, 0.4212129226876782, 1791403433415594675, 
0.14353787899017334, 0.14124685525894165, 0.3926576403103554, 1791403433445582593, 
-0.22588318586349487, 0.16994524002075195, 0.3785314978362294, 1791403433475626498, 
0.22347158193588257, 0.012533009052276611, 0.3910121345634974, 1791403433505623491, 
0.040632426738739014, -0.013729453086853027, 0.39745333636967783, 1791403433535709780, 
-0.010004281997680664, 0.2178105115890503, 0.37845141462203835, 1791403433567196282, 
0.040735840797424316, 0.061593830585479736, 0.37750971114429854, 1791403433598787172, 
-0.12105119228363037, 0.08276331424713135, 0.446241651497347, 1791403433625762151, 
0.014990270137786865, -0.12389147281646729, 0.39471277380935793, 1791403433655747356, 
0.07785952091217041, 0.36850422620773315, 0.3318681249227008, 1791403433679244562, 
0.054741501808166504, -0.026775717735290527, 0.46994701156048924, 1791403433705787442, 
0.292310893535614, -0.09851974248886108, 0.41151666429895656, 1791403433735815997, 
-0.42573678493499756, 0.051380276679992676, 0.3625281105937281, 1791403433758820735, 
0.2551928758621216, 0.19735246896743774, 0.4388492394156937, 1791403433795792164, 
-0.3979007601737976, -0.11775201559066772, 0.40083058646319036, 1791403433825799188, 
0.3727880120277405, 0.0383719801902771, 0.3884048599076413, 1791403433855892117, 
-0.25094032287597656, 0.1461416482925415, 0.3967947417485173, 1791403433886956089, 
0.3995491862297058, 0.05495935678482056, 0.3999171022051525, 1791403433918896642, 
-0.21961688995361328, -0.03532075881958008, 0.4571569670057246, 1791403433945930317, 
0.10093694925308228, -0.12788361310958862, 0.3914129808493191, 1791403433975951078, 
-0.2947807312011719, 0.187430739402771, 0.41437912249711895, 1791403434005988450, 
0.0677652359008789, -0.01680278778076172, 0.41740536897960673, 1791403434036116794, 
0.130720317363739, 0.0638851523399353, 0.38269473847202046, 1791403434065930891, 
0.005997896194458008, 0.20226514339447021, 0.38343836417924787, 1791403434096037632, 
0.13659942150115967, 0.06282651424407959, 0.3900610148014929, 1791403434127366188, 
-0.12262022495269775, -0.004095494747161865, 0.3932154561659751, 1791403434159097197, 
0.0689353346824646, 0.14343196153640747, 0.44801332391683046, 1791403434186015288, 
0.006069481372833252, 0.1636354923248291, 0.40644799529896863, 1791403434216064932, 
-0.010979413986206055, 0.054412126541137695, 0.4022529469202468, 1791403434246031626, 
-0.07918483018875122, -0.04776489734649658, 0.3967943904962876, 1791403434276085997, 
-0.03984963893890381, 0.30191874504089355, 0.39249712292944344, 1791403434306090106, 
-0.13317501544952393, 0.0013949871063232422, 0.41883555320025156, 1791403434336152081, 
-0.2678449749946594, 0.02396148443222046, 0.40958234254859666, 1791403434367179698, 
0.006528079509735107, 0.17614078521728516, 0.4170292468769522, 1791403434398062250, 
-0.14190959930419922, 0.2659251093864441, 0.4485285277108882, 1791403434425186062, 
0.372566282749176, -0.09306252002716064, 0.4026149689328142, 1791403434455229705, 
-0.09718149900436401, -0.06977009773254395, 0.38159958760427887, 1791403434486187428, 
0.16767072677612305, 0.15110868215560913, 0.39518153183535426, 1791403434516208348, 
-0.15463221073150635, 0.01666051149368286, 0.4180050578465463, 1791403434546229491, 
0.019353389739990234, -0.005078554153442383, 0.40235067271169234, 1791403434576292920, 
-0.19066673517227173, 0.12427353858947754, 0.363639382267094, 1791403434606948644, 
0.32941126823425293, 0.24228674173355103, 0.36447790029888144, 1791403434639379178, 
0.04293245077133179, -0.20805680751800537, 0.4630813664048556, 1791403434666314358, 
-0.1259913444519043, -0.008289039134979248, 0.40639331493945735, 1791403434696363306, 
-0.23514515161514282, 0.13705646991729736, 0.41257500292568744, 1791403434726334615, 
-0.14961713552474976, 0.09662282466888428, 0.41872194067707874, 1791403434755452521, 
0.28111714124679565, -0.09122365713119507, 0.3714052234557349, 1791403434786388365, 
-0.07692795991897583, 0.13554388284683228, 0.39869726040092013, 1791403434815473895, 
0.2613896131515503, 0.14933520555496216, 0.37232969406442445, 1791403434847562080, 
-0.40181654691696167, -0.16433805227279663, 0.39663941040733997, 1791403434878995656, 
0.0926254391670227, 0.27760255336761475, 0.44254455178278507, 1791403434906692939, 
0.16838914155960083, 0.05671197175979614, 0.4226594001493576, 1791403434945464936, 
-0.5545530319213867, -0.2525354027748108, 0.38931073893529383, 1791403434976537519, 
0.3465520143508911, 0.2637205123901367, 0.4045145890713609, 1791403435006966034, 
-0.20501023530960083, 0.31577175855636597, 0.3744109528849349, 1791403435039089069, 
0.33405619859695435, -0.1576904058456421, 0.44589595496450724, 1791403435066575298, 
-0.03607892990112305, -0.21335113048553467, 0.41307399625181884, 1791403435096529744, 
0.13419371843338013, 0.22199982404708862, 0.3751050318780138, 1791403435126532118, 
-0.07510781288146973, 0.067271888256073, 0.4060620898860361, 1791403435156606054, 
0.22929716110229492, -0.12490159273147583, 0.4248586442913231, 1791403435186598553, 
-0.009970784187316895, 0.3728356957435608, 0.4038216545620801, 1791403435216631535, 
-0.2226419448852539, 0.1928141713142395, 0.36790693208702097, 1791403435247572713, 
-0.10522216558456421, -0.2170352339744568, 0.37960189899244073, 1791403435279308502, 
-0.2771635055541992, -0.04536092281341553, 0.4388673473684155, 1791403435306774446, 
0.356609582901001, 0.2553144097328186, 0.3761303285263063, 1791403435336797268, 
-0.30068325996398926, -0.04774385690689087, 0.3931492693487932, 1791403435366692809, 
0.6297710537910461, -0.03220522403717041, 0.4194738965055663, 1791403435396446778, 
-0.573157548904419, 0.18414777517318726, 0.41433059175308284, 1791403435427414730, 
0.35339421033859253, 0.03610634803771973, 0.42029332580657913, 1791403435456450955, 
-0.43157655000686646, -0.2863538861274719, 0.3835556847381974, 1791403435487485162, 
0.4078497290611267, 0.018511176109313965, 0.37427146499364183, 1791403435519284718, 
-0.2871054410934448, 0.1432657241821289, 0.4381289464872282, 1791403435546806715, 
0.5056838989257812, 0.04304707050323486, 0.4164949534505458, 1791403435576465423, 
-0.08154171705245972, 0.22929275035858154, 0.3902918555067374, 1791403435607428147, 
-0.17979967594146729, -0.047628700733184814, 0.414535675728301, 1791403435637483548, 
0.16911321878433228, 0.0619470477104187, 0.40262009177816976, 1791403435667540343, 
0.060407817363739014, 0.04617345333099365, 0.3872234840372111, 1791403435697552442, 
0.21641039848327637, 0.04702651500701904, 0.3797439760007332, 1791403435727627867, 
-0.17075896263122559, -0.23123204708099365, 0.39760682711977163, 1791403435758919890, 
0.003327488899230957, 0.009513676166534424, 0.4148665060571935, 1791403435789017736, 
-0.033396005630493164, 0.1343998908996582, 0.42785320740412963, 1791403435817539602, 
-0.07265138626098633, -0.022764921188354492, 0.40232989531666197, 1791403435847629998, 
0.1642512083053589, 0.003920137882232666, 0.3748202063430266, 1791403435877515142, 
-0.28069162368774414, -0.028270423412322998, 0.3775282589324596, 1791403435907565061, 
0.6257094144821167, 0.20892608165740967, 0.4069083832697605, 1791403435937560773, 
-0.31233853101730347, -0.05743706226348877, 0.408503716010958, 1791403435967622963, 
0.43006253242492676, -0.09014874696731567, 0.36770840202736826, 1791403435999007576, 
-0.49282127618789673, -0.07810080051422119, 0.41333142290905134, 1791403436029141937, 
0.7482866048812866, 0.0027546286582946777, 0.4444439899159758, 1791403436057549533, 
-0.23384374380111694, 0.3146510720252991, 0.38761472602796476, 1791403436087575938, 
0.30234628915786743, 0.02943509817123413, 0.3943737919191675, 1791403436117556231, 
-0.08294308185577393, -0.041506052017211914, 0.41980380986483257, 1791403436147605638, 
0.26014041900634766, -0.09945821762084961, 0.41247071664434715, 1791403436177551566, 
-0.04312402009963989, 0.2141658067703247, 0.3774554631514434, 1791403436207701645, 
-0.1438196897506714, 0.05105149745941162, 0.3691568301859412, 1791403436239606337, 
0.3950410485267639, -0.08091145753860474, 0.4014229871923533, 1791403436268723964, 
-0.14928168058395386, 0.23417448997497559, 0.42454783207587854, 1791403436297618316, 
0.06711888313293457, -0.0061997175216674805, 0.4165675813460811, 1791403436327627726, 
-0.020304977893829346, -0.08667999505996704, 0.42624364618447186, 1791403436357602809, 
-0.12578988075256348, -0.0994635820388794, 0.4079084405280889, 1791403436387720498, 
0.05555081367492676, 0.4104428291320801, 0.41099950868125784, 1791403436417631660, 
0.07913392782211304, -0.008771121501922607, 0.3769218008609503, 1791403436447632962, 
0.3199361562728882, -0.12266236543655396, 0.340170718693883, 1791403436479105819, 
-0.2649329900741577, 0.07181161642074585, 0.3875433524056832, 1791403436510080332, 
0.37491631507873535, 0.189714252948761, 0.44163280859557275, 1791403436537663954, 
-0.2978951930999756, -0.11804229021072388, 0.4065031172517913, 1791403436567737827, 
0.2962456941604614, -0.062674880027771, 0.3994429221229909, 1791403436597746528, 
-0.23899054527282715, -0.12250477075576782, 0.3897314905638754, 1791403436627909397, 
0.10202038288116455, -0.0031599998474121094, 0.3862486299974911, 1791403436657923092, 
0.03214544057846069, 0.16572684049606323, 0.4017825010159806, 1791403436687828205, 
-0.0963430404663086, -0.15447711944580078, 0.40221156580496004, 1791403436718923162, 
0.1627192497253418, 0.008816182613372803, 0.380779013035938, 1791403436750895565, 
0.18170762062072754, 0.06919896602630615, 0.44501842502131767, 1791403436777693679, 
-0.017700612545013428, 0.09759438037872314, 0.3935039845094666, 1791403436807754439, 
-0.0202828049659729, -0.22192096710205078, 0.40870042210069624, 1791403436837760106, 
0.2685825228691101, 0.19654852151870728, 0.4014182323573453, 1791403436867767374, 
-0.14192593097686768, 0.0824318528175354, 0.3913508982897754, 1791403436897814934, 
-0.2461165189743042, -0.29329127073287964, 0.3888892080860538, 1791403436927887092, 
0.3756728172302246, 0.22876280546188354, 0.37711441203974166, 1791403436958935022, 
-0.028007030487060547, 0.2406994104385376, 0.37325761349457626, 1791403436990950689, 
-0.13988149166107178, -0.1417679786682129, 0.44180673078625726, 1791403437027882210, 
0.31403738260269165, 0.33330976963043213, 0.4032832619208288, 1791403437057877039, 
-0.32718145847320557, 0.14114093780517578, 0.3934276434489755, 1791403437087861109, 
0.4538424015045166, -0.05940735340118408, 0.38206857403075284, 1791403437119002978, 
-0.15121644735336304, 0.016155898571014404, 0.3596988610178017, 1791403437151031444, 
0.1341407299041748, 0.11086100339889526, 0.41112100523006095, 1791403437177960999, 
-0.029446125030517578, -0.2345442771911621, 0.3897942657033267, 1791403437207949953, 
0.11276334524154663, 0.0067504048347473145, 0.4057056076679114, 1791403437237885153, 
-0.2840110659599304, 0.32547807693481445, 0.40143481391837144, 1791403437267970525, 
-0.065185546875, -0.1109815239906311, 0.39709964055068836, 1791403437297906658, 
0.05623459815979004, -0.10237407684326172, 0.40907415687657306, 1791403437327960319, 
0.02683955430984497, 0.19218379259109497, 0.40801013701560906, 1791403437359054645, 
0.0668632984161377, 0.038703203201293945, 0.39283923099679563, 1791403437390456000, 
0.28977710008621216, -0.17646008729934692, 0.43989226045164426, 1791403437417990072, 
-0.23002886772155762, 0.11367344856262207, 0.4050634928327817, 1791403437448026810, 
0.23153316974639893, 0.015165865421295166, 0.41224928233375807, 1791403437478217634, 
-0.18791520595550537, 0.07646852731704712, 0.40620543015140503, 1791403437508051505, 
0.32657283544540405, 0.15427207946777344, 0.3881330941079553, 1791403437538098710, 
-0.3868197202682495, -0.28698331117630005, 0.4096290029070349, 1791403437568137334, 
0.09238386154174805, 0.10962408781051636, 0.3863189042149431, 1791403437599013964, 
-0.2120615839958191, 0.11738508939743042, 0.37456680954590804, 1791403437631056935, 
0.25704866647720337, -0.0026595592498779297, 0.4309026312608074, 1791403437668036332, 
0.22616946697235107, 0.04078954458236694, 0.38904854248196674, 1791403437698018204, 
-0.20422273874282837, 0.05867815017700195, 0.40864869937247306, 1791403437728090488, 
-0.11655241250991821, 0.09302228689193726, 0.4003628385657843, 1791403437759370855, 
-0.1706613302230835, 0.1465708613395691, 0.3931586194519916, 1791403437791036931, 
-0.013760268688201904, 0.1218152642250061, 0.42109736349759486, 1791403437818186857, 
-0.008939683437347412, -0.1747136116027832, 0.3918243053432613, 1791403437848145042, 
0.2869500517845154, 0.018170297145843506, 0.412852069084354, 1791403437878128403, 
-0.16073447465896606, 0.32087236642837524, 0.4274752289584471, 1791403437908196850, 
-0.006387293338775635, -0.12440907955169678, 0.434541290292002, 1791403437938177988, 
-0.2833341956138611, 0.10084760189056396, 0.4057137493310642, 1791403437968203554, 
0.04338955879211426, 0.250840961933136, 0.36918907707657506, 1791403437999022848, 
-0.24074441194534302, -0.0249636173248291, 0.3650807811964092, 1791403438030461688, 
0.3379921317100525, -0.10958027839660645, 0.4290487233266966, 1791403438058249189, 
-0.4284096360206604, 0.07391810417175293, 0.41236964879447646, 1791403438088254024, 
0.09915727376937866, 0.13960057497024536, 0.4088755948735086, 1791403438118231552, 
-0.36420774459838867, -0.3040698170661926, 0.40546722589736395, 1791403438148311373, 
0.16858702898025513, 0.05146759748458862, 0.3748619346604659, 1791403438178279147, 
0.0144234299659729, 0.18345892429351807, 0.3655184516618701, 1791403438208330408, 
-0.02924370765686035, -0.15253794193267822, 0.38320124787965376, 1791403438239036966, 
0.15407657623291016, 0.16522067785263062, 0.38478191953048474, 1791403438271025832, 
-0.26055073738098145, 0.001368105411529541, 0.4585461048533068, 1791403438298559223, 
0.12958002090454102, -0.12471228837966919, 0.380980125269533, 1791403438328719121, 
-0.09260165691375732, 0.05496406555175781, 0.37865259385328387, 1791403438358583336, 
-0.030842244625091553, -0.07682985067367554, 0.40021820080776566, 1791403438388423502, 
0.08622235059738159, 0.01715487241744995, 0.425345678146603, 1791403438417462043, 
-0.2813628315925598, 0.23230916261672974, 0.3975458423076827, 1791403438448652265, 
0.020798146724700928, -0.03706836700439453, 0.414209048743029, 1791403438478525938, 
-0.09824156761169434, 0.00904536247253418, 0.3763288244384033, 1791403438511043598, 
-0.27829498052597046, 0.057384490966796875, 0.43009705552707456, 1791403438538555668, 
0.06216907501220703, 0.010822772979736328, 0.40219324095594905, 1791403438568524840, 
-0.16122478246688843, -0.17038458585739136, 0.4214558433073256, 1791403438598543095, 
0.3214523196220398, 0.19003254175186157, 0.40880784157700445, 1791403438628579622, 
-0.3827667832374573, -0.1483866572380066, 0.40409972447898473, 1791403438658623793, 
0.11084908246994019, -0.15417248010635376, 0.4087890639732083, 1791403438688632062, 
0.23635977506637573, 0.41781508922576904, 0.379732353166241, 1791403438719057831, 
-0.15048885345458984, 0.07491761445999146, 0.339999612470994, 1791403438751538518, 
0.16595733165740967, -0.4057689309120178, 0.44816129942107397, 1791403438778715860, 
-0.256412148475647, 0.0005012154579162598, 0.42590463627180586, 1791403438808719576, 
0.14804089069366455, 0.12737268209457397, 0.40970088692437506, 1791403438838699910, 
0.04866999387741089, -0.05025911331176758, 0.3789165699214897, 1791403438868724395, 
0.06970417499542236, 0.16261595487594604, 0.3747807201762304, 1791403438898716858, 
-0.08315098285675049, -0.15865850448608398, 0.40985938743446987, 1791403438928828112, 
0.2801687717437744, -0.15767121315002441, 0.4229498697126995, 1791403438959128311, 
-0.13318419456481934, 0.36284971237182617, 0.37314453681333015, 1791403438991735883, 
-0.34047406911849976, -0.09617161750793457, 0.46155625532893757, 1791403439018826042, 
0.3929315209388733, -0.23662453889846802, 0.4056933733414605, 1791403439048811409, 
-0.23725807666778564, 0.3147932291030884, 0.39990166795982096, 1791403439078833239, 
-0.15418744087219238, 0.021879136562347412, 0.41130810693567166, 1791403439108915554, 
0.129111647605896, -0.048050105571746826, 0.4010984508010821, 1791403439138900876, 
-0.3165779113769531, -0.06744980812072754, 0.4091289021841769, 1791403439168949152, 
0.09668713808059692, -0.1859114170074463, 0.4094444336830104, 1791403439199104984, 
0.03489184379577637, 0.1438559889793396, 0.3718060805415342, 1791403439231093971, 
-0.1390690803527832, 0.0035281777381896973, 0.44527858593202846, 1791403439258945484, 
0.3045884966850281, -0.08614474534988403, 0.416034820323739, 1791403439288942427, 
-0.49631112813949585, 0.32620763778686523, 0.3653240698276527, 1791403439318948734, 
0.06946831941604614, 0.00600200891494751, 0.3700006402330858, 1791403439348967177, 
0.2124074101448059, -0.055294036865234375, 0.4063712562664982, 1791403439378967160, 
-0.4182646870613098, -0.11373692750930786, 0.3962703592473944, 1791403439409145594, 
0.08693325519561768, 0.09337449073791504, 0.4169811743155587, 1791403439439789661, 
-0.09878343343734741, -0.01635652780532837, 0.40010884125849416, 1791403439471366953, 
0.17366093397140503, -0.09796380996704102, 0.39655711292372037, 1791403439501137994, 
-0.1279732584953308, 0.3305322527885437, 0.4321121474374976, 1791403439529146566, 
0.05835956335067749, -0.14456623792648315, 0.39053939983392943, 1791403439559151291, 
-0.15306341648101807, 0.2538626790046692, 0.3764933097321378, 1791403439581119038, 
0.10413968563079834, -0.030506372451782227, 0.4699097529227941, 1791403439619170729, 
-0.025991976261138916, -0.017963528633117676, 0.41947632262302104, 1791403439649196987, 
-0.24345511198043823, -0.004710674285888672, 0.4102926363851214, 1791403439679160090, 
-0.09126770496368408, 0.0681503415107727, 0.3960546119194132, 1791403439711087817, 
0.601470947265625, 0.0307844877243042, 0.40656455733383007, 1791403439741180215, 
-0.32465314865112305, 0.13032382726669312, 0.42547030150493587, 1791403439769186210, 
-0.05630391836166382, -0.09011030197143555, 0.41433307610127984, 1791403439799217039, 
-0.05164384841918945, -0.06344455480575562, 0.4073260932606131, 1791403439829237999, 
-0.05042070150375366, 0.1405230164527893, 0.3552788831035062, 1791403439859333845, 
-0.08732020854949951, 0.03750342130661011, 0.38582524709388455, 1791403439889276091, 
0.036108553409576416, -0.0212252140045166, 0.40266095325124684, 1791403439919330162, 
-0.032589495182037354, 0.07485067844390869, 0.3809116551393052, 1791403439951535343, 
-0.07828408479690552, -0.037617385387420654, 0.40921257619141577, 1791403439981913362, 
-0.23528915643692017, 0.039059996604919434, 0.45529181515219996, 1791403440009408311, 
0.019325852394104004, 0.3246891498565674, 0.42923022546651296, 1791403440037504469, 
0.04838746786117554, -0.04972231388092041, 0.37035270123060327, 1791403440069548939, 
-0.1614629030227661, 0.039385318756103516, 0.3877297624022096, 1791403440099498560, 
0.04786425828933716, 0.3694935441017151, 0.40997111752737897, 1791403440129574836, 
-0.7593340873718262, -0.33865058422088623, 0.4070291706357708, 1791403440158547445, 
0.10552966594696045, 0.01196587085723877, 0.37536104971278866, 1791403440190108667, 
-0.5483861565589905, 0.10445493459701538, 0.4035304611437308, 1791403440219450769, 
0.5373185873031616, -0.062264084815979004, 0.40403990121872235, 1791403440248519720, 
-0.19724667072296143, 0.11950117349624634, 0.3897958469380411, 1791403440279551499, 
0.3061460256576538, -0.23774385452270508, 0.4164571735204927, 1791403440309585816, 
-0.19980460405349731, 0.11010926961898804, 0.40330020037631076, 1791403440339580526, 
-0.2731126546859741, 0.10627496242523193, 0.38870621539319217, 1791403440369623000, 
-0.010229170322418213, -0.21468955278396606, 0.3841565545686365, 1791403440399689529, 
-0.05676227807998657, 0.06205308437347412, 0.37605980075352874, 1791403440431144583, 
0.23867547512054443, 0.076224684715271, 0.35707259577397005, 1791403440462651505, 
-0.12762987613677979, -0.11710011959075928, 0.44380467741883844, 1791403440489713051, 
-0.353107213973999, -0.1041640043258667, 0.4093551562541316, 1791403440519666797, 
0.03955364227294922, 0.17589759826660156, 0.4025110633369335, 1791403440549666943, 
0.12855976819992065, 0.07576286792755127, 0.40487478458092097, 1791403440579699695, 
0.08788269758224487, -0.07195979356765747, 0.40111181636787896, 1791403440609711425, 
0.41452139616012573, 0.07032960653305054, 0.4030562870481801, 1791403440639751342, 
-0.4675866961479187, -0.26423180103302, 0.39325010509530967, 1791403440671685500, 
0.24642938375473022, 0.26155585050582886, 0.3898537038740091, 1791403440703152829, 
-0.20132392644882202, 0.3085474371910095, 0.44886301837513204, 1791403440729814380, 
0.24928253889083862, -0.1414915919303894, 0.40351912718376154, 1791403440759976118, 
-0.06193655729293823, 0.010064423084259033, 0.4173325620314334, 1791403440789802910, 
-0.14851534366607666, -0.14757657051086426, 0.40980876615310896, 1791403440819825060, 
0.13618773221969604, 0.015713214874267578, 0.3841087792386167, 1791403440849864434, 
-0.17863881587982178, 0.16376817226409912, 0.3815601102688663, 1791403440879972481, 
-0.01403588056564331, 0.16057264804840088, 0.3816127085253454, 1791403440911600121, 
0.01754152774810791, 0.1379338502883911, 0.3801216207209824, 1791403440943227960, 
-0.27485787868499756, 0.06739652156829834, 0.46316920130468836, 1791403440969999944, 
0.17876017093658447, -0.19036531448364258, 0.41059053322382816, 1791403440999929776, 
-0.5797349214553833, 0.2279977798461914, 0.37265810723653175, 1791403441029971092, 
-0.01700592041015625, -0.03947567939758301, 0.3831423103102997, 1791403441060058150, 
-0.35701316595077515, 0.01203542947769165, 0.38793215140372195, 1791403441090235206, 
0.2920113205909729, 0.2794366478919983, 0.40903003023287754, 1791403441120004379, 
0.06672906875610352, -0.07599282264709473, 0.3930154678288702, 1791403441151530488, 
0.07153481245040894, 0.2660001516342163, 0.3890253991608174, 1791403441183196079, 
-0.3741973042488098, -0.0023748278617858887, 0.44204383523895835, 1791403441210084551, 
-0.023292183876037598, -0.14445197582244873, 0.40106059639770675, 1791403441240074057, 
-0.2392401099205017, 0.20238327980041504, 0.4095247382077649, 1791403441270109331, 
-0.05634874105453491, -0.10842829942703247, 0.42109242124734914, 1791403441300115074, 
0.3669566512107849, -0.021289050579071045, 0.4093802076650491, 1791403441330143280, 
-0.12422388792037964, -0.018411993980407715, 0.38667270825539873, 1791403441360186425, 
0.06818395853042603, -0.058698058128356934, 0.3986529014702473, 1791403441391359318, 
-0.09178471565246582, 0.3723742961883545, 0.3968416695168611, 1791403441423608402, 
-0.08186376094818115, 0.06829196214675903, 0.42866413295596156, 1791403441450263998, 
0.3428044319152832, -0.11703866720199585, 0.3826542769899234, 1791403441480195653, 
-0.3827444911003113, 0.2835231423377991, 0.38077128675242383, 1791403441510229045, 
0.19375288486480713, -0.06753575801849365, 0.38729446522057576, 1791403441540199768, 
-0.06353455781936646, 0.06512647867202759, 0.41391163157428, 1791403441570245136, 
-0.36075299978256226, 0.2285711169242859, 0.39326066671565646, 1791403441600244239, 
0.04492825269699097, 0.00611037015914917, 0.37716345703120757, 1791403441631242445, 
-0.247847318649292, -0.12435907125473022, 0.3587858056651668, 1791403441663218145, 
-0.03586733341217041, -0.047901928424835205, 0.44417630965644805, 1791403441690369900, 
-0.128464937210083, 0.22257965803146362, 0.43067959256780286, 1791403441720334644, 
0.051311612129211426, 0.06360626220703125, 0.42410440758789375, 1791403441750412739, 
-0.02224034070968628, -0.06412434577941895, 0.4148946901944696, 1791403441780623093, 
-0.1629456877708435, 0.16840702295303345, 0.4283725058601371, 1791403441809459508, 
-0.039563119411468506, 0.02324122190475464, 0.38695929602100604, 1791403441840414047, 
0.2173457145690918, 0.1063576340675354, 0.38133617876622733, 1791403441871673450, 
0.4025731682777405, -0.17607200145721436, 0.3874833702014505, 1791403441903658913, 
-0.15131676197052002, 0.26790469884872437, 0.4469450100324561, 1791403441930569935, 
-0.15007418394088745, -0.04918479919433594, 0.4321114500128804, 1791403441959451207, 
-0.2733107805252075, -0.24594175815582275, 0.3983648250263425, 1791403441989457659, 
0.17230021953582764, 0.22026842832565308, 0.368903832476518, 1791403442019463624, 
-0.07434952259063721, 0.2009502649307251, 0.3714508770884825, 1791403442049520004, 
-0.05689048767089844, -0.1955500841140747, 0.3887745451899356, 1791403442080530623, 
0.15385150909423828, 0.18203401565551758, 0.3931849241037053, 1791403442110501626, 
-0.5813684463500977, -0.20382452011108398, 0.3617203606486691, 1791403442142235667, 
0.1857418417930603, -0.05281341075897217, 0.41603060576703804, 1791403442170724636, 
0.11839425563812256, 0.6192032098770142, 0.41257340105105644, 1791403442200593984, 
-0.03730487823486328, -0.28014063835144043, 0.4189243846403925, 1791403442230686893, 
-0.05498570203781128, -0.02118504047393799, 0.4184455448621295, 1791403442260690660, 
0.044547080993652344, 0.38895684480667114, 0.41662156830293456, 1791403442290683160, 
0.03758496046066284, -0.21183675527572632, 0.40229159343916576, 1791403442320672656, 
0.5551475286483765, 0.06681829690933228, 0.37132279571946336, 1791403442351544099, 
-0.3294007182121277, -0.08398276567459106, 0.38876681545182423, 1791403442383805555, 
0.13620543479919434, 0.011809170246124268, 0.46586869056245606, 1791403442410804056, 
-0.23792600631713867, 0.3059762120246887, 0.4248594563535609, 1791403442440711853, 
-0.1353948712348938, -0.2644612193107605, 0.40778936142793376, 1791403442470738636, 
0.19296753406524658, 0.04968291521072388, 0.37881896385998753, 1791403442500761178, 
-0.046466171741485596, 0.19333499670028687, 0.3898329315362322, 1791403442530821012, 
-0.10914212465286255, -0.03043961524963379, 0.3828724193956941, 1791403442560829701, 
0.1485995650291443, 0.20111972093582153, 0.40043233944014284, 1791403442591282106, 
-0.13417810201644897, -0.01515209674835205, 0.4016038492226553, 1791403442623256404, 
-0.03273642063140869, 0.028575479984283447, 0.4332247595787944, 1791403442651031508, 
-0.0417172908782959, 0.07279706001281738, 0.3937965714902368, 1791403442680923368, 
-0.044501304626464844, 0.07891201972961426, 0.40230299055211605, 1791403442710923837, 
0.42779916524887085, 0.07402414083480835, 0.41303596726661285, 1791403442740911454, 
-0.11164146661758423, 0.32789885997772217, 0.41781957422672195, 1791403442770956394, 
-0.11070561408996582, -0.19551950693130493, 0.38716692201385233, 1791403442800944731, 
0.018902063369750977, -0.07606375217437744, 0.376316592025772, 1791403442831703321, 
-0.39076346158981323, 0.056371092796325684, 0.4083649022249165, 1791403442862470715, 
-0.11211615800857544, 0.26468610763549805, 0.45759938719751747, 1791403442891036576, 
-0.00792604684829712, -0.0349084734916687, 0.4464141115408928, 1791403442920995813, 
0.10492783784866333, -0.04403907060623169, 0.40983683834426166, 1791403442951041435, 
-0.08384203910827637, 0.13947689533233643, 0.3706415287427965, 1791403442981205611, 
0.28432029485702515, 0.11348772048950195, 0.406305112965589, 1791403443011072051, 
-0.162509024143219, -0.12879931926727295, 0.39436217377369187, 1791403443041108531, 
0.13585472106933594, 0.19037318229675293, 0.3791453833133591, 1791403443071567402, 
-0.07993084192276001, -0.14735323190689087, 0.39057500560017905, 1791403443103267867, 
-0.05357402563095093, -0.06124377250671387, 0.4237067508371192, 1791403443131302529, 
0.5573479533195496, 0.17081618309020996, 0.389200947717762, 1791403443161152436, 
-0.4903573989868164, -0.03174877166748047, 0.3836041586595454, 1791403443191154381, 
0.18268263339996338, 0.015170574188232422, 0.39751580151897964, 1791403443221186262, 
0.02735912799835205, 0.27511173486709595, 0.42269609960345284, 1791403443251161723, 
-0.4455898404121399, -0.24125468730926514, 0.4067909447563842, 1791403443281228697, 
0.17375171184539795, 0.028674185276031494, 0.4135333321287885, 1791403443311538826, 
0.06713366508483887, 0.3901331424713135, 0.3884869115880541, 1791403443343687925, 
-0.09547954797744751, -0.13418596982955933, 0.4303518733847207, 1791403443371305487, 
0.04349416494369507, -0.13366347551345825, 0.41539613749971677, 1791403443401316802, 
-0.18646103143692017, 0.19087010622024536, 0.4034954439360585, 1791403443431342203, 
0.05314260721206665, -0.004679501056671143, 0.3708963469006895, 1791403443461369584, 
-0.055792152881622314, 0.094943106174469, 0.3778328147927152, 1791403443491422496, 
-0.30948543548583984, 0.5203877687454224, 0.4351192203266493, 1791403443520456037, 
-0.48632365465164185, -0.10244178771972656, 0.3874752295980182, 1791403443551658989, 
0.3160642981529236, -0.02863907814025879, 0.36541069423378175, 1791403443583596169, 
-0.43782830238342285, 0.13455170392990112, 0.4297180299198259, 1791403443610467417, 
0.34406232833862305, 0.015417754650115967, 0.37991211468630987, 1791403443641482436, 
-0.05452919006347656, 0.2520044445991516, 0.409552069912007, 1791403443671392964, 
-0.15995025634765625, -0.2067309021949768, 0.40637890420714484, 1791403443700441708, 
-0.03131723403930664, 0.03486180305480957, 0.3783510118009158, 1791403443731822801, 
-0.07231301069259644, 0.31927305459976196, 0.39649493228016325, 1791403443761501086, 
-0.2941516637802124, -0.11501389741897583, 0.3870748106992999, 1791403443792008897, 
0.26719725131988525, 0.1671779751777649, 0.38819281397335303, 1791403443823420669, 
-0.3231486678123474, 0.2552758455276489, 0.42998259295053615, 1791403443852622459, 
0.0979377031326294, -0.09619176387786865, 0.45048605530873836, 1791403443881614870, 
-0.23814469575881958, 0.22311162948608398, 0.4028396562476656, 1791403443911603931, 
-0.1338357925415039, 0.02802717685699463, 0.3927224788092483, 1791403443941619145, 
0.08743429183959961, 0.03480261564254761, 0.40246296606322124, 1791403443971623545, 
0.5057883858680725, 0.3802857995033264, 0.4141052895918325, 1791403444001864271, 
-0.5601096153259277, -0.4184095859527588, 0.4162791027156603, 1791403444031611384, 
0.2394358515739441, 0.1346210241317749, 0.3801029974685009, 1791403444063355946, 
-0.0455327033996582, 0.609626829624176, 0.37466056983716095, 1791403444094218213, 
-0.130327045917511, -0.1284807324409485, 0.41065706373329375, 1791403444121757144, 
0.2808986306190491, 0.028550267219543457, 0.41513911895465355, 1791403444151696958, 
-0.1546006202697754, -0.03231436014175415, 0.4192783098856579, 1791403444181721790, 
-0.11214488744735718, -0.12479269504547119, 0.3863354193486404, 1791403444211713160, 
0.3216089606285095, 0.38090646266937256, 0.3867533165221561, 1791403444241762387, 
-0.5492024421691895, -0.08075070381164551, 0.40757000317437797, 1791403444271810335, 
0.45963406562805176, -0.03157520294189453, 0.3992604636666942, 1791403444303774949, 
-0.07739949226379395, 0.30435383319854736, 0.41543457999542477, 1791403444334681143, 
-0.18547582626342773, -0.1053038239479065, 0.4274522183259933, 1791403444361945904, 
0.2656698226928711, -0.28296518325805664, 0.3905056492996306, 1791403444392011407, 
-0.18136060237884521, 0.28841477632522583, 0.40598716715991967, 1791403444421919148, 
0.10297650098800659, 0.24374985694885254, 0.4287972117837328, 1791403444451908108, 
-0.17386120557785034, 0.006637990474700928, 0.4232810683436251, 1791403444481957269, 
-0.12779033184051514, 0.18582278490066528, 0.4139261893396833, 1791403444511965133, 
-0.03302657604217529, -0.04847908020019531, 0.38233919829136653, 1791403444543354304, 
0.0897795557975769, -0.02153700590133667, 0.3574070077647782, 1791403444575025655, 
-0.04115021228790283, 0.2517266869544983, 0.4179496034751367, 1791403444602073238, 
-0.3713839650154114, -0.00653231143951416, 0.40152522919513334, 1791403444631973594, 
-0.5197364091873169, 0.3841550946235657, 0.35802244753410045, 1791403444654733277, 
0.09236031770706177, 0.13212960958480835, 0.41621453885447884, 1791403444692009009, 
-0.18510526418685913, -0.007060110569000244, 0.3776298388945236, 1791403444722056707, 
0.30221331119537354, 0.12266671657562256, 0.39258454178586333, 1791403444752110460, 
0.13246262073516846, 0.05781000852584839, 0.40098587643344136, 1791403444783377723, 
0.24795085191726685, -0.010254502296447754, 0.4066370481528803, 1791403444814438532, 
0.15001189708709717, 0.1816495656967163, 0.45815575446910006, 1791403444842244944, 
-0.08172297477722168, 0.04138582944869995, 0.391798330757232, 1791403444872276745, 
0.14808112382888794, -0.11301583051681519, 0.39041428648303145, 1791403444902183565, 
-0.21591246128082275, 0.25547605752944946, 0.40782872246050933, 1791403444932206991, 
-0.2725619077682495, -0.1174740195274353, 0.40482184330577026, 1791403444962166767, 
0.37623363733291626, -0.09881341457366943, 0.4032914132210333, 1791403444992200144, 
0.10982632637023926, 0.4960958957672119, 0.39127221044065336, 1791403445023397177, 
-0.038847267627716064, -0.16799569129943848, 0.37698932761438864, 1791403445055628350, 
0.27966737747192383, -0.09803104400634766, 0.45482010958601654, 1791403445082272321, 
-0.08903717994689941, 0.5121366381645203, 0.3935969538539446, 1791403445112218667, 
-0.127410888671875, -0.3106803297996521, 0.3656896926192981, 1791403445142291182, 
-0.42127180099487305, -0.024068117141723633, 0.37706012181023635, 1791403445172287053, 
0.019319653511047363, 0.5899920463562012, 0.3941373905418817, 1791403445202408560, 
-0.3821221590042114, -0.1558550000190735, 0.387878780240804, 1791403445233083269, 
0.1509406566619873, -0.13870692253112793, 0.3965001428656302, 1791403445263646458, 
-0.16741687059402466, 0.5368208289146423, 0.38945817184173964, 1791403445295591099, 
-0.005241811275482178, -0.03957867622375488, 0.4484738870651139, 1791403445323039712, 
0.11145484447479248, -0.26228535175323486, 0.4074546827098123, 1791403445352961415, 
0.21830058097839355, 0.1254522204399109, 0.42596233827035085, 1791403445383005011, 
0.13085341453552246, 0.1584441065788269, 0.3984989191323276, 1791403445412987285, 
-0.03876757621765137, 0.008727550506591797, 0.40453046781162894, 1791403445443045779, 
-0.07035034894943237, 0.3838491439819336, 0.4024923685052708, 1791403445473003896, 
-0.1786438226699829, 0.016954123973846436, 0.3795933430195882, 1791403445504207989, 
-0.03642714023590088, -0.19664126634597778, 0.39011976034282575, 1791403445535479687, 
-0.8433840274810791, 0.13971364498138428, 0.4616176095857965, 1791403445563068517, 
0.4192650318145752, -0.13400131464004517, 0.393588788651479, 1791403445593035389, 
-0.3047059178352356, 0.23891794681549072, 0.3614332735263714, 1791403445623014428, 
0.42397671937942505, 0.26667314767837524, 0.4301532112407518, 1791403445652583581, 
-0.15090632438659668, 0.04864096641540527, 0.41831974946291606, 1791403445682595981, 
0.06537973880767822, 0.050641417503356934, 0.4124750636469633, 1791403445712632286, 
-0.47001075744628906, 0.03849393129348755, 0.39438998051537705, 1791403445743379846, 
0.3804163336753845, -0.2217116355895996, 0.3561430839780713, 1791403445775484402, 
-0.10659807920455933, 0.37690967321395874, 0.43583521611710024, 1791403445802722431, 
-0.023060202598571777, 0.08277440071105957, 0.425175927297196, 1791403445832700618, 
0.08288329839706421, -0.09490817785263062, 0.40653201572109143, 1791403445862668374, 
-0.3056296110153198, 0.35524362325668335, 0.39746349135096115, 1791403445892708697, 
-0.19134223461151123, -0.21137076616287231, 0.39478294600256647, 1791403445922694300, 
-0.25816160440444946, -0.07566642761230469, 0.41709950261778034, 1791403445951795191, 
0.05407637357711792, 0.7102536559104919, 0.4024677913730145, 1791403445982431938, 
-0.584727942943573, -0.09262382984161377, 0.38005402404862076, 1791403446016215545, 
0.09181106090545654, -0.11922675371170044, 0.4634364646758066, 1791403446042861029, 
0.11318904161453247, 0.6440485119819641, 0.3810459870811891, 1791403446072887317, 
-0.29254043102264404, 0.21916651725769043, 0.37759768734643556, 1791403446102932722, 
0.1427096724510193, -0.3400302529335022, 0.38123492087885386, 1791403446132917448, 
0.041857361793518066, 0.12280148267745972, 0.40992481367026185, 1791403446162865081, 
-0.44225257635116577, 0.29279690980911255, 0.39877333858575703, 1791403446192996887, 
0.32320845127105713, -0.18304508924484253, 0.3833714019908741, 1791403446223483727, 
-0.05275368690490723, 0.24703538417816162, 0.38164390628208666, 1791403446255734082, 
-0.2109089493751526, 0.03819918632507324, 0.46888472290289723, 1791403446283011963, 
0.3650433421134949, -0.1169586181640625, 0.4418925557666496, 1791403446312978386, 
-0.7634056806564331, 0.37429195642471313, 0.40506514412781564, 1791403446342956809, 
-0.01641213893890381, 0.10876590013504028, 0.391822421516039, 1791403446372976405, 
-0.34666210412979126, -0.17139780521392822, 0.3850853905937951, 1791403446403001038, 
0.12664371728897095, 0.4528665542602539, 0.3993671841754138, 1791403446433072958, 
-0.3970022201538086, -0.10992211103439331, 0.40830381247494246, 1791403446464213471, 
-0.15068036317825317, 0.1459760069847107, 0.39686016781522954, 1791403446495820055, 
-0.1992354393005371, 0.4528261423110962, 0.42264287984074733, 1791403446523194007, 
-0.284518837928772, -0.3357255458831787, 0.38614819295583847, 1791403446553100380, 
0.16728562116622925, 0.18133246898651123, 0.3909468771144933, 1791403446583148631, 
-0.1476449966430664, 0.30421531200408936, 0.400688243409802, 1791403446613176672, 
-0.008659601211547852, -0.08491039276123047, 0.39434417915246794, 1791403446643149975, 
-0.08947867155075073, 0.013321220874786377, 0.3687200206711642, 1791403446673182305, 
-0.19566750526428223, 0.16302794218063354, 0.3920888811390754, 1791403446703570068, 
-0.11903244256973267, 0.07341957092285156, 0.3773019417205603, 1791403446735574126, 
0.6431970000267029, 0.35794585943222046, 0.4462786551342747, 1791403446763252873, 
-0.5255680680274963, 0.20192432403564453, 0.41888771404687636, 1791403446793206604, 
0.15974432229995728, -0.5233533382415771, 0.40896886196330146, 1791403446823231018, 
0.10633087158203125, 0.3933145999908447, 0.4049646532730819, 1791403446853248488, 
-0.3687446713447571, 0.34511762857437134, 0.4158459218737232, 1791403446882478622, 
-0.09668469429016113, -0.45145827531814575, 0.3942996906330905, 1791403446913393298, 
0.15769672393798828, 0.6465683579444885, 0.38624109278504326, 1791403446943771730, 
-0.031617939472198486, 0.7374593615531921, 0.3608754728574002, 1791403446976033574, 
-0.33190304040908813, -0.19611364603042603, 0.4469929425804088, 1791403447002429606, 
0.22269970178604126, -0.3077244758605957, 0.39771965028796086, 1791403447033394561, 
-0.22918587923049927, 0.6387974619865417, 0.41044383228340797, 1791403447063364459, 
-0.05740875005722046, -0.37428170442581177, 0.40637674150391373, 1791403447093399147, 
0.015325069427490234, -0.041883230209350586, 0.3824287587235381, 1791403447123369138, 
0.181951105594635, 0.9150378108024597, 0.39620060847558747, 1791403447152432467, 
-0.20671790838241577, -0.08177357912063599, 0.4072926442347864, 1791403447182461186, 
-0.16699868440628052, 0.10478633642196655, 0.39002026430993064, 1791403447215697631, 
-0.03522229194641113, 0.1961650252342224, 0.4568545083211694, 1791403447243530461, 
-0.3696187734603882, -0.2561901807785034, 0.40546969297428237, 1791403447273505009, 
0.15280282497406006, 0.25704050064086914, 0.3834714543670141, 1791403447303519634, 
-0.09758853912353516, 0.27878522872924805, 0.40546521213314646, 1791403447333562493, 
-0.05658668279647827, -0.022303640842437744, 0.41437480203016946, 1791403447363591678, 
-0.2062106728553772, 0.46288323402404785, 0.4328417474898483, 1791403447393627465, 
-0.1377086639404297, 0.08693617582321167, 0.3934676220525203, 1791403447424205339, 
-0.009041666984558105, -0.15337014198303223, 0.36749046706522415, 1791403447455428073, 
0.13054531812667847, 0.060124993324279785, 0.42090514730999384, 1791403447485774276, 
-0.08188992738723755, 0.3237953782081604, 0.44715437659679025, 1791403447523647086, 
-0.006027698516845703, -0.03194612264633179, 0.4152383236340509, 1791403447553699027, 
-0.41320890188217163, 0.1486297845840454, 0.37778448920039437, 1791403447583674431, 
0.0004203319549560547, 0.3445674180984497, 0.3333592042024837, 1791403447616307872, 
0.0061684250831604, -0.3115169405937195, 0.3929494255933036, 1791403447645732890, 
0.21424925327301025, 0.04791748523712158, 0.4189642438836216, 1791403447683711149, 
-0.0537603497505188, 0.3759799003601074, 0.4113618236241679, 1791403447713785893, 
0.13863670825958252, -0.2405814528465271, 0.39240414359118925, 1791403447743925587, 
-0.02074754238128662, -0.22107404470443726, 0.3805079185341593, 1791403447776024250, 
0.166728675365448, 0.38357430696487427, 0.4125616611424387, 1791403447805911128, 
0.043021321296691895, 0.45910727977752686, 0.4348379198342311, 1791403447843857153, 
-0.2536170482635498, 0.07139337062835693, 0.3980692016612499, 1791403447874121447, 
0.11049091815948486, -0.4188491106033325, 0.3924641810594128, 1791403447903901231, 
0.20987850427627563, 0.42904698848724365, 0.38886953778109823, 1791403447936124264, 
-0.043944478034973145, 0.4161788821220398, 0.41942125392807633, 1791403447965903735, 
0.03993099927902222, -0.1943308711051941, 0.44342374971352805, 1791403448003924373, 
0.0875997543334961, 0.19614911079406738, 0.39583134244084534, 1791403448034013698, 
-0.1455017328262329, 0.539051353931427, 0.37353862281888606, 1791403448064173225, 
-0.20005464553833008, -0.15386658906936646, 0.36815880694944975, 1791403448095740637, 
0.26146626472473145, 0.09817761182785034, 0.3903583204467013, 1791403448126466677, 
-0.35772186517715454, 0.1995997428894043, 0.4303198848200605, 1791403448163986538, 
0.040644049644470215, 0.18008798360824585, 0.40248866866340144, 1791403448194070858, 
-0.02071976661682129, -0.17693769931793213, 0.4051128374875263, 1791403448224091114, 
0.06474977731704712, 0.28967857360839844, 0.3731231646974519, 1791403448256294394, 
0.014334022998809814, -0.17286020517349243, 0.40242051568971643, 1791403448287402287, 
-0.29764115810394287, 0.059961915016174316, 0.43845307350514384, 1791403448324112771, 
0.3175278306007385, -0.019453346729278564, 0.3861153403846335, 1791403448354169838, 
-0.23559314012527466, 0.000734865665435791, 0.4151765756242808, 1791403448384301104, 
0.08471786975860596, 0.06596332788467407, 0.3861256763284855, 1791403448416112080, 
-0.15183424949645996, -3.62396240234375e-05, 0.4027918773442381, 1791403448447120191, 
0.051322102546691895, 0.4716368317604065, 0.44287019957434287, 1791403448484186981, 
-0.17995089292526245, 0.006283283233642578, 0.3891447927132145, 1791403448514204066, 
0.16600096225738525, -0.019773006439208984, 0.38895576441735197, 1791403448544253745, 
0.2617732286453247, 0.3246971368789673, 0.3878063010084871, 1791403448576268800, 
-0.27518028020858765, -0.08007913827896118, 0.388379541793424, 1791403448606435438, 
0.2492792010307312, 0.09221988916397095, 0.4248270654320464, 1791403448633448846, 
0.03512716293334961, 0.20289188623428345, 0.3761122827403575, 1791403448664643949, 
-0.1662149429321289, 0.17120039463043213, 0.40181946506101773, 1791403448694382408, 
-0.011811673641204834, -0.12886536121368408, 0.4193434707379856, 1791403448724358987, 
0.16688281297683716, 0.5499311685562134, 0.4098605810380933, 1791403448754362349, 
-0.01716512441635132, 0.0384061336517334, 0.3920120327209618, 1791403448784404154, 
0.12348544597625732, -0.4409598112106323, 0.37604084930808346, 1791403448815820669, 
0.19404244422912598, 0.3201001286506653, 0.4026365831478044, 1791403448847688032, 
-0.1914539337158203, 0.22096329927444458, 0.4831205867168679, 1791403448873472140, 
-0.18670743703842163, -0.2281004786491394, 0.3877965347920847, 1791403448904419209, 
0.4097159504890442, 0.431407630443573, 0.44078012176392806, 1791403448933432179, 
-0.15231692790985107, 0.042748868465423584, 0.41409150870103056, 1791403448963450765, 
0.285414457321167, -0.1966087818145752, 0.39238923640167717, 1791403448994485665, 
-0.05602508783340454, 0.16173690557479858, 0.43212687722079035, 1791403449024532851, 
-0.4879533648490906, -0.014718770980834961, 0.38115894857514626, 1791403449055985130, 
0.26605522632598877, 0.02972722053527832, 0.3573557872066102, 1791403449088191742, 
0.10144925117492676, 0.32947254180908203, 0.40753584448733055, 1791403449124590427, 
0.11560946702957153, 0.26086199283599854, 0.40553979382773025, 1791403449154588578, 
-0.16332775354385376, -0.14353984594345093, 0.41963226862543823, 1791403449184661186, 
0.39592403173446655, 0.37111759185791016, 0.39940907871660186, 1791403449216227843, 
0.2666773796081543, 0.010714530944824219, 0.3622281258269032, 1791403449247711378, 
-0.21034133434295654, -0.09544992446899414, 0.40629678409454134, 1791403449274693728, 
-0.04002887010574341, 0.13995450735092163, 0.40984431828440065, 1791403449304662436, 
0.02963799238204956, -0.06307721138000488, 0.3595186312873569, 1791403449327759645, 
-0.22058731317520142, 0.07234740257263184, 0.45294839212094345, 1791403449364682864, 
0.027884483337402344, 0.105679452419281, 0.3958331435281771, 1791403449394689680, 
-0.04911923408508301, 0.04020404815673828, 0.3860769052174591, 1791403449424830080, 
0.14746546745300293, -0.045834124088287354, 0.39034448021572576, 1791403449455809294, 
0.10945999622344971, 0.30105340480804443, 0.3854069483933509, 1791403449487737791, 
-0.36923593282699585, -0.09353673458099365, 0.43363444802788165, 1791403449514907454, 
-0.1364433765411377, -0.2356719970703125, 0.38868364053856, 1791403449544878350, 
0.13699370622634888, 0.4638458490371704, 0.3753054785484849, 1791403449574821033, 
0.07915008068084717, -0.02267056703567505, 0.3720649100116629, 1791403449605100064, 
-0.026231467723846436, -0.13733786344528198, 0.41784627682606984, 1791403449634853082, 
-0.1415480375289917, 0.31449902057647705, 0.40643955054366476, 1791403449664899707, 
-0.10516977310180664, 0.09935194253921509, 0.3894380661832874, 1791403449695742947, 
0.10468405485153198, -0.17200958728790283, 0.3654249425547928, 1791403449728350242, 
0.21971392631530762, 0.27956217527389526, 0.47649440226883755, 1791403449754951930, 
-0.35133153200149536, 0.3400169014930725, 0.4320323864875312, 1791403449783935730, 
0.13750648498535156, 0.005689680576324463, 0.364105668851238, 1791403449807020174, 
-0.3004729747772217, 0.23314893245697021, 0.46215059505887196, 1791403449834066444, 
0.15617138147354126, -0.2218746542930603, 0.37786076301176375, 1791403449864952337, 
0.21318906545639038, 0.019517064094543457, 0.3870319076462978, 1791403449894994656, 
-0.34558647871017456, 0.20533764362335205, 0.4178489927373854, 1791403449925017479, 
0.15654093027114868, -0.08067786693572998, 0.42438823308457824, 1791403449955044441, 
-0.2546929717063904, 0.17842155694961548, 0.43185697817136814, 1791403449985147300, 
0.010796904563903809, 0.1891912817955017, 0.3999214210546812, 1791403450015862364, 
-0.09167879819869995, -0.21487969160079956, 0.35630857938398275, 1791403450048211983, 
0.42605918645858765, 0.3177885413169861, 0.41887281491124306, 1791403450075183828, 
-0.16495758295059204, -0.01807856559753418, 0.39929982133529723, 1791403450105118051, 
-0.17431426048278809, 0.22637319564819336, 0.34780420137725304, 1791403450127737244, 
-0.17690861225128174, 0.11336880922317505, 0.41724693380112393, 1791403450155247878, 
-0.011574923992156982, -0.16894805431365967, 0.38980019055981396, 1791403450185213786, 
0.2741088271141052, 0.14357799291610718, 0.4016816682269326, 1791403450215157004, 
-0.2201482057571411, 0.17532777786254883, 0.41609907495077203, 1791403450245184822, 
0.0959540605545044, -0.09743893146514893, 0.4198265752724321, 1791403450275205092, 
-0.04777944087982178, 0.4420638680458069, 0.4151136426367029, 1791403450305216412, 
0.26223695278167725, 0.016339778900146484, 0.40581060213437004, 1791403450335825927, 
0.07789218425750732, -0.121951162815094, 0.3644642017832588, 1791403450368202554, 
0.5890279412269592, 0.02916508913040161, 0.4550834800249025, 1791403450395384277, 
-0.2986311912536621, 0.07323682308197021, 0.4110923417068382, 1791403450425352306, 
0.12156116962432861, 0.14000654220581055, 0.3554258577466745, 1791403450447805389, 
0.13826018571853638, 0.1617058515548706, 0.4281249427940148, 1791403450485365113, 
-0.3161287307739258, 0.18914341926574707, 0.40397398034202253, 1791403450515377376, 
-0.12946546077728271, -0.22238081693649292, 0.402761248594094, 1791403450545388080, 
0.004671216011047363, 0.32533276081085205, 0.38745061060383196, 1791403450575822637, 
0.003203094005584717, 0.1137588620185852, 0.3723542481099431, 1791403450607957689, 
-0.07793647050857544, -0.3469736576080322, 0.467459353702032, 1791403450634441391, 
0.1917717456817627, 0.3530987501144409, 0.40867953861303197, 1791403450665413740, 
0.004191398620605469, 0.14869266748428345, 0.4428756690129567, 1791403450694437272, 
0.027228474617004395, -0.12493741512298584, 0.39845852232226214, 1791403450724438234, 
0.32006633281707764, 0.3206692934036255, 0.3849523947573349, 1791403450754462883, 
-0.09603643417358398, -0.10000836849212646, 0.38138154993462065, 1791403450785521129, 
0.2180284857749939, -0.09315752983093262, 0.3825282304091428, 1791403450816242217, 
-0.1842023730278015, 0.16031712293624878, 0.39824742988910417, 1791403450847776755, 
0.02088022232055664, 0.1646314263343811, 0.4494953159813396, 1791403450875648934, 
0.1962970495223999, 0.04290199279785156, 0.42173515580525267, 1791403450905581867, 
0.003570377826690674, -0.12824511528015137, 0.40791007743554375, 1791403450935625470, 
0.14667224884033203, 0.20214515924453735, 0.3476135748422264, 1791403450957751283, 
0.021579742431640625, 0.017527639865875244, 0.40689347156946654, 1791403450995649272, 
-0.2340589165687561, 0.46352940797805786, 0.39808381349112, 1791403451025631910, 
0.1442839503288269, -0.16469335556030273, 0.3578615232125824, 1791403451055836832, 
0.01348644495010376, -0.1999351978302002, 0.3483663394899045, 1791403451088145232, 
0.016970157623291016, 0.4291437864303589, 0.41530045823196515, 1791403451117745786, 
-0.01935368776321411, -0.09110796451568604, 0.4535177905735066, 1791403451145720021, 
-0.02322101593017578, -0.04285675287246704, 0.417126205019582, 1791403451175794858, 
-0.19619625806808472, 0.16250449419021606, 0.39399476074205153, 1791403451205800811, 
-0.2914000153541565, 0.08174389600753784, 0.38337065330847964, 1791403451236053198, 
-0.010038316249847412, -0.1117444634437561, 0.4018442511789817, 1791403451265841552, 
0.2806220054626465, 0.24493205547332764, 0.4192508771055851, 1791403451296734218, 
-0.182639479637146, -0.07691454887390137, 0.38888058621801896, 1791403451328512442, 
-0.01613563299179077, -0.1299353837966919, 0.40936026690899024, 1791403451358192162, 
0.060750722885131836, 0.17956006526947021, 0.427772813554513, 1791403451395907010, 
0.4130447506904602, 0.24643301963806152, 0.409025072561984, 1791403451426077539, 
-0.17446362972259521, -0.2520156502723694, 0.40180526870554195, 1791403451456624403, 
0.2547783851623535, 0.16368257999420166, 0.3955691608491817, 1791403451488066887, 
-0.37917643785476685, 0.2832564115524292, 0.4026362869429235, 1791403451517471707, 
0.23879766464233398, -0.4061877131462097, 0.3966967381854867, 1791403451546037312, 
0.29261237382888794, 0.10356611013412476, 0.3928216770037934, 1791403451575944370, 
-0.02353566884994507, 0.25166743993759155, 0.405502222688845, 1791403451605971460, 
-0.12066352367401123, -0.23359984159469604, 0.41573738671302457, 1791403451635995368, 
-0.04865604639053345, 0.3479859232902527, 0.41694653030723317, 1791403451665017457, 
0.08329683542251587, 0.10611271858215332, 0.3759159417574898, 1791403451696100847, 
0.13991254568099976, -0.18468552827835083, 0.3612499658648188, 1791403451727933997, 
-0.32883286476135254, 0.23949480056762695, 0.3873835225340265, 1791403451759061083, 
0.05276292562484741, 0.02716141939163208, 0.45733827567151975, 1791403451786163002, 
-0.5777603983879089, 0.0800774097442627, 0.39622255585462224, 1791403451816123817, 
0.4723837971687317, 0.24381273984909058, 0.4153701277988668, 1791403451846146296, 
-0.3034050464630127, -0.12943363189697266, 0.44943948194822175, 1791403451876161744, 
0.42387616634368896, -0.09685075283050537, 0.42739763118684204, 1791403451906425363, 
0.03704911470413208, 0.5572265982627869, 0.40508010666576527, 1791403451936231901, 
0.001111149787902832, -0.19241386651992798, 0.352319898423175, 1791403451968223446, 
0.12375998497009277, -0.11682277917861938, 0.3701917288785757, 1791403451998888025, 
-0.06870609521865845, 0.05339634418487549, 0.43640887607487644, 1791403452026236629, 
0.14075911045074463, 0.13227695226669312, 0.40393198147638765, 1791403452056250530, 
0.17179137468338013, -0.12682324647903442, 0.4139633164346046, 1791403452086318883, 
0.016515076160430908, 0.18545842170715332, 0.3900573949503897, 1791403452116320394, 
-0.06335264444351196, -0.05863124132156372, 0.3978133436824536, 1791403452146313596, 
0.10549294948577881, -0.043267130851745605, 0.3965260552110155, 1791403452176366467, 
-0.015383005142211914, 0.48928678035736084, 0.37929139745029306, 1791403452208145289, 
-0.28472787141799927, -0.35276901721954346, 0.39100801634885224, 1791403452239760808, 
0.18601149320602417, 0.05926579236984253, 0.4568516074621362, 1791403452266424242, 
-0.038909733295440674, 0.4677276015281677, 0.3928269551543476, 1791403452296400918, 
-0.03415572643280029, -0.36126554012298584, 0.39194711478269456, 1791403452326406026, 
0.01189488172531128, -0.05949527025222778, 0.4221984829114171, 1791403452355461694, 
0.08821773529052734, 0.3444475531578064, 0.41564484480978703, 1791403452385459201, 
-0.07579874992370605, -0.05757862329483032, 0.3860786395063321, 1791403452416527395, 
0.25968676805496216, -0.21956223249435425, 0.3872688022189555, 1791403452448257110, 
-0.017234206199645996, 0.4367448091506958, 0.39794790498186755, 1791403452480174991, 
-0.2875356674194336, 0.1845414638519287, 0.4295973903314369, 1791403452516508748, 
-0.11174684762954712, -0.49121910333633423, 0.38295893115480245, 1791403452546542319, 
0.1231459379196167, 0.4921215772628784, 0.3877500548251914, 1791403452576582902, 
-0.18633407354354858, 0.12136566638946533, 0.3743760120120278, 1791403452608608707, 
0.11430174112319946, -0.1166498064994812, 0.40234045722230133, 1791403452639930644, 
0.05980771780014038, 0.0005225539207458496, 0.4772315806337685, 1791403452666637473, 
-0.16949611902236938, 0.16484606266021729, 0.3936586828949762, 1791403452696620267, 
0.18091648817062378, 0.07842981815338135, 0.3952933374578564, 1791403452726603302, 
0.14905798435211182, -0.13623660802841187, 0.40548376313401047, 1791403452756680904, 
0.1283382773399353, 0.1284814476966858, 0.405675575079381, 1791403452786666216, 
-0.1304052472114563, 0.025123655796051025, 0.39917765569427055, 1791403452816658565, 
-0.4467352032661438, 0.10956406593322754, 0.3818577187119722, 1791403452847803394, 
0.15188229084014893, 0.1025322675704956, 0.38474436189515143, 1791403452880044562, 
0.18352770805358887, -0.020591259002685547, 0.4515252109366139, 1791403452906829692, 
-0.04515260457992554, -0.01692831516265869, 0.39963086802396885, 1791403452936794527, 
0.06703567504882812, 0.047993361949920654, 0.40404687283243196, 1791403452966843437, 
-0.2327304482460022, 0.14101946353912354, 0.3956166583688834, 1791403452996792547, 
0.3071053624153137, 0.08784860372543335, 0.3889472410710347, 1791403453026823791, 
-0.2633640766143799, -0.06228995323181152, 0.3910672556250931, 1791403453056881542, 
0.26728010177612305, -0.07008939981460571, 0.38746334083639417, 1791403453087924470, 
0.017782390117645264, 0.3395204544067383, 0.3834134698790325, 1791403453119474887, 
-0.0077599287033081055, -0.35761189460754395, 0.42755176584224136, 1791403453146894189, 
0.3174484968185425, -0.10652381181716919, 0.38694368013509145, 1791403453176957029, 
-0.19778937101364136, 0.5558143854141235, 0.3917492720933388, 1791403453206892160, 
-0.23694735765457153, -0.2737547755241394, 0.4148200561423941, 1791403453236926833, 
0.20722132921218872, -0.24379181861877441, 0.43134148901295, 1791403453267053138, 
0.14856523275375366, 0.7163794040679932, 0.4063388748242351, 1791403453296926693, 
-0.38332730531692505, -0.28158366680145264, 0.3828458085041782, 1791403453328508928, 
0.3653775453567505, -0.17559504508972168, 0.3685281438753419, 1791403453359874513, 
-0.2573448419570923, 0.5331223011016846, 0.44616284437144144, 1791403453387041929, 
0.20507198572158813, -0.16990923881530762, 0.4206711790297893, 1791403453417041384, 
-0.14143377542495728, -0.07354408502578735, 0.4208810025841304, 1791403453447085549, 
0.033789992332458496, 0.36753982305526733, 0.40237498237841934, 1791403453477091839, 
-0.023733854293823242, -0.15346330404281616, 0.3751832120561199, 1791403453507175423, 
0.028569936752319336, -0.15065526962280273, 0.3823262516177412, 1791403453537115573, 
-0.2087586522102356, 0.1494210958480835, 0.3935126556288344, 1791403453568421565, 
-0.03109675645828247, 0.09979856014251709, 0.390688804572764, 1791403453600039056, 
0.23956453800201416, -0.03951382637023926, 0.4677650293408185, 1791403453626184141, 
0.009129345417022705, 0.16516035795211792, 0.38347715847784203, 1791403453656129655, 
0.0722467303276062, -0.1098407506942749, 0.3803780141389302, 1791403453687231501, 
-0.01609957218170166, -0.06620180606842041, 0.4190429929103828, 1791403453717140026, 
-0.21285194158554077, -0.018216490745544434, 0.4208576359682686, 1791403453747298408, 
0.09595632553100586, -0.06752908229827881, 0.40275190233139185, 1791403453777278524, 
0.22390908002853394, -0.12934774160385132, 0.38863911757552455, 1791403453807966933, 
-0.10134387016296387, 0.19761478900909424, 0.383757554676111, 1791403453839798628, 
0.03241419792175293, 0.09654152393341064, 0.4452544371961431, 1791403453867368434, 
-0.01861470937728882, -0.16148996353149414, 0.40911620666498083, 1791403453907496521, 
0.17177361249923706, 0.14589178562164307, 0.3873285942315663, 1791403453937337327, 
-0.370114266872406, 0.055995821952819824, 0.37503530992325473, 1791403453967899279, 
0.15175431966781616, -0.2839910387992859, 0.3694213982780227, 1791403454000154252, 
0.1408318281173706, 0.5864569544792175, 0.4663799396897804, 1791403454026459022, 
-0.3892853856086731, -0.16959762573242188, 0.38802734709739517, 1791403454057427009, 
0.17141515016555786, -0.02388066053390503, 0.42111341045151146, 1791403454086457090, 
0.027077794075012207, 0.4963136911392212, 0.3856308383223829, 1791403454116460858, 
-0.020901858806610107, -0.40529322624206543, 0.39071747985544136, 1791403454146441391, 
0.016192257404327393, 0.02232426404953003, 0.39651081182360653, 1791403454176453994, 
0.07756227254867554, 0.5496048331260681, 0.3927706837223502, 1791403454208579559, 
-0.45460379123687744, -0.2525768280029297, 0.3825142174421199, 1791403454239911833, 
0.5592556595802307, -0.1554279327392578, 0.43579136349009623, 1791403454267608009, 
-0.25684791803359985, 0.5353255271911621, 0.42048755680548594, 1791403454297618653, 
-0.053092896938323975, -0.4334486722946167, 0.40717469492496305, 1791403454327552880, 
0.21066546440124512, -0.2555810213088989, 0.405098360027658, 1791403454357597438, 
-0.34676748514175415, 0.6101194620132446, 0.4084784912118031, 1791403454387638427, 
0.14804911613464355, -0.20149582624435425, 0.41850406126928874, 1791403454417602146, 
0.29077649116516113, -0.03809636831283569, 0.4048498299938483, 1791403454448161322, 
-0.04958295822143555, 0.18488538265228271, 0.391339492925303, 1791403454479914689, 
-0.15518701076507568, -0.2631075978279114, 0.42505847298134525, 1791403454507757962, 
-0.015196263790130615, 0.1326509714126587, 0.39511556155147576, 1791403454537661809, 
-0.2879195213317871, 0.21751123666763306, 0.39643651593595075, 1791403454567757404, 
0.05708467960357666, -0.03653669357299805, 0.3881809282881276, 1791403454598357297, 
0.09842157363891602, 0.000568687915802002, 0.40603880963479677, 1791403454628530379, 
-0.3373755216598511, -0.2568327784538269, 0.4074072028611707, 1791403454658714058, 
0.18368959426879883, -0.33117711544036865, 0.4009844020349183, 1791403454688548746, 
0.2739156484603882, -0.12575101852416992, 0.36791894850537604, 1791403454720316548, 
-0.02959609031677246, 0.32059890031814575, 0.43305598343130264, 1791403454747855547, 
-0.08179628849029541, -0.1502630114555359, 0.4175116794556045, 1791403454778387509, 
-0.2749917507171631, -0.06607967615127563, 0.44924914157962914, 1791403454807446195, 
0.17856639623641968, 0.408461332321167, 0.40513733214919767, 1791403454837462882, 
0.11602336168289185, -0.27045679092407227, 0.37934920994365956, 1791403454868479693, 
0.04882180690765381, -0.03366011381149292, 0.39850175547147526, 1791403454897433155, 
-0.1610693335533142, 0.18227607011795044, 0.40096212498437167, 1791403454929022248, 
-0.4050137996673584, -0.10809063911437988, 0.38475730670575836, 1791403454959851785, 
0.2133898138999939, 0.2849995493888855, 0.3813944285057915, 1791403454990046710, 
-0.2944481372833252, -0.08086377382278442, 0.41467902837235077, 1791403455018497354, 
0.03534054756164551, -0.30326080322265625, 0.3993522799033504, 1791403455048526854, 
0.5266038179397583, 0.2497805953025818, 0.42713134040960554, 1791403455078518552, 
-0.38393354415893555, 0.014025688171386719, 0.38551338273276825, 1791403455108529635, 
-0.06462347507476807, -0.15991425514221191, 0.3706983229469319, 1791403455138478866, 
0.005241215229034424, 0.19486868381500244, 0.38376855875771243, 1791403455168699777, 
-0.07523471117019653, 0.03841078281402588, 0.3834614281555284, 1791403455199972436, 
0.06637156009674072, -0.2924168109893799, 0.42567123097431403, 1791403455230161684, 
-0.11053842306137085, -0.022868871688842773, 0.4449582835485895, 1791403455268523548, 
0.22605091333389282, 0.3243054747581482, 0.41120982640234344, 1791403455298532137, 
-0.4199204444885254, -0.2546078562736511, 0.40382006598154363, 1791403455328572013, 
0.13506942987442017, 0.16085147857666016, 0.3748784679866025, 1791403455360691457, 
-0.032140910625457764, 0.21787714958190918, 0.4226934534129791, 1791403455390747469, 
0.37175315618515015, 0.031108081340789795, 0.4459122190412309, 1791403455418520842, 
-0.191977858543396, -0.025413453578948975, 0.3910090409550554, 1791403455448594520, 
0.14511972665786743, -0.1056329607963562, 0.3937105028711913, 1791403455478591996, 
-0.5015296339988708, 0.04427593946456909, 0.3931943699155971, 1791403455508637757, 
0.4078097939491272, -0.1193164587020874, 0.394543823389866, 1791403455538939500, 
-0.35003215074539185, 0.414650022983551, 0.3922161228092731, 1791403455568912391, 
0.13390380144119263, -0.16969650983810425, 0.3711704761145603, 1791403455599968731, 
-0.20903760194778442, 0.06462419033050537, 0.3681555753993415, 1791403455631096460, 
-0.05954587459564209, 0.049091637134552, 0.42108594814613765, 1791403455658642453, 
-0.2605651617050171, -0.021943509578704834, 0.406992136193819, 1791403455688633720, 
0.007788717746734619, 0.09991276264190674, 0.4184434013091367, 1791403455718580819, 
-0.2201424241065979, 0.10902976989746094, 0.41586489876257554, 1791403455748638452, 
-0.009003102779388428, -0.0824320912361145, 0.40347316426794855, 1791403455778627023, 
0.10177475214004517, -0.06350690126419067, 0.41594745859015325, 1791403455808681800, 
-0.2480776309967041, 0.18315643072128296, 0.3984923040250876, 1791403455839995739, 
0.23283779621124268, -0.298231840133667, 0.3932260988674784, 1791403455871475273, 
-0.11245650053024292, 0.12267470359802246, 0.45626470870680275, 1791403455898731531, 
-0.19445312023162842, 0.3815458416938782, 0.37622819808854063, 1791403455928680536, 
-0.09649068117141724, -0.29342061281204224, 0.38493895292417013, 1791403455958780768, 
0.002100706100463867, 0.1679821014404297, 0.4141733003499035, 1791403455988685296, 
-0.18344718217849731, 0.03012913465499878, 0.419348459711986, 1791403456018785117, 
-0.18954229354858398, -0.27590733766555786, 0.3960053467478949, 1791403456048802346, 
0.529741108417511, 0.46115660667419434, 0.3668596163495847, 1791403456079911048, 
-0.24700051546096802, -0.04746866226196289, 0.37348663010376426, 1791403456111947719, 
-0.10089236497879028, -0.29445505142211914, 0.4369937386716709, 1791403456138838831, 
0.18750250339508057, 0.46859288215637207, 0.4290679761492398, 1791403456168805311, 
-0.3382965326309204, -0.11001330614089966, 0.42034678044176593, 1791403456198819514, 
-0.11141109466552734, -0.2897220849990845, 0.4041157358153716, 1791403456228791792, 
0.2725400924682617, 0.25057870149612427, 0.4365989842951052, 1791403456258873675, 
-0.4234190583229065, 0.02216792106628418, 0.4153669597316129, 1791403456289068725, 
0.19061493873596191, -0.15935808420181274, 0.39046577029477375, 1791403456320354316, 
-0.23098373413085938, 0.1911640167236328, 0.37483730562322487, 1791403456352228049, 
0.19978153705596924, -0.04004114866256714, 0.4471522805685247, 1791403456378936830, 
0.09903770685195923, -0.13430684804916382, 0.4098948352889897, 1791403456409235748, 
0.23374032974243164, 0.12254130840301514, 0.41778924349281676, 1791403456438987092, 
-0.3587992787361145, -0.04220539331436157, 0.4075698656289626, 1791403456468995482, 
-0.21076524257659912, -0.1957140564918518, 0.3881422516206478, 1791403456498941924, 
-0.011902272701263428, 0.27458733320236206, 0.38158122946053813, 1791403456528918018, 
0.25463050603866577, -0.04209095239639282, 0.3757158797109592, 1791403456560107952, 
-0.037895917892456055, -0.04696387052536011, 0.3722934808737751, 1791403456591960865, 
-0.23227185010910034, -0.013226509094238281, 0.4610827360272904, 1791403456619031364, 
-0.21742504835128784, -0.05582118034362793, 0.4076950630131605, 1791403456648922998, 
0.1669323444366455, 0.01678413152694702, 0.37681938109197705, 1791403456678930403, 
-0.1022484302520752, 0.08808505535125732, 0.4004668631822685, 1791403456708942397, 
-0.14305216073989868, 0.04428434371948242, 0.42558136923202183, 1791403456738944871, 
0.45658987760543823, -0.00011211633682250977, 0.41638472110629166, 1791403456768921883, 
-0.2717558741569519, 0.20327842235565186, 0.38662478184712645, 1791403456800229857, 
-0.16725045442581177, -0.33737075328826904, 0.36018215940909803, 1791403456832535164, 
-0.2013089656829834, -0.2916696071624756, 0.42529039923261536, 1791403456868989562, 
0.03905457258224487, 0.3438979387283325, 0.4004341684655759, 1791403456899035758, 
-0.5711222290992737, 0.08522331714630127, 0.4119338771143258, 1791403456929056524, 
-0.01612997055053711, -0.2056991457939148, 0.38174920151181657, 1791403456960758235, 
0.10537976026535034, 0.14414829015731812, 0.3853386245797428, 1791403456992162088, 
-0.13789159059524536, 0.14406800270080566, 0.4368213280836349, 1791403457019132666, 
0.2525489926338196, -0.2988927960395813, 0.3850207174139313, 1791403457049198795, 
-0.14137232303619385, 0.04625391960144043, 0.4079793934017753, 1791403457079163672, 
-0.29031503200531006, 0.09849661588668823, 0.388958251725191, 1791403457109139088, 
0.08849918842315674, -0.07350420951843262, 0.39394492894127237, 1791403457139207433, 
-0.06525993347167969, 0.35501211881637573, 0.40654840861811664, 1791403457169181089, 
-0.13021862506866455, -0.09147870540618896, 0.4147772534359477, 1791403457200039182, 
0.12072622776031494, -0.07681000232696533, 0.3976476803279022, 1791403457232014976, 
0.06963622570037842, 0.08446568250656128, 0.4589500045462658, 1791403457259598642, 
-0.38838231563568115, 0.26320844888687134, 0.39589236201091527, 1791403457289391165, 
-0.19340038299560547, -0.1253226399421692, 0.3888144790714158, 1791403457319301756, 
0.11008667945861816, -0.03639209270477295, 0.43328811049106475, 1791403457349300202, 
-0.48142391443252563, 0.29440784454345703, 0.4248289263185561, 1791403457378334734, 
0.30640238523483276, -0.25843095779418945, 0.3757990589145322, 1791403457409349038, 
-0.18176692724227905, -0.010686874389648438, 0.37432648234086785, 1791403457439043547, 
-0.1614336371421814, 0.05206453800201416, 0.3484583511664335, 1791403457472690304, 
0.02294093370437622, 0.05336403846740723, 0.47103915975095306, 1791403457498519013, 
-0.29568159580230713, 0.09408169984817505, 0.3900759428541599, 1791403457529417909, 
-0.139909565448761, -0.010005533695220947, 0.4000628997386906, 1791403457559387662, 
-0.016209661960601807, 0.021605074405670166, 0.38543032107060987, 1791403457589581814, 
0.07514572143554688, 0.09079408645629883, 0.4273537563140801, 1791403457618486134, 
-0.13160043954849243, -0.057468950748443604, 0.4113954163127561, 1791403457648521101, 
0.25156092643737793, 0.26992422342300415, 0.3716140086657571, 1791403457680001111, 
-0.3509784936904907, 0.17844951152801514, 0.3964937239681227, 1791403457712081423, 
0.0907660722732544, -0.35165995359420776, 0.4453798439480153, 1791403457739639928, 
0.20569759607315063, -0.03788203001022339, 0.410663677771194, 1791403457769585350, 
-0.21684283018112183, 0.29051780700683594, 0.4037557228064446, 1791403457799594763, 
-0.4307892322540283, -0.261565625667572, 0.39274431827462325, 1791403457829665056, 
0.10516607761383057, 0.06835150718688965, 0.4038832293603723, 1791403457859695304, 
-0.09712976217269897, 0.5649500489234924, 0.40367157213760346, 1791403457889643547, 
-0.03249114751815796, -0.2031238079071045, 0.3826038980000064, 1791403457920968102, 
0.16130542755126953, -0.05278897285461426, 0.39177589718519373, 1791403457952291415, 
-0.12255841493606567, 0.3338242173194885, 0.4599531698093346, 1791403457979734926, 
-0.326803982257843, -0.28199946880340576, 0.40783461384630204, 1791403458009655413, 
0.1000978946685791, 0.25313055515289307, 0.3659128081833969, 1791403458039715967, 
-0.13011819124221802, 0.37152212858200073, 0.38047037767068026, 1791403458069673476, 
0.023213863372802734, -0.21475636959075928, 0.3945586838043527, 1791403458099780788, 
0.14210206270217896, 0.028892993927001953, 0.4168368270633286, 1791403458129784747, 
-0.305695116519928, -0.00042957067489624023, 0.42967500994456015, 1791403458160046545, 
-0.02202475070953369, -0.11005407571792603, 0.38991646267979235, 1791403458192069939, 
0.11633431911468506, -0.19403547048568726, 0.4201764605387519, 1791403458219864480, 
-0.033747851848602295, 0.3670617341995239, 0.4068294811461728, 1791403458249824657, 
-0.306617796421051, 0.14205926656723022, 0.4205811357972053, 1791403458279845072, 
-0.1338714361190796, 0.16558629274368286, 0.4163540497365241, 1791403458309838380, 
0.3352009654045105, 0.27983951568603516, 0.3712988198340247, 1791403458339903911, 
-0.12660282850265503, -0.4264158606529236, 0.37707808340370264, 1791403458369866349, 
-0.012289285659790039, 0.018972396850585938, 0.43100198905583215, 1791403458400070066, 
-0.12354379892349243, 0.4653289318084717, 0.39691038927855005, 1791403458432505176, 
-0.03962749242782593, -0.255362868309021, 0.4425916766406693, 1791403458459921341, 
0.07061296701431274, 0.09933251142501831, 0.36241155618573895, 1791403458489922350, 
0.10426801443099976, 0.05701535940170288, 0.381140176514286, 1791403458519913303, 
-0.07407081127166748, 0.051595985889434814, 0.40603342749218074, 1791403458549951463, 
-0.13828790187835693, 0.2406231164932251, 0.40339512193365457, 1791403458579988720, 
-0.5843601822853088, -0.3593102693557739, 0.39221353627552674, 1791403458610107695, 
-0.04175591468811035, 0.13443559408187866, 0.38755336641471594, 1791403458640096168, 
0.27229398488998413, 0.5590665340423584, 0.37507001431410125, 1791403458672346149, 
-0.20662730932235718, -0.16001808643341064, 0.43740298150076484, 1791403458702107743, 
-0.04488927125930786, -0.16402453184127808, 0.46902073024761054, 1791403458730111518, 
0.20146095752716064, 0.46591097116470337, 0.40591254245596964, 1791403458760148510, 
-0.5796006321907043, -0.05408889055252075, 0.37804665119230985, 1791403458790126023, 
0.08450305461883545, -0.17949217557907104, 0.38494464498936115, 1791403458820112569, 
-0.2675880193710327, 0.6076080203056335, 0.40432646843350845, 1791403458850142538, 
0.1598224639892578, -0.1753939390182495, 0.40371203227080915, 1791403458880551826, 
-0.015371203422546387, -0.30472391843795776, 0.3988434908053703, 1791403458912082825, 
-0.020289182662963867, 0.5434993505477905, 0.41800835310810514, 1791403458942104373, 
-0.4505544900894165, 0.3240489959716797, 0.41430089649385465, 1791403458970592554, 
-0.036737263202667236, -0.17147201299667358, 0.3864180268767063, 1791403459000248328, 
0.17815154790878296, 0.1564960479736328, 0.4060386275367558, 1791403459030253517, 
-0.20169568061828613, 0.09605270624160767, 0.38805814581842907, 1791403459060307598, 
0.04527878761291504, -0.02224588394165039, 0.4167621375937298, 1791403459090283660, 
-0.06084960699081421, 0.18990159034729004, 0.42350570144351607, 1791403459120327205, 
0.027732253074645996, 0.15077495574951172, 0.3702004187351362, 1791403459152484517, 
-0.36416202783584595, -0.16053718328475952, 0.39397423699909406, 1791403459182619349, 
0.11976546049118042, 0.5664714574813843, 0.4475805683401316, 1791403459210356875, 
-0.2569528818130493, 0.15029722452163696, 0.37834746058530994, 1791403459240328676, 
0.02413696050643921, 0.08791273832321167, 0.3318627134916244, 1791403459262635224, 
-0.2999606132507324, 0.010379493236541748, 0.4395741555136908, 1791403459289463262, 
0.031930506229400635, 0.01784735918045044, 0.4112919698099461, 1791403459320364109, 
-0.2769889831542969, 0.32048964500427246, 0.45964955417145603, 1791403459348495575, 
-0.04332149028778076, 0.02281707525253296, 0.4109856283465417, 1791403459378446284, 
0.24892914295196533, -0.1815924048423767, 0.3851591667371802, 1791403459408443070, 
-0.0851905345916748, 0.17139941453933716, 0.3985357728539372, 1791403459438465995, 
-0.00019353628158569336, -0.009513258934020996, 0.3696935994565805, 1791403459472195382, 
-0.20748335123062134, 0.27423590421676636, 0.3672916176548556, 1791403459503248500, 
-0.16359251737594604, 0.2958908677101135, 0.42580927666803925, 1791403459530554657, 
-0.12129569053649902, -0.41268080472946167, 0.3997712669836313, 1791403459560571645, 
0.3753674626350403, 0.12305933237075806, 0.39006787319023684, 1791403459590564323, 
-0.05673635005950928, 0.3380364775657654, 0.410355736257031, 1791403459620582855, 
-0.15178799629211426, -0.21191656589508057, 0.4168251339634619, 1791403459650630052, 
0.14956450462341309, 0.16073453426361084, 0.4149743795627524, 1791403459680616518, 
0.13950753211975098, 0.30883079767227173, 0.3752506204033679, 1791403459713064202, 
-0.08915203809738159, -0.37282949686050415, 0.3866234009740411, 1791403459743598448, 
0.06179404258728027, -0.05005413293838501, 0.44076499787173906, 1791403459770752773, 
-0.14913791418075562, 0.500188410282135, 0.39574530832155713, 1791403459800722804, 
-0.47390806674957275, -0.11038768291473389, 0.3783229765054727, 1791403459830938472, 
0.19839441776275635, -0.22392302751541138, 0.4055633611490407, 1791403459860714626, 
-0.1392122507095337, 0.6532293558120728, 0.42592396122687975, 1791403459890724039, 
-0.18150252103805542, -0.06381767988204956, 0.4363326984400861, 1791403459920795361, 
0.02793717384338379, 0.02546912431716919, 0.39649504273840314, 1791403459952145762, 
0.06539946794509888, 0.2326878309249878, 0.3773241738271315, 1791403459983455712, 
-0.2139384150505066, 0.03781014680862427, 0.4022316097941034, 1791403460010868457, 
0.08776497840881348, -0.022412896156311035, 0.36750456263949915, 1791403460040844728, 
-0.31995588541030884, 0.11546069383621216, 0.41632048138823463, 1791403460070859326, 
0.1091989278793335, 0.16984283924102783, 0.42170450061555476, 1791403460100856599, 
-0.11252766847610474, 0.10782599449157715, 0.4052003149148302, 1791403460130918857, 
-0.1649458408355713, 0.0923888087272644, 0.39041460533416494, 1791403460161001915, 
0.22423458099365234, -0.10890442132949829, 0.3835822168231311, 1791403460192150821, 
-0.30055713653564453, 0.12420481443405151, 0.3819256115779069, 1791403460224562765, 
-0.07370012998580933, 0.2562078833580017, 0.4734354759285639, 1791403460250982442, 
-0.15396904945373535, -0.030675113201141357, 0.41585143815520376, 1791403460280952525, 
0.07792496681213379, 0.4569041132926941, 0.38999212427406155, 1791403460310928065, 
-0.17978709936141968, 0.051305532455444336, 0.38404886592417004, 1791403460340949352, 
-0.21017718315124512, -0.17076486349105835, 0.4082725692810233, 1791403460371050000, 
0.2910899519920349, 0.35099470615386963, 0.4196093706047461, 1791403460401109354, 
-0.2184862494468689, -0.006288468837738037, 0.3885038483030011, 1791403460432147403, 
0.10567682981491089, -0.023265361785888672, 0.3570210496382225, 1791403460464197684, 
0.280193030834198, 0.49062013626098633, 0.4193816049397175, 1791403460491161026, 
-0.46425676345825195, -0.11658334732055664, 0.389133840274966, 1791403460521109662, 
0.008345544338226318, -0.09549868106842041, 0.41360694852487867, 1791403460551132525, 
-0.17971855401992798, 0.5560395121574402, 0.408951612432662, 1791403460581136639, 
-0.3705754280090332, -0.0529482364654541, 0.38531326832315566, 1791403460611176914, 
0.4458816647529602, -0.16237258911132812, 0.4028975917337478, 1791403460641162830, 
-0.04092872142791748, 0.6730972528457642, 0.40070187770813825, 1791403460672570808, 
-0.04561811685562134, 0.5554234385490417, 0.40650512771972763, 1791403460704175188, 
-0.10100018978118896, -0.3852556347846985, 0.4710355425245716, 1791403460731300966, 
0.11710524559020996, 0.19343817234039307, 0.39675834704882734, 1791403460761198078, 
-0.08735394477844238, 0.26559513807296753, 0.3840241228953907, 1791403460791228941, 
0.053007662296295166, -0.07940047979354858, 0.380394072096904, 1791403460821245928, 
0.20702987909317017, 0.21550023555755615, 0.41430155767902765, 1791403460851300941, 
-0.27893298864364624, 0.016842424869537354, 0.4246604005414002, 1791403460881315376, 
0.07499223947525024, -0.0833023190498352, 0.42073580752905926, 1791403460912246471, 
-0.2711939215660095, 0.2419336438179016, 0.399765981379043, 1791403460943472295, 
-0.022412598133087158, 0.08369332551956177, 0.42923611419746, 1791403460970440047, 
0.04790699481964111, 0.0321660041809082, 0.37635011162563614, 1791403461001365973, 
-0.309642493724823, 0.571160078048706, 0.4089575261627377, 1791403461031396161, 
0.09304136037826538, 0.14126181602478027, 0.3781666603794687, 1791403461061612340, 
0.05819272994995117, -0.25924158096313477, 0.38593031685364476, 1791403461091393537, 
0.21944206953048706, 0.20758819580078125, 0.4265662813022144, 1791403461120450511, 
-0.29026150703430176, 0.08743864297866821, 0.3894647467914954, 1791403461152193271, 
-0.2674192190170288, 0.16695410013198853, 0.38084910958639406, 1791403461184625239, 
0.006877124309539795, 0.441068172454834, 0.44187840778983306, 1791403461211527217, 
-0.0326724648475647, -0.2076515555381775, 0.40626216143662314, 1791403461240502343, 
0.4103003740310669, 0.10668724775314331, 0.3893252665038159, 1791403461270519529, 
-0.30070269107818604, 0.3222086429595947, 0.3859433916295061, 1791403461301556381, 
-0.20510804653167725, -0.17722314596176147, 0.4003443572991877, 1791403461331586287, 
-0.08185529708862305, 0.29083526134490967, 0.4033439487565075, 1791403461361603967, 
-0.19480764865875244, 0.3812564015388489, 0.39410259104477063, 1791403461392564161, 
0.1859399676322937, -0.25458353757858276, 0.3793025155799406, 1791403461424221248, 
0.17290985584259033, 0.0827149748802185, 0.43349856518584967, 1791403461451708387, 
-0.47182220220565796, 0.3005295991897583, 0.3932608687928334, 1791403461481665896, 
-0.08244043588638306, -0.2609098553657532, 0.3875605494148227, 1791403461511794314, 
-0.06553947925567627, -0.11903846263885498, 0.393345777225285, 1791403461541894012, 
-0.030179619789123535, 0.6085290908813477, 0.3932680473781777, 1791403461571932941, 
-0.3516233563423157, -0.14969277381896973, 0.40212695332814236, 1791403461601721936, 
0.39825475215911865, -0.02731633186340332, 0.399642463522448, 1791403461632899883, 
0.22287172079086304, 0.6131993532180786, 0.40578706682337756, 1791403461664284758, 
-0.22061657905578613, -0.15315186977386475, 0.43843105919914044, 1791403461691846374, 
0.2956365942955017, -0.08323490619659424, 0.4218395762384407, 1791403461721810019, 
-0.36099475622177124, 0.42534226179122925, 0.4229765284557633, 1791403461751823354, 
0.010444819927215576, -0.010801911354064941, 0.3865927216672608, 1791403461782040838, 
0.025448262691497803, 0.0648086667060852, 0.39815545133597025, 1791403461811845047, 
-0.10898011922836304, 0.25642943382263184, 0.4099113680514167, 1791403461841925632, 
-0.05155736207962036, -0.01607954502105713, 0.41831069674000865, 1791403461872830306, 
-0.0948912501335144, 0.13537204265594482, 0.4035928098716886, 1791403461904293366, 
-0.2773744463920593, 0.20928716659545898, 0.43702901493285395, 1791403461931972236, 
-0.1314789056777954, -0.22946614027023315, 0.38758378479614297, 1791403461961892384, 
-0.05387246608734131, 0.2336876392364502, 0.3675032175905022, 1791403461991910888, 
0.20797711610794067, 0.2783711552619934, 0.39354757220488484, 1791403462021942860, 
0.015201866626739502, -0.00736391544342041, 0.3972832549562765, 1791403462051947510, 
-0.17002207040786743, 0.0013369917869567871, 0.41360227016749485, 1791403462081998821, 
-0.12706738710403442, 0.0872911810874939, 0.4059741944877244, 1791403462112772753, 
0.05645555257797241, 0.028796374797821045, 0.3608575228052103, 1791403462144690315, 
0.45544135570526123, 0.41741621494293213, 0.42432331078700575, 1791403462172117474, 
-0.3355531096458435, -0.10336792469024658, 0.411103134660095, 1791403462202111856, 
0.3221302032470703, -0.04960918426513672, 0.4096152035597597, 1791403462232077862, 
-0.3883284330368042, 0.6093413233757019, 0.41878272166556973, 1791403462262099928, 
-0.2088528871536255, -0.07889890670776367, 0.39392296912831826, 1791403462292093197, 
0.27384501695632935, -0.3126557469367981, 0.3915290534694331, 1791403462322117627, 
0.23004573583602905, 0.43016916513442993, 0.4191163240542032, 1791403462352223771, 
-0.3252596855163574, -0.23233014345169067, 0.40430207971715565, 1791403462384344486, 
-0.09477752447128296, -0.436481773853302, 0.4208550831943353, 1791403462412517936, 
0.08322572708129883, 0.35319483280181885, 0.383521975642003, 1791403462442277842, 
-0.21897560358047485, 0.10559797286987305, 0.41024092338927814, 1791403462472204794, 
0.02152782678604126, -0.17488634586334229, 0.4018359172768324, 1791403462502485297, 
0.0036941170692443848, 0.3832622766494751, 0.42068209761891706, 1791403462532277555, 
-0.10480111837387085, 0.09619927406311035, 0.4114068358188434, 1791403462562280152, 
0.3016054630279541, -0.32665932178497314, 0.37654814217101673, 1791403462592697238, 
0.37730640172958374, 0.4785339832305908, 0.36963887932610384, 1791403462624744280, 
-0.43719184398651123, 0.31123673915863037, 0.45140839823749596, 1791403462652354586, 
-0.025016188621520996, -0.3182925581932068, 0.4235445898481615, 1791403462682334081, 
0.03264695405960083, 0.4013637900352478, 0.4154388269818403, 1791403462712331092, 
-0.17956000566482544, 0.09361469745635986, 0.3851646684761745, 1791403462742365453, 
0.05958276987075806, -0.35419952869415283, 0.3935230150982622, 1791403462771481419, 
-0.08202928304672241, 0.5751431584358215, 0.39806862369082685, 1791403462802361365, 
-0.23100495338439941, -0.2464972734451294, 0.4210054281258861, 1791403462833067296, 
-0.17052757740020752, 0.212243914604187, 0.4029414168245694, 1791403462864303247, 
0.050200045108795166, 0.49715572595596313, 0.3958742868062513, 1791403462892481730, 
-0.246998131275177, -0.31660932302474976, 0.3843847675843361, 1791403462921440187, 
0.21755754947662354, 0.21013671159744263, 0.37202441843630335, 1791403462952483940, 
-0.2035759687423706, 0.36147671937942505, 0.40729449137015844, 1791403462982496169, 
-0.3169742226600647, 0.01011723279953003, 0.40269711266922814, 1791403463012506944, 
0.11108201742172241, 0.25421518087387085, 0.37789992797245275, 1791403463042584812, 
-0.257091224193573, 0.07959377765655518, 0.39606036100847375, 1791403463072558428, 
0.2707458734512329, -0.1155022382736206, 0.3797408239148023, 1791403463104995930, 
0.15776962041854858, 0.3259435296058655, 0.41314447240946367, 1791403463134657223, 
-0.21598291397094727, -0.03342646360397339, 0.42981669600427735, 1791403463162579382, 
0.03535729646682739, -0.23756259679794312, 0.4121352502129892, 1791403463192602787, 
0.03303617238998413, 0.7394870519638062, 0.40125412331284627, 1791403463222667604, 
-0.27383148670196533, 0.6624990701675415, 0.407543106428986, 1791403463252829803, 
-0.15931665897369385, -0.37452179193496704, 0.4317266370732661, 1791403463281628235, 
0.0795641541481018, -0.010356366634368896, 0.3974224416836619, 1791403463312683223, 
0.33901941776275635, 0.5718010663986206, 0.38215911605012143, 1791403463344276516, 
-0.38311338424682617, -0.3014366626739502, 0.3786887802825723, 1791403463375327101, 
0.1879129409790039, -0.10500568151473999, 0.458345344582985, 1791403463402743474, 
-0.3194337487220764, 0.6603754162788391, 0.402328290191392, 1791403463433102587, 
-0.15626507997512817, -0.41188907623291016, 0.4134118442560483, 1791403463462818475, 
0.416908323764801, 0.0669560432434082, 0.39010306494447206, 1791403463492990998, 
-0.22712361812591553, 0.5850330591201782, 0.3821139294710549, 1791403463522804379, 
0.23486781120300293, -0.10299545526504517, 0.41962005877814523, 1791403463552891374, 
-0.15826427936553955, 0.08612102270126343, 0.4075780445049893, 1791403463584343731, 
-0.18515688180923462, 0.13343477249145508, 0.38783557364293675, 1791403463615945804, 
0.5230591893196106, -0.032490670680999756, 0.4536600545033693, 1791403463642913980, 
0.34691327810287476, 0.2895228862762451, 0.38759681062468687, 1791403463672958112, 
-0.16494911909103394, 0.09557968378067017, 0.4183532073771768, 1791403463702902667, 
-0.1380128264427185, 0.00960320234298706, 0.4116460944409192, 1791403463732920708, 
0.027756989002227783, 0.4829503297805786, 0.4022785297275202, 1791403463762963657, 
-0.4848325848579407, 0.0074836015701293945, 0.37008352380824827, 1791403463793229757, 
0.19688773155212402, -0.17271357774734497, 0.3709287295191637, 1791403463824350113, 
0.4504017233848572, 0.19496411085128784, 0.4118900935371675, 1791403463855732337, 
0.17303287982940674, 0.19390594959259033, 0.4474093596115801, 1791403463883066472, 
-0.2436540722846985, -0.04331791400909424, 0.3911469696225339, 1791403463913066301, 
-0.06838995218276978, 0.2023678421974182, 0.3814502163857513, 1791403463943071820, 
-0.027167797088623047, 0.08571219444274902, 0.38029434567191345, 1791403463973327071, 
0.28897082805633545, -0.02569037675857544, 0.4063886606844458, 1791403464003115377, 
0.35645627975463867, 0.30950164794921875, 0.4151509806432059, 1791403464033226341, 
-0.1379719376564026, -0.27748268842697144, 0.397823999403727, 1791403464064357427, 
0.3290427327156067, 0.035728633403778076, 0.37007756562903393, 1791403464096627209, 
0.11137861013412476, 0.39031392335891724, 0.4269577443397366, 1791403464123933674, 
-0.19016224145889282, -0.10422736406326294, 0.41956533260104983, 1791403464153134290, 
-0.0933731198310852, 0.09366267919540405, 0.42637301116130644, 1791403464183176213, 
0.09346699714660645, 0.4257330298423767, 0.398379389648359, 1791403464213176848, 
0.04474574327468872, -0.0496213436126709, 0.3849682338424741, 1791403464243979618, 
0.3616979122161865, -0.2974262833595276, 0.3963976931011797, 1791403464273949384, 
-0.030016720294952393, 0.3261621594429016, 0.40158179951131284, 1791403464304976459, 
0.05250793695449829, 0.28982412815093994, 0.38916726004632807, 1791403464336576942, 
0.13248282670974731, -0.40026694536209106, 0.4492332304723141, 1791403464363873080, 
-0.04165065288543701, 0.5819413661956787, 0.38320696065961085, 1791403464393964030, 
0.12517690658569336, 0.03889667987823486, 0.3756950475731538, 1791403464423908560, 
0.5779656767845154, -0.30381613969802856, 0.3939774854646981, 1791403464453947999, 
0.10170084238052368, 0.2925432324409485, 0.4048584058326901, 1791403464483996479, 
-0.3728938698768616, 0.04274946451187134, 0.3949982002715151, 1791403464513403932, 
0.1458541750907898, 0.15945661067962646, 0.37125789555716515, 1791403464544625952, 
0.18213385343551636, 0.24488991498947144, 0.37474141119124493, 1791403464576650770, 
-0.030834615230560303, 0.05196118354797363, 0.4489166925378294, 1791403464603393779, 
0.22197169065475464, -0.23047059774398804, 0.41538813118493173, 1791403464633414616, 
-0.09265410900115967, 0.11325234174728394, 0.4298493644045192, 1791403464662469826, 
-0.13963663578033447, 0.20508503913879395, 0.38699852359709047, 1791403464692460994, 
0.0751873254776001, 0.02332770824432373, 0.3835020542864383, 1791403464723488200, 
-0.15183478593826294, 0.07838189601898193, 0.40993630913869455, 1791403464753556920, 
0.21691995859146118, -0.033647239208221436, 0.409299738602343, 1791403464784684712, 
-0.0075373053550720215, -0.04148358106613159, 0.38170373356652076, 1791403464817034655, 
-0.3591565489768982, 0.1098673939704895, 0.4439237444890157, 1791403464843705346, 
0.4206623435020447, -0.0017865896224975586, 0.3946522018543238, 1791403464873600825, 
-0.3303554058074951, 0.25210458040237427, 0.3839902933165882, 1791403464903632602, 
0.19218891859054565, 0.08529633283615112, 0.40866305255371577, 1791403464933676038, 
-0.13977724313735962, -0.1408265233039856, 0.3974997815670494, 1791403464963811767, 
0.20810776948928833, 0.054741084575653076, 0.3939402951549782, 1791403464994281910, 
0.03140890598297119, 0.33134138584136963, 0.41621263962729727, 1791403465023449772, 
0.07113713026046753, -0.15732872486114502, 0.34141963292341504, 1791403465057264011, 
-0.13846874237060547, 0.10893785953521729, 0.4508771866364359, 1791403465084103198, 
-0.054765164852142334, 0.3123471736907959, 0.40843211640136734, 1791403465114170186, 
-0.02937382459640503, -0.16136324405670166, 0.400510573264117, 1791403465144101136, 
0.40112024545669556, 0.10165482759475708, 0.4165380175126619, 1791403465174140423, 
-0.10668498277664185, 0.5361582040786743, 0.41334212483632815, 1791403465204065238, 
-0.08787769079208374, -0.4569743871688843, 0.40735565763887677, 1791403465234118288, 
0.32537901401519775, -0.05215716361999512, 0.40158994960540917, 1791403465264956588, 
-0.6448864340782166, 0.5407595634460449, 0.38070478452142203, 1791403465296635674, 
0.3593757748603821, -0.15771198272705078, 0.42903921973943665, 1791403465324076554, 
0.24992620944976807, 0.1637553572654724, 0.3961099904042803, 1791403465354248399, 
0.0073926448822021484, 0.025119006633758545, 0.42287252732633435, 1791403465384139986, 
-0.31760525703430176, 0.019967615604400635, 0.4149557317067312, 1791403465413902382, 
-0.10168826580047607, 0.2832324504852295, 0.40202965968446214, 1791403465443897476, 
-0.16914725303649902, -0.016491055488586426, 0.3803159546524799, 1791403465473938331, 
0.21375101804733276, 0.11787748336791992, 0.39169379004388943, 1791403465504399924, 
0.2300688624382019, 0.07178622484207153, 0.3822819625086078, 1791403465536908014, 
-0.32540571689605713, -0.23310697078704834, 0.4545660046602864, 1791403465564035503, 
-0.09124511480331421, 0.12358248233795166, 0.3851527448748686, 1791403465593990594, 
-0.5213000178337097, 0.242303729057312, 0.3672276536635416, 1791403465624013734, 
0.10868793725967407, 0.044772565364837646, 0.38909001424686135, 1791403465654019951, 
0.05636173486709595, -0.003900289535522461, 0.41675669352628664, 1791403465684053930, 
0.0798947811126709, 0.33525246381759644, 0.4340434505692934, 1791403465714106072, 
-0.23025715351104736, -0.2260746955871582, 0.4246934573159039, 1791403465743453187, 
0.4351919889450073, -0.03608143329620361, 0.3501097322531059, 1791403465777135411, 
0.14765483140945435, 0.20301467180252075, 0.4311583158224058, 1791403465804385911, 
-0.09297585487365723, 0.025318801403045654, 0.4196614169936407, 1791403465834225125, 
-0.2039269208908081, 0.10295170545578003, 0.39381941537865045, 1791403465864171551, 
0.05980682373046875, 0.2544485330581665, 0.3906474705608388, 1791403465894139629, 
-0.02633655071258545, -0.03047168254852295, 0.38197278078252855, 1791403465924161886, 
0.3007773160934448, -0.18640297651290894, 0.3854421802352432, 1791403465954205297, 
-0.09641379117965698, 0.19062155485153198, 0.41276418836452056, 1791403465984793518, 
-0.6296583414077759, -0.024899542331695557, 0.38569844740694814, 1791403466016739974, 
0.5020542740821838, -0.11715525388717651, 0.42263163082318916, 1791403466044321454, 
-0.129791259765625, 0.4988999366760254, 0.3772875034785855, 1791403466074263215, 
0.23246312141418457, -0.23460012674331665, 0.40768206637119236, 1791403466104304731, 
0.01999455690383911, -0.10987603664398193, 0.42093374322007876, 1791403466134280920, 
0.11551105976104736, 0.5159326195716858, 0.4192223971300529, 1791403466164357111, 
-0.36819273233413696, -0.2522987723350525, 0.41227701804865047, 1791403466194314305, 
0.0922272801399231, 0.061878859996795654, 0.399546802195396, 1791403466225152021, 
0.13949280977249146, 0.3488491177558899, 0.3889223268606413, 1791403466256719120, 
-0.1962108016014099, -0.17010676860809326, 0.44127735855149713, 1791403466284508776, 
0.5836973190307617, 0.07592970132827759, 0.4249791498972759, 1791403466314367886, 
-0.3144715428352356, 0.05856591463088989, 0.41551059497802806, 1791403466344401993, 
-0.08551806211471558, -0.08839792013168335, 0.40667921015207426, 1791403466374403790, 
-0.03467077016830444, 0.13799113035202026, 0.3966804019290626, 1791403466403436143, 
0.17180019617080688, 0.13518792390823364, 0.3572281206241276, 1791403466434512421, 
-0.23584139347076416, 0.07903224229812622, 0.3981707217924089, 1791403466464556423, 
0.28483259677886963, 0.1713281273841858, 0.3847139068861362, 1791403466496786364, 
-0.23007041215896606, 0.10946154594421387, 0.419833326092293, 1791403466524637440, 
-0.025517940521240234, -0.05781584978103638, 0.40336570850887027, 1791403466554575389, 
-0.2183746099472046, 0.21967816352844238, 0.3999196758405036, 1791403466584567002, 
0.10372072458267212, -0.009838521480560303, 0.4107543833969108, 1791403466614599693, 
0.07077240943908691, -0.03653562068939209, 0.4029455466593029, 1791403466644655671, 
0.2300262451171875, 0.10293078422546387, 0.3886036450313795, 1791403466674819553, 
-0.04164856672286987, 0.09894829988479614, 0.41042314513259964, 1791403466704745923, 
-0.12503260374069214, -0.2460191249847412, 0.39226161850999147, 1791403466737078258, 
0.29807567596435547, 0.10165518522262573, 0.46648343912385026, 1791403466764723349, 
-0.493854284286499, 0.3012375235557556, 0.38381478921613865, 1791403466794641788, 
0.2265966534614563, -0.26195812225341797, 0.37748418558520624, 1791403466824673112, 
-0.04417484998703003, 0.237257182598114, 0.366632275772566, 1791403466846653273, 
0.3059016466140747, 0.2666813135147095, 0.42334949267199967, 1791403466884747406, 
-0.4149412512779236, -0.3764549493789673, 0.39795251176309987, 1791403466914746590, 
0.18303877115249634, 0.2931399941444397, 0.4184330356874204, 1791403466943808026, 
-0.31255394220352173, 0.23549389839172363, 0.35969929040051074, 1791403466976696721, 
0.39452648162841797, -0.38580119609832764, 0.3912030604540381, 1791403467007389440, 
0.2903781533241272, 0.44100648164749146, 0.45850782817620933, 1791403467033876986, 
-0.16237568855285645, 0.06146705150604248, 0.38195482102343037, 1791403467064848090, 
0.25502103567123413, -0.22862952947616577, 0.4146432022574313, 1791403467093829702, 
0.08498799800872803, 0.4736843705177307, 0.37716936718775296, 1791403467124867624, 
-0.22641563415527344, -0.15822356939315796, 0.4073437944954011, 1791403467154836923, 
0.4669492244720459, 0.01572960615158081, 0.41667950303052254, 1791403467185185154, 
0.3168029189109802, 0.2310962677001953, 0.4091439047750245, 1791403467216935785, 
-0.050948500633239746, 0.02875739336013794, 0.4090856866845944, 1791403467247363322, 
-0.06724143028259277, -0.08955824375152588, 0.4385288025037443, 1791403467274983964, 
0.20622402429580688, -0.006772935390472412, 0.4060936347976465, 1791403467304967643, 
-0.26503676176071167, 0.21656233072280884, 0.4068022795229338, 1791403467335000027, 
0.1857304573059082, -0.07807362079620361, 0.4126473385023241, 1791403467365051661, 
-0.11273133754730225, 0.38388949632644653, 0.40618533085451847, 1791403467395050351, 
0.18382781744003296, -0.3303149938583374, 0.36708093559017996, 1791403467425102284, 
0.06430995464324951, -0.22822970151901245, 0.3349455312995103, 1791403467457033386, 
-0.01786559820175171, 0.3101101517677307, 0.3933000471391607, 1791403467487746954, 
-0.04887270927429199, 0.2411465048789978, 0.4725974175007707, 1791403467515315384, 
-0.2851994037628174, -0.04852783679962158, 0.44238920657198877, 1791403467545128208, 
0.3053239583969116, 0.02209073305130005, 0.378440176212168, 1791403467567197848, 
0.0004413127899169922, 0.05270284414291382, 0.3869579043614352, 1791403467605106834, 
0.07451993227005005, -0.1707361340522766, 0.39253127768950796, 1791403467635137010, 
-0.2461566925048828, 0.2766902446746826, 0.4231630341733209, 1791403467665189165, 
-0.17610979080200195, -0.2443786859512329, 0.39508356694157276, 1791403467697199959, 
-0.061582088470458984, -0.03661102056503296, 0.40145759201609726, 1791403467728622606, 
0.004244446754455566, 0.6701254844665527, 0.433612988684475, 1791403467755291986, 
0.12256890535354614, -0.2829906940460205, 0.3843338384821845, 1791403467785259458, 
0.2289595603942871, -0.2689635753631592, 0.4057709111189376, 1791403467815278281, 
-0.15823829174041748, 0.4005489945411682, 0.42203668221411444, 1791403467845303069, 
0.07921403646469116, -0.21203762292861938, 0.4090906241703491, 1791403467875301923, 
0.15732532739639282, -0.02038431167602539, 0.38642478170068734, 1791403467905349167, 
-0.026680946350097656, 0.36013704538345337, 0.3968292210972142, 1791403467936620648, 
0.34740155935287476, -0.2090224027633667, 0.37963618162244755, 1791403467969086486, 
0.2144986391067505, -0.37442445755004883, 0.4523730876228559, 1791403468005364873, 
-0.24046510457992554, 0.36845284700393677, 0.38168509821228014, 1791403468035351222, 
0.16796767711639404, -0.03637111186981201, 0.3873043986090497, 1791403468065388049, 
-0.02436584234237671, -0.2904236316680908, 0.4006702668089439, 1791403468096666225, 
-0.30137932300567627, 0.35522782802581787, 0.40698828335306236, 1791403468128596422, 
-0.3831145763397217, 0.19073832035064697, 0.45648460092535414, 1791403468164449507, 
-0.4503266215324402, -0.11196392774581909, 0.3844073247947405, 1791403468195473759, 
0.3968014717102051, -0.0016532540321350098, 0.42286395709797536, 1791403468225526889, 
0.10913020372390747, 0.15402883291244507, 0.3932346203044638, 1791403468256731913, 
0.020365118980407715, -0.2245214581489563, 0.3800825889146207, 1791403468288854825, 
-0.1256580352783203, 0.12307482957839966, 0.45450872601826325, 1791403468315632300, 
-0.18328702449798584, 0.15139907598495483, 0.39415773425557554, 1791403468345630012, 
-0.31099027395248413, -0.0963781476020813, 0.3863414564001383, 1791403468375669726, 
0.5350398421287537, 0.04587864875793457, 0.3952917895538512, 1791403468405598600, 
-0.16252124309539795, 0.05794018507003784, 0.40842800973028714, 1791403468435659273, 
0.20512592792510986, -0.058951616287231445, 0.39708041341365424, 1791403468465654356, 
0.2542054057121277, 0.22706061601638794, 0.3634973198405653, 1791403468496687862, 
0.2899588942527771, -0.04182475805282593, 0.3480394408656836, 1791403468529589451, 
-0.42523592710494995, -0.18196535110473633, 0.44698398707102155, 1791403468555814384, 
0.05841463804244995, 0.1611272692680359, 0.38670247822259396, 1791403468585661865, 
-0.15376251935958862, -0.35164904594421387, 0.35038011804649694, 1791403468608673996, 
-0.012520849704742432, -0.10234618186950684, 0.44469286527022633, 1791403468645729966, 
0.10981357097625732, -0.024594604969024658, 0.4064113281041517, 1791403468675792097, 
0.04501992464065552, -0.0035829544067382812, 0.41752224344374567, 1791403468705781473, 
-0.282440721988678, -0.3093113899230957, 0.3899861374659186, 1791403468736774547, 
-0.24360394477844238, 0.14798182249069214, 0.3706880136390721, 1791403468768829973, 
-0.12899315357208252, 0.4920955300331116, 0.42362439315474787, 1791403468795863475, 
0.08781695365905762, -0.3475697636604309, 0.4050161988076828, 1791403468825833490, 
0.30670297145843506, 0.16726362705230713, 0.41397571403672734, 1791403468855872675, 
-0.43837159872055054, 0.17627954483032227, 0.40731507511883336, 1791403468885880328, 
-0.0667843222618103, -0.4732438921928406, 0.4074178865953261, 1791403468915871937, 
0.03313755989074707, 0.44268906116485596, 0.4025825133371983, 1791403468945890739, 
-0.10065442323684692, 0.013140738010406494, 0.3809660996295868, 1791403468977136226, 
0.2538055181503296, -0.21470826864242554, 0.38998064605390215, 1791403469007911660, 
0.33163344860076904, 0.20506632328033447, 0.4624207893078781, 1791403469035990744, 
-0.26953762769699097, -0.04467648267745972, 0.4121496506829987, 1791403469065985532, 
0.0026167631149291992, -0.03898674249649048, 0.40477299004728956, 1791403469096006650, 
-0.30027836561203003, 0.11571353673934937, 0.4200514656019594, 1791403469126026463, 
0.15164434909820557, -0.013233304023742676, 0.42743270640028524, 1791403469156084608, 
0.313503623008728, -0.10161274671554565, 0.41903695436215027, 1791403469186150388, 
-0.16720497608184814, 0.40830564498901367, 0.3958387644423525, 1791403469216798737, 
0.34586143493652344, 0.133808434009552, 0.35723525815233725, 1791403469248634429, 
-0.4943528175354004, -0.5111648440361023, 0.41997345377770284, 1791403469276179004, 
0.4845067858695984, 0.07052499055862427, 0.4208712205198714, 1791403469306123756, 
-0.29654407501220703, 0.3035622239112854, 0.4210642917338322, 1791403469336151368, 
-0.4056317210197449, -0.22263431549072266, 0.40967212910055345, 1791403469366108402, 
0.36054468154907227, 0.10065871477127075, 0.37547946670944515, 1791403469396155806, 
0.11736667156219482, -0.07956385612487793, 0.36251590818184426, 1791403469426188413, 
0.13939064741134644, -0.0930560827255249, 0.3708487272538324, 1791403469457381214, 
0.051070332527160645, 0.32218414545059204, 0.3940313049772049, 1791403469489229587, 
-0.5959358811378479, -0.2238737940788269, 0.42983215198849994, 1791403469516327660, 
0.45123183727264404, -0.049451351165771484, 0.4009340380980793, 1791403469546299838, 
0.16982585191726685, 0.7076246738433838, 0.39413070671507383, 1791403469576352233, 
-0.26275134086608887, -0.304969847202301, 0.38821646510351443, 1791403469606334906, 
0.08249926567077637, -0.27305787801742554, 0.418941516289475, 1791403469636338152, 
-0.07669556140899658, 0.49351567029953003, 0.4391848862592232, 1791403469666306720, 
-0.29571402072906494, -0.2981436252593994, 0.42239916748739315, 1791403469696761478, 
0.25889021158218384, 0.018106818199157715, 0.3555115614039892, 1791403469729065283, 
0.14273107051849365, 0.4995105266571045, 0.4313238493290123, 1791403469756479794, 
0.012662291526794434, -0.48893219232559204, 0.4130692060208633, 1791403469786357641, 
0.15330344438552856, -0.10524767637252808, 0.4198441841138799, 1791403469816391024, 
-0.034893035888671875, 0.49527233839035034, 0.41513393557883166, 1791403469846398389, 
-0.20297926664352417, -0.2578100562095642, 0.4052721972457089, 1791403469875432881, 
0.11994266510009766, -0.0741417407989502, 0.3980948671378744, 1791403469905461679, 
0.26643049716949463, 0.04023611545562744, 0.38350564660383113, 1791403469937223153, 
0.4215024709701538, -0.010401546955108643, 0.36788557454946436, 1791403469968719829, 
-0.03465151786804199, 0.08876323699951172, 0.4268180877310523, 1791403469996623386, 
-0.38631170988082886, -0.0215265154838562, 0.3915515563750048, 1791403470026600225, 
-0.4283584952354431, -0.21520721912384033, 0.36986139087254455, 1791403470056889342, 
-0.1032751202583313, -0.10801059007644653, 0.421326206897386, 1791403470086649797, 
-0.26008427143096924, 0.6925283074378967, 0.431060463213974, 1791403470116575251, 
0.1436445713043213, -0.4141817092895508, 0.4068645148206613, 1791403470146594835, 
0.08991152048110962, -0.12707841396331787, 0.37440311897927175, 1791403470176826891, 
0.18782883882522583, 0.1439265012741089, 0.37613408914656926, 1791403470208929065, 
-0.04184234142303467, -0.0385664701461792, 0.4213288230683505, 1791403470238790359, 
-0.004328370094299316, -0.1680862307548523, 0.43478960101347286, 1791403470276646961, 
-0.09395140409469604, 0.2161005735397339, 0.39104131370647394, 1791403470306662486, 
-0.29371219873428345, 0.20005667209625244, 0.36421663408884414, 1791403470337153602, 
-0.05212920904159546, -0.3250555396080017, 0.3712480987242755, 1791403470368837431, 
-0.12302619218826294, 0.43197745084762573, 0.4031875107693768, 1791403470398758687, 
-0.01085042953491211, 0.3584750294685364, 0.43598832151461525, 1791403470436777865, 
0.14300012588500977, -0.33842021226882935, 0.3868624741864017, 1791403470467060446, 
0.44360965490341187, -0.06998711824417114, 0.40586647508016427, 1791403470496891357, 
-0.6006508469581604, 0.14942866563796997, 0.37677265013943, 1791403470528949409, 
-0.08185404539108276, -0.3100847005844116, 0.3864526974307629, 1791403470558961146, 
0.08367359638214111, 0.20907533168792725, 0.4306636422609035, 1791403470586836535, 
-0.006142556667327881, 0.23705416917800903, 0.41760726252966623, 1791403470616834384, 
0.05452704429626465, -0.5286840796470642, 0.41988990651091834, 1791403470646849474, 
-0.04478752613067627, 0.2482011318206787, 0.4128743502003976, 1791403470676854083, 
-0.37497884035110474, 0.24479466676712036, 0.41429847843616374, 1791403470706925644, 
-0.5163964629173279, -0.3503025770187378, 0.39487109332357734, 1791403470737053406, 
0.18256044387817383, 0.41510987281799316, 0.36518795304028345, 1791403470769192465, 
-0.2507408857345581, 0.20552176237106323, 0.44131396161907244, 1791403470797527538, 
0.30291563272476196, -0.30826419591903687, 0.41311326954076955, 1791403470827009006, 
-0.23832166194915771, 0.07922440767288208, 0.43958738033678996, 1791403470856052058, 
0.06914502382278442, -0.1343633532524109, 0.3419472405367775, 1791403470879822015, 
-0.2880833148956299, -0.084139883518219, 0.4081404527616258, 1791403470917162813, 
-0.1117662787437439, -0.11498945951461792, 0.39319235929933916, 1791403470946057700, 
0.19082790613174438, 0.23461538553237915, 0.37610949728430376, 1791403470977117987, 
-0.23672324419021606, -0.015755414962768555, 0.39458161541267395, 1791403471008828383, 
-0.04905790090560913, 0.3165896534919739, 0.40208574059788327, 1791403471039809560, 
-0.07975602149963379, 0.10267728567123413, 0.4211488298213045, 1791403471067142630, 
0.014045119285583496, -0.3804360032081604, 0.4010623567672895, 1791403471097104422, 
-0.13660413026809692, 0.1715545654296875, 0.42456516194923427, 1791403471127128413, 
0.2580142021179199, 0.12615305185317993, 0.4299644527570895, 1791403471157182379, 
-0.16476166248321533, 0.011869072914123535, 0.404120843917146, 1791403471187170258, 
0.25934284925460815, 0.24863141775131226, 0.38220647911221206, 1791403471217593134, 
-0.15661054849624634, -0.256358802318573, 0.3743584494910447, 1791403471249048122, 
0.11812573671340942, 0.0014540553092956543, 0.38278631163977717, 1791403471280204251, 
-0.18786966800689697, 0.1981062889099121, 0.4479221257348884, 1791403471307385534, 
-0.4273138642311096, -0.23040306568145752, 0.40043078820409067, 1791403471337300734, 
0.2640960216522217, -0.0567166805267334, 0.3967580334489479, 1791403471367309166, 
0.22776639461517334, 0.3315301537513733, 0.3932864601282642, 1791403471397347804, 
-0.07062238454818726, -0.09466373920440674, 0.40525919540806765, 1791403471426462815, 
0.09058970212936401, -0.2120281457901001, 0.40059270709604733, 1791403471457365372, 
-0.2157713770866394, 0.5491857528686523, 0.38092124779907605, 1791403471489159313, 
-0.2654498815536499, -0.36951059103012085, 0.3439645671563224, 1791403471520954941, 
0.21884095668792725, -0.13737958669662476, 0.41728109181591977, 1791403471547955833, 
-0.08080321550369263, 0.6524631977081299, 0.43675018533336857, 1791403471576429428, 
0.050100743770599365, -0.4064595103263855, 0.4348255539295302, 1791403471606452216, 
-0.043494999408721924, -0.09093797206878662, 0.4070097857321619, 1791403471637425743, 
-0.33530789613723755, 0.4455990195274353, 0.4315879595900043, 1791403471666469619, 
-0.2823001742362976, -0.21624666452407837, 0.38114449859441774, 1791403471697507663, 
0.4082549214363098, 0.01465219259262085, 0.35717345336189366, 1791403471729349281, 
0.02762901782989502, 0.14838051795959473, 0.39791305090768897, 1791403471760762262, 
-0.04777050018310547, 0.1314154863357544, 0.45409745276825575, 1791403471787658613, 
-0.14562761783599854, -0.09608393907546997, 0.4069423202670386, 1791403471817551469, 
-0.08993721008300781, 0.07802975177764893, 0.40578812558618244, 1791403471847581435, 
-0.11708050966262817, -0.055946409702301025, 0.4019525402484503, 1791403471877560006, 
-0.16050267219543457, 0.01717531681060791, 0.3924026847782686, 1791403471907615208, 
-0.07984071969985962, 0.25245243310928345, 0.3941209572328844, 1791403471937608649, 
0.010852336883544922, -0.16101372241973877, 0.37710013669508596, 1791403471968838215, 
0.2917935848236084, 0.03487086296081543, 0.3517556276486306, 1791403472000787668, 
-0.2567291855812073, 0.11088663339614868, 0.4471037159245088, 1791403472027735947, 
-0.37407559156417847, -0.1332533359527588, 0.41247887603682276, 1791403472057666322, 
0.12697851657867432, 0.10947835445404053, 0.4304363166185887, 1791403472087704177, 
0.05052691698074341, 0.19049125909805298, 0.41880139683947176, 1791403472117699333, 
0.1827634572982788, -0.25533807277679443, 0.3779632897569533, 1791403472147748388, 
0.18290460109710693, -0.04258918762207031, 0.39458819407376594, 1791403472177821604, 
-0.4739891290664673, 0.18596738576889038, 0.39647440273087087, 1791403472209000717, 
0.062236249446868896, -0.2123432755470276, 0.4013376692428212, 1791403472241215571, 
-0.2514950633049011, 0.3754993677139282, 0.47771068414156265, 1791403472267901965, 
0.16073811054229736, 0.15057629346847534, 0.3844427416985606, 1791403472297847360, 
-0.08236193656921387, -0.5217520594596863, 0.39542621531302247, 1791403472327877639, 
-0.07335734367370605, 0.45885801315307617, 0.39969428069221535, 1791403472357858770, 
-0.3404461145401001, 0.15244275331497192, 0.39211617898795437, 1791403472388029740, 
0.06831681728363037, -0.2897268533706665, 0.3892687693067154, 1791403472417914633, 
-0.01765906810760498, 0.41424572467803955, 0.3742058897843631, 1791403472448888777, 
-0.32955116033554077, -0.12907510995864868, 0.3802761098617597, 1791403472481311355, 
0.15023863315582275, -0.16524624824523926, 0.4462174717075964, 1791403472507985541, 
0.005016684532165527, 0.41426730155944824, 0.4003126822173576, 1791403472537927923, 
-0.7937882542610168, -0.27352362871170044, 0.4021141906459738, 1791403472568153777, 
0.06712311506271362, -0.1919582486152649, 0.41931421154708565, 1791403472598275202, 
0.006128847599029541, 0.07430374622344971, 0.4362042392421587, 1791403472628186631, 
-0.2451571226119995, 0.18677955865859985, 0.4063640255318647, 1791403472658058046, 
0.06861740350723267, -0.18125325441360474, 0.38201153722585446, 1791403472689402789, 
-0.2679637670516968, 0.08165454864501953, 0.3819675763880911, 1791403472721028763, 
0.06246745586395264, 0.16010820865631104, 0.44281036589844713, 1791403472748178126, 
-0.11187911033630371, -0.09813350439071655, 0.4042191153497725, 1791403472778060428, 
-0.06733781099319458, 0.021276891231536865, 0.4247476267523699, 1791403472807505776, 
-0.28089839220046997, -0.03971213102340698, 0.4245814383736352, 1791403472837091915, 
-0.02101999521255493, 0.23259824514389038, 0.3842487443475699, 1791403472868158160, 
-0.03819650411605835, 0.18883544206619263, 0.3697501870799253, 1791403472898151326, 
0.021645724773406982, -0.2926202416419983, 0.36478521884274123, 1791403472929778124, 
0.09722083806991577, 0.08349132537841797, 0.3836172382314201, 1791403472960815159, 
-0.20628035068511963, 0.1436266303062439, 0.4413542226979765, 1791403472988290328, 
-0.2620425820350647, -0.0950312614440918, 0.41198910846434444, 1791403473018272596, 
0.05372542142868042, 0.04808366298675537, 0.39913173186110273, 1791403473048417496, 
0.21503418684005737, 0.11189568042755127, 0.40192492516286654, 1791403473078286083, 
-0.31340891122817993, -0.1524447202682495, 0.41046341777914425, 1791403473108342870, 
0.16638922691345215, -0.02342444658279419, 0.42729705567338383, 1791403473137436426, 
-0.6173720955848694, 0.4162253141403198, 0.38492102329991024, 1791403473168899333, 
0.014399111270904541, -0.2725934386253357, 0.3625624115440573, 1791403473201221398, 
0.0953742265701294, -0.02232539653778076, 0.4483182405209937, 1791403473227452640, 
-0.1343511939048767, 0.340257465839386, 0.3877064984702521, 1791403473258389353, 
-0.26034677028656006, -0.32302480936050415, 0.404324380028043, 1791403473288555735, 
0.0074013471603393555, 0.1519451141357422, 0.4067170417360291, 1791403473318404259, 
-0.2538788318634033, 0.284121036529541, 0.4131383571070974, 1791403473347436851, 
-0.04708617925643921, -0.2717280983924866, 0.3791781182103432, 1791403473377465659, 
0.15968185663223267, 0.12202930450439453, 0.3825118424303581, 1791403473409028935, 
-0.22704613208770752, 0.1918688416481018, 0.3938165027881999, 1791403473440808156, 
-0.07423943281173706, -0.16170036792755127, 0.4261449096097011, 1791403473468647791, 
-4.887580871582031e-06, -0.2644389867782593, 0.3799600700116611, 1791403473498535627, 
-0.37299996614456177, 0.31811636686325073, 0.38808589281879935, 1791403473528578884, 
-0.2756982445716858, 0.020169436931610107, 0.42493942376853144, 1791403473558588683, 
-0.06242358684539795, 0.18872249126434326, 0.43033261166788045, 1791403473588636482, 
-0.13350605964660645, 0.23007726669311523, 0.4109109970344482, 1791403473618579118, 
-0.26824164390563965, -0.2183680534362793, 0.3864720119858294, 1791403473649737953, 
-0.1540021300315857, 0.0009313225746154785, 0.38551468895422136, 1791403473680823729, 
0.1563112735748291, 0.2879742980003357, 0.4487738404985327, 1791403473708738760, 
-0.6650025844573975, -0.06244617700576782, 0.40726317903756004, 1791403473738660572, 
0.08850312232971191, 0.05744558572769165, 0.41023988572382797, 1791403473768680959, 
-0.24209272861480713, 0.05106014013290405, 0.41213899262043113, 1791403473798730424, 
-0.047315895557403564, -0.0670766830444336, 0.39046958029300216, 1791403473829400884, 
0.057656168937683105, 0.08332282304763794, 0.40236732294491284, 1791403473859555151, 
-0.20337480306625366, 0.14712733030319214, 0.4114833339674907, 1791403473888501408, 
-0.020240724086761475, 0.02689039707183838, 0.3669740149772647, 1791403473921138485, 
0.1050797700881958, 0.2682584524154663, 0.39473677738989044, 1791403473951008849, 
-0.0918121337890625, 0.09171736240386963, 0.39315785487225935, 1791403473979404898, 
0.21987509727478027, -0.28649193048477173, 0.4073169648899134, 1791403474008543334, 
-0.0600590705871582, 0.19824576377868652, 0.4110659778148767, 1791403474038503860, 
-0.34038490056991577, -0.0894201397895813, 0.4242673609588712, 1791403474068509874, 
-0.10418051481246948, -0.0133819580078125, 0.402070905471053, 1791403474098515819, 
0.030437111854553223, 0.5831529498100281, 0.37322449067033836, 1791403474129602185, 
-0.3478173017501831, -0.22690701484680176, 0.38947996920569233, 1791403474161516308, 
0.021728217601776123, 0.04744058847427368, 0.4211021179709211, 1791403474191014494, 
-0.05384343862533569, 0.6140985488891602, 0.4188536702579208, 1791403474219663015, 
-0.4311331510543823, -0.40498632192611694, 0.38940168417947996, 1791403474249651300, 
0.09663254022598267, -0.036354780197143555, 0.4035350189158803, 1791403474279652549, 
0.07977861166000366, 0.11180585622787476, 0.4339405834328091, 1791403474309660083, 
0.016817331314086914, 0.705755352973938, 0.41489309856885215, 1791403474339601787, 
-0.28188592195510864, -0.4737401008605957, 0.39543736357716397, 1791403474369647284, 
0.5299707651138306, 0.3683621883392334, 0.3897075935670757, 1791403474400890098, 
-0.3283732533454895, 0.44342106580734253, 0.3620766350657318, 1791403474431387016, 
0.13265460729599, -0.20815402269363403, 0.39238840483043164, 1791403474469620943, 
-0.18526113033294678, 0.1590214967727661, 0.40544182343842866, 1791403474499666300, 
-0.4655058979988098, 0.07499587535858154, 0.4066474208925615, 1791403474529736106, 
-0.02972489595413208, 0.0421525239944458, 0.41730965063607095, 1791403474560859198, 
0.08525043725967407, 0.08311617374420166, 0.4333365224285569, 1791403474591407204, 
0.20178520679473877, 0.17993414402008057, 0.45856490404279815, 1791403474619631539, 
-0.19669479131698608, -0.23774981498718262, 0.41873467163370975, 1791403474649742508, 
0.13389599323272705, 0.13396745920181274, 0.42283152906453975, 1791403474679628879, 
-0.29430025815963745, 0.44648104906082153, 0.37718149645760973, 1791403474709655735, 
-0.1497918963432312, -0.26984870433807373, 0.3899801576854165, 1791403474739637506, 
-0.06984442472457886, -0.04730921983718872, 0.4334906728220739, 1791403474769775710, 
0.13006365299224854, 0.28493112325668335, 0.411805569968256, 1791403474801340173, 
-0.33325111865997314, -0.14775991439819336, 0.39524217438064685, 1791403474832178395, 
-0.06943619251251221, 0.46695923805236816, 0.40462247487701997, 1791403474859673803, 
-0.30036139488220215, 0.0653267502784729, 0.3396695287692851, 1791403474889678496, 
-0.09226381778717041, -0.16199159622192383, 0.3820966155949146, 1791403474919638809, 
0.18063026666641235, 0.6169757843017578, 0.4157136178902462, 1791403474949757471, 
-0.5068477988243103, -0.23985415697097778, 0.4087946348787338, 1791403474979699502, 
0.3060857653617859, -0.13441860675811768, 0.400315385672934, 1791403475009712025, 
-0.06101900339126587, 0.4471402168273926, 0.3766192557042648, 1791403475041081609, 
-0.36744946241378784, -0.08735626935958862, 0.382466821482687, 1791403475072387805, 
0.11759305000305176, -0.07643848657608032, 0.4689764317320244, 1791403475099708922, 
-0.326629102230072, 0.7233006954193115, 0.4153850942099314, 1791403475129729622, 
-0.012731552124023438, 0.7015225887298584, 0.40500808477317957, 1791403475160038172, 
-0.0684964656829834, -0.4606418013572693, 0.39713203283375087, 1791403475189815174, 
-0.028144896030426025, 0.050118982791900635, 0.4138185762059789, 1791403475219821693, 
-0.03096097707748413, 0.5282649993896484, 0.4349011151817262, 1791403475249776096, 
-0.21642976999282837, -0.22588425874710083, 0.39760148870524137, 1791403475281237671, 
-0.05240708589553833, 0.08310461044311523, 0.39320607183509076, 1791403475312436486, 
-0.15989166498184204, 0.21847200393676758, 0.4489400891162672, 1791403475339851388, 
-0.08036363124847412, -0.07556945085525513, 0.38752256288568904, 1791403475369745227, 
0.24791079759597778, 0.13126599788665771, 0.4173681665704969, 1791403475399793192, 
-0.2946184277534485, 0.07054257392883301, 0.4011835993841863, 1791403475429812508, 
0.05557376146316528, 0.055350661277770996, 0.38596881630587515, 1791403475459819325, 
-0.18772661685943604, 0.19560933113098145, 0.38664823580189694, 1791403475489843806, 
-0.014686405658721924, 0.061195433139801025, 0.394752649340976, 1791403475521306302, 
0.16048401594161987, 0.0020959973335266113, 0.4129630155062098, 1791403475552926297, 
0.020600557327270508, 0.5201354622840881, 0.45753378409290785, 1791403475579911494, 
0.005033731460571289, -0.12392169237136841, 0.3937510478903422, 1791403475609886732, 
-0.31807559728622437, 0.33047670125961304, 0.3285258476246413, 1791403475633634845, 
0.14751774072647095, 0.024592697620391846, 0.43978489756363137, 1791403475659925722, 
0.018678009510040283, -0.07559829950332642, 0.4054187645818659, 1791403475689858048, 
-0.14430809020996094, -0.018046259880065918, 0.4247892719047486, 1791403475719863408, 
0.012165367603302002, 0.09456276893615723, 0.4158946111216961, 1791403475749898574, 
0.2301427125930786, 0.00680917501449585, 0.38566382095791035, 1791403475779878250, 
-0.16501456499099731, 0.3163893222808838, 0.375419299345034, 1791403475809956262, 
0.03296619653701782, -0.26772552728652954, 0.36633367412735585, 1791403475841292663, 
0.2911044955253601, 0.05597168207168579, 0.36908908311142175, 1791403475872929910, 
-0.4909502863883972, 0.3892213702201843, 0.43365651061189553, 1791403475899887820, 
-0.03768497705459595, -0.3375902771949768, 0.38763670966761765, 1791403475929912575, 
-0.03738373517990112, 0.3045487403869629, 0.3871284129695752, 1791403475959905810, 
-0.24611985683441162, 0.254184365272522, 0.39300216363405144, 1791403475989977484, 
-0.35647904872894287, 0.2512659430503845, 0.4041338101179854, 1791403476020188213, 
-0.013324618339538574, -0.1179618239402771, 0.40575615874070387, 1791403476050080191, 
0.30317699909210205, 0.3296225070953369, 0.40731529583366377, 1791403476080453417, 
-0.1664932370185852, 0.20122289657592773, 0.36946230450538714, 1791403476113135958, 
0.2674943804740906, -0.3104327917098999, 0.459996397337856, 1791403476140116149, 
-0.1143537163734436, 0.46383583545684814, 0.4045039079786227, 1791403476170068803, 
-0.3229150176048279, 0.025437593460083008, 0.3884323270973203, 1791403476200072723, 
0.14595329761505127, -0.20842307806015015, 0.38068433000964613, 1791403476230114793, 
-0.0827491283416748, 0.40733206272125244, 0.41712290193152995, 1791403476260096904, 
-0.4838467240333557, 0.040112197399139404, 0.4290812016471381, 1791403476290109773, 
0.2578737139701843, -0.17233693599700928, 0.40343941606981293, 1791403476320980040, 
-0.34156227111816406, 0.2973001003265381, 0.37696922514181896, 1791403476353193029, 
-0.04887670278549194, 0.24242150783538818, 0.43656695099565446, 1791403476380193517, 
0.13366782665252686, -0.009402632713317871, 0.3994173230613255, 1791403476410172612, 
0.023922741413116455, 0.022655069828033447, 0.4126832812408342, 1791403476440181788, 
-0.18241947889328003, -0.12365144491195679, 0.424672554366849, 1791403476470218358, 
-0.0978425145149231, 0.34493517875671387, 0.4122223689818842, 1791403476500231245, 
-0.0824548602104187, 0.3361284136772156, 0.36379008193244755, 1791403476530319250, 
0.004178762435913086, -0.22428089380264282, 0.387632239497478, 1791403476561030479, 
-0.026877999305725098, 0.13605129718780518, 0.3943743518166276, 1791403476593577193, 
0.017971515655517578, 0.28096336126327515, 0.48461277669093544, 1791403476620320857, 
-0.02805495262145996, -0.11257970333099365, 0.42865430641604724, 1791403476649335671, 
-0.44384217262268066, 0.31614965200424194, 0.39271648039293083, 1791403476679347938, 
0.08525735139846802, 0.19231170415878296, 0.3995626325678735, 1791403476710368050, 
-0.1316726803779602, -0.06445282697677612, 0.4138193102133037, 1791403476740343924, 
0.43181556463241577, 0.336161732673645, 0.3985949765589421, 1791403476770390554, 
-0.40729576349258423, -0.0498928427696228, 0.3940793184463971, 1791403476801013076, 
-0.26472294330596924, -0.11255991458892822, 0.36282361828776594, 1791403476832961968, 
0.24365854263305664, -0.10535305738449097, 0.4084179177198788, 1791403476860826503, 
-0.21159493923187256, 0.5214282870292664, 0.3966397784803358, 1791403476890570740, 
-0.08504414558410645, -0.19121336936950684, 0.41420101538259446, 1791403476920485139, 
0.03642094135284424, 0.1174359917640686, 0.4083613096763443, 1791403476950546740, 
-0.054263174533843994, 0.4716030955314636, 0.39947312092735887, 1791403476980550524, 
0.32565367221832275, -0.4467797875404358, 0.4006085630484739, 1791403477010549752, 
0.10515713691711426, 0.3201112747192383, 0.38611040279372494, 1791403477041422635, 
-0.33312129974365234, 0.6606349349021912, 0.39277818599648584, 1791403477072429923, 
-0.24307644367218018, -0.4287123680114746, 0.4398849099597927, 1791403477100697151, 
0.06425267457962036, 0.2847166657447815, 0.41312001379101587, 1791403477130635929, 
-0.052995264530181885, 0.27153462171554565, 0.3985746679388512, 1791403477160637133, 
-0.10094457864761353, -0.09872233867645264, 0.38942871869030615, 1791403477190616628, 
0.11488115787506104, 0.12113082408905029, 0.4065536561574345, 1791403477220658854, 
-0.26137179136276245, 0.07748216390609741, 0.41234079053834, 1791403477250665807, 
-0.30754929780960083, 0.12112802267074585, 0.39511130179004694, 1791403477281071964, 
-0.029910564422607422, 0.2144671082496643, 0.36222803875908466, 1791403477313527856, 
0.03413921594619751, 0.13723903894424438, 0.4231525717930987, 1791403477340832316, 
0.09726506471633911, -0.19708198308944702, 0.37909284136552734, 1791403477370736064, 
-0.17232435941696167, 0.42594319581985474, 0.3965928446070911, 1791403477400751803, 
-0.19931775331497192, 0.10179710388183594, 0.3817723785871792, 1791403477430819964, 
0.18117141723632812, -0.14518558979034424, 0.38896928163856936, 1791403477460821744, 
-0.0063239336013793945, 0.4875943064689636, 0.4010736153732202, 1791403477490833553, 
0.07064741849899292, -0.029245376586914062, 0.42318527865208977, 1791403477521395896, 
0.026916086673736572, 0.13460159301757812, 0.399481315279111, 1791403477553968565, 
-0.1774970293045044, 0.4341849684715271, 0.453048215110539, 1791403477580870217, 
-0.4101962447166443, -0.3759811520576477, 0.380716808963438, 1791403477610975929, 
-0.16295796632766724, 0.19907504320144653, 0.3680787492900483, 1791403477640862007, 
-0.1543278694152832, 0.3726748824119568, 0.36699063337173293, 1791403477670875016, 
-0.11147493124008179, -0.1325271725654602, 0.37782092857584154, 1791403477700936192, 
0.051264822483062744, -0.056135356426239014, 0.38522164596106345, 1791403477731062736, 
0.29344385862350464, 0.15020358562469482, 0.3804729038313013, 1791403477761050509, 
0.29449915885925293, 0.06958073377609253, 0.3597509670599021, 1791403477793305627, 
0.588417112827301, 0.30858802795410156, 0.4580588989953998, 1791403477821014366, 
-0.6672222018241882, 0.07836312055587769, 0.39191844807140075, 1791403477851012268, 
-0.04116356372833252, -0.2636057734489441, 0.3961522425077613, 1791403477881048564, 
0.08900129795074463, 0.5943143367767334, 0.39156875323818696, 1791403477911107427, 
-0.31300997734069824, -0.15115416049957275, 0.41031501663642417, 1791403477941057826, 
0.22046035528182983, -0.40299177169799805, 0.4031682593111282, 1791403477971089795, 
-0.0708627700805664, 0.8351501822471619, 0.4086801099037876, 1791403478000475496, 
-0.10137730836868286, -0.12946003675460815, 0.37146270302688095, 1791403478033042581, 
0.09883952140808105, -0.3775135278701782, 0.39592668514493073, 1791403478063204256, 
0.5515801906585693, 0.15591001510620117, 0.44554412178745484, 1791403478101123291, 
-0.31274402141571045, 0.37598079442977905, 0.42230048500667017, 1791403478131148964, 
-0.01377791166305542, -0.09546387195587158, 0.40349619798374575, 1791403478161230992, 
-0.1948825716972351, 0.10995101928710938, 0.3905190863528239, 1791403478193723518, 
-0.04115307331085205, 0.25688207149505615, 0.41051342031214444, 1791403478223308584, 
-0.10587167739868164, -0.12354964017868042, 0.416308802297605, 1791403478251254950, 
0.29123085737228394, 0.237579345703125, 0.4085081704185038, 1791403478281295252, 
-0.16601663827896118, 0.08931928873062134, 0.4165303304140469, 1791403478311257380, 
-0.0014119148254394531, -0.23814648389816284, 0.3864849315004188, 1791403478341316782, 
-0.03118830919265747, 0.44371622800827026, 0.3539034850267535, 1791403478371310642, 
-0.1957150101661682, 0.12832164764404297, 0.3803746907620405, 1791403478401359759, 
0.17989742755889893, -0.1485791802406311, 0.3868081988785267, 1791403478433076334, 
-0.008420705795288086, 0.2672964334487915, 0.4301962354935737, 1791403478463854117, 
0.26629549264907837, -0.0956343412399292, 0.44969627153354236, 1791403478491344498, 
0.22324442863464355, 0.12113004922866821, 0.38458105961333344, 1791403478520378168, 
-0.12907814979553223, 0.4557502865791321, 0.3988352075172799, 1791403478550464690, 
-0.4497836232185364, 0.3850095272064209, 0.4029458315412914, 1791403478581648281, 
-0.05195951461791992, -0.2674029469490051, 0.42602844636011183, 1791403478610470672, 
0.016591966152191162, 0.2534058690071106, 0.39304749098939007, 1791403478641793962, 
0.2637553811073303, 0.5209067463874817, 0.376812771307511, 1791403478673600417, 
0.049696505069732666, -0.36623430252075195, 0.40009381644027653, 1791403478704341760, 
0.18081873655319214, 0.3329921364784241, 0.4608616762610755, 1791403478731533926, 
-0.24204009771347046, 0.1681404709815979, 0.398481102388335, 1791403478761545547, 
-0.086029052734375, -0.2376629114151001, 0.39117952479558243, 1791403478791558176, 
-0.09725433588027954, 0.6739113330841064, 0.37425822431140154, 1791403478821568704, 
-0.1657956838607788, -0.036348164081573486, 0.36415296372357686, 1791403478851599417, 
0.2774062156677246, -0.22697174549102783, 0.3963993916402433, 1791403478881633869, 
0.15573281049728394, 0.4400610327720642, 0.4090132232315813, 1791403478913159114, 
-0.12592339515686035, -0.07323640584945679, 0.39459307457648973, 1791403478944624685, 
0.032399773597717285, -0.07701385021209717, 0.4248623258870418, 1791403478971669600, 
0.1724327802658081, 0.42832159996032715, 0.396195022129566, 1791403479001652097, 
-0.2863140106201172, 0.16226524114608765, 0.4011393997235353, 1791403479031695335, 
0.15307164192199707, -0.0962795615196228, 0.4183379085510491, 1791403479061707227, 
-0.12691718339920044, 0.15613704919815063, 0.430470640773576, 1791403479091733849, 
-0.12189042568206787, -0.09134751558303833, 0.4105545519837985, 1791403479121780854, 
0.05309635400772095, -0.05726289749145508, 0.3699863832065886, 1791403479153537983, 
-0.026476740837097168, 0.3900391459465027, 0.37669181580826605, 1791403479185155180, 
0.09158527851104736, 0.003997921943664551, 0.47164625900114576, 1791403479211852053, 
0.03873646259307861, 0.24260717630386353, 0.40816657077012963, 1791403479241813947, 
0.17108768224716187, 0.26154041290283203, 0.39521002929922255, 1791403479271801853, 
-0.2023608684539795, -0.13638079166412354, 0.39402154941237066, 1791403479301849661, 
0.2674214839935303, 0.1479746699333191, 0.40347423469632343, 1791403479331861789, 
-0.012412548065185547, 0.21925294399261475, 0.41533514072140987, 1791403479361943452, 
0.015018224716186523, -0.11719030141830444, 0.3988988699572843, 1791403479393141789, 
0.3671276569366455, 0.34947508573532104, 0.3570149544143415, 1791403479425354864, 
-0.14805155992507935, 0.3979150056838989, 0.41198795851288356, 1791403479452024947, 
-0.036015212535858154, -0.07396519184112549, 0.38442499708147726, 1791403479481986873, 
-0.11147373914718628, 0.1301310658454895, 0.4066506637341462, 1791403479511947887, 
-0.1524667739868164, 0.2866528630256653, 0.40587087533045696, 1791403479542000746, 
0.052791714668273926, -0.14510786533355713, 0.41138781338607894, 1791403479571972982, 
0.22718381881713867, 0.18817734718322754, 0.39394924093607403, 1791403479602039135, 
-0.007615208625793457, 0.11790138483047485, 0.40714668105390656, 1791403479633135905, 
-0.1403302550315857, -0.26453697681427, 0.3862290995290681, 1791403479666055217, 
0.30664509534835815, 0.27057409286499023, 0.4634342109955137, 1791403479692120901, 
-0.01091313362121582, 0.4499313235282898, 0.40723875206867916, 1791403479722083143, 
-0.08925163745880127, -0.2967432141304016, 0.3879497051576768, 1791403479752083643, 
0.4725051522254944, 0.05184447765350342, 0.4075484487795126, 1791403479782248719, 
-0.1603255271911621, 0.4300156235694885, 0.41401618920502337, 1791403479812118609, 
-0.19207799434661865, -0.27299124002456665, 0.3907330516743364, 1791403479842153593, 
0.06596112251281738, 0.12183576822280884, 0.36820368194323094, 1791403479873629032, 
-0.22877317667007446, 0.25170791149139404, 0.3820345608965371, 1791403479905163626, 
0.40024495124816895, 0.01489800214767456, 0.4575133085883524, 1791403479932296125, 
-0.14725500345230103, 0.15072154998779297, 0.4053420723847328, 1791403479962226392, 
0.08966869115829468, -0.025813281536102295, 0.39174844287002913, 1791403479992234861, 
-0.1173664927482605, -0.07370597124099731, 0.41100139397449953, 1791403480022248766, 
0.010459959506988525, 0.4768446087837219, 0.411562940988201, 1791403480052245896, 
-0.17979788780212402, 0.13297343254089355, 0.41061909766114346, 1791403480082325141, 
0.03366684913635254, -0.07800114154815674, 0.40307016385937444, 1791403480113816983, 
0.06933736801147461, 0.3486292362213135, 0.40086302586528394, 1791403480145359799, 
0.29282206296920776, -0.15812164545059204, 0.4216266751753636, 1791403480172384127, 
0.034871697425842285, 0.056922078132629395, 0.37383690447795037, 1791403480202307228, 
0.0375860333442688, 0.13863921165466309, 0.40282228182561924, 1791403480232335735, 
-0.09945350885391235, 0.21480172872543335, 0.42634516660071603, 1791403480261443053, 
-0.20402467250823975, -0.013671338558197021, 0.3806721641980654, 1791403480293010902, 
0.06413435935974121, 0.13973307609558105, 0.39917796207763556, 1791403480321525696, 
-0.15773606300354004, 0.23693722486495972, 0.34607080130050794, 1791403480353482231, 
0.40620261430740356, -0.2318524718284607, 0.37411239838534543, 1791403480385270289, 
0.22741377353668213, 0.49778032302856445, 0.4702971798160878, 1791403480411545304, 
-0.5414528250694275, -0.1394643783569336, 0.3890998896537977, 1791403480441501491, 
0.0950707197189331, -0.005568981170654297, 0.4015939660386389, 1791403480471516829, 
0.16969817876815796, 0.7131682634353638, 0.3788194261616814, 1791403480501507524, 
-0.0591583251953125, -0.3403211832046509, 0.37606016180115637, 1791403480532583840, 
0.18309229612350464, -0.03833061456680298, 0.4157035269020602, 1791403480562565606, 
0.162675142288208, 0.6628546118736267, 0.4158803113296866, 1791403480592468753, 
-0.33048492670059204, -0.1706099510192871, 0.358854231497517, 1791403480625611767, 
0.2755342721939087, -0.18414443731307983, 0.44776743140079667, 1791403480652650032, 
-0.17311078310012817, 0.4811136722564697, 0.409224103871426, 1791403480682595123, 
0.21518832445144653, -0.05058974027633667, 0.40361131579522097, 1791403480712633832, 
0.14609897136688232, -0.19472146034240723, 0.42253864239573896, 1791403480742635028, 
-0.2841302156448364, 0.5495210886001587, 0.3908459645189678, 1791403480772703528, 
-0.045684099197387695, -0.15611541271209717, 0.36974801144808844, 1791403480802918500, 
0.10696369409561157, -0.11884176731109619, 0.3912873733201326, 1791403480833178085, 
-0.018823862075805664, 0.4153890609741211, 0.4004116518951198, 1791403480865210872, 
-0.002324521541595459, 0.06318855285644531, 0.4537932013685521, 1791403480892804674, 
-0.0361250638961792, 0.1080058217048645, 0.3953564896237216, 1791403480922767264, 
-0.21642321348190308, 0.036277830600738525, 0.37706358363846754, 1791403480952812982, 
-0.06661480665206909, -0.04809778928756714, 0.38773967379139734, 1791403480982789217, 
0.009295344352722168, 0.2303159236907959, 0.4248111818315182, 1791403481012831759, 
0.07700759172439575, 0.03768795728683472, 0.43323626612580196, 1791403481042838565, 
0.09677571058273315, -0.03254389762878418, 0.3781125407238143, 1791403481073816627, 
0.22812891006469727, -0.0027584433555603027, 0.37869243471360176, 1791403481105492298, 
-0.03142637014389038, 0.026984572410583496, 0.4394691857665543, 1791403481132981426, 
-0.07332628965377808, 0.08239805698394775, 0.40137491987163687, 1791403481162935439, 
0.06597733497619629, -0.0802692174911499, 0.4118415666958111, 1791403481192927928, 
-0.20878219604492188, 0.33048611879348755, 0.3952273140941102, 1791403481222918076, 
0.037135422229766846, -0.09968835115432739, 0.39053400013182954, 1791403481252987053, 
0.016727745532989502, 0.09568601846694946, 0.3890447256671032, 1791403481283023481, 
-0.06268268823623657, 0.21429604291915894, 0.3881351849112258, 1791403481313228038, 
-0.3097098469734192, -0.2617654800415039, 0.36263184003887194, 1791403481345369352, 
0.3543964624404907, 0.45080381631851196, 0.45419947445564435, 1791403481373118497, 
0.02135157585144043, 0.3267691135406494, 0.41234600231078167, 1791403481403136375, 
0.12855005264282227, -0.18570125102996826, 0.38023213420820173, 1791403481433060018, 
0.23570656776428223, 0.18288278579711914, 0.39763587523639776, 1791403481463023328, 
-0.11680591106414795, -0.09390687942504883, 0.40928654347165583, 1791403481493057077, 
0.14022934436798096, -0.1705649495124817, 0.400600365072421, 1791403481523068815, 
-0.07951068878173828, 0.36082303524017334, 0.4164795554234225, 1791403481552453545, 
-0.4497493505477905, 0.197076678276062, 0.37269434816132085, 1791403481585694641, 
0.3153071403503418, -0.4399263262748718, 0.4571224581208868, 1791403481613183331, 
0.3314136266708374, 0.40656226873397827, 0.4100317951206906, 1791403481643148787, 
-0.23900359869003296, 0.13277363777160645, 0.40238077300896496, 1791403481673305828, 
0.18287718296051025, -0.3211522698402405, 0.39829309792942497, 1791403481703210125, 
0.09183001518249512, 0.5393254160881042, 0.3959600005059576, 1791403481733256121, 
-0.02931922674179077, -0.06277388334274292, 0.3903873784749093, 1791403481763288440, 
0.07526910305023193, -0.16305416822433472, 0.4071551066377887, 1791403481793562220, 
-0.25903797149658203, 0.22783607244491577, 0.3916903274805452, 1791403481825258794, 
0.25429558753967285, -0.2613260746002197, 0.422254245747559, 1791403481853417892, 
-0.08280700445175171, 0.12011635303497314, 0.38172662401076907, 1791403481883325156, 
0.23556023836135864, 0.026021122932434082, 0.4031325729977032, 1791403481913399205, 
-0.28981631994247437, 0.011550724506378174, 0.4091770532666875, 1791403481943328973, 
0.2843784689903259, 0.3034708499908447, 0.4061126486011734, 1791403481972455857, 
-0.08725881576538086, 0.2108389139175415, 0.3556188836672337, 1791403482003774538, 
0.4542973041534424, 0.021810531616210938, 0.39815580509035103, 1791403482033688880, 
-0.09535229206085205, -0.12156736850738525, 0.40858754329075364, 1791403482065537272, 
0.06485158205032349, 0.07189422845840454, 0.45557168044125257, 1791403482093498945, 
-0.27591508626937866, 0.12058544158935547, 0.4164109735181219, 1791403482122441997, 
0.09814226627349854, -0.012569129467010498, 0.36716227755506675, 1791403482153472904, 
0.1045730710029602, 0.18712949752807617, 0.41313354627402055, 1791403482182470976, 
0.044085919857025146, -0.08644145727157593, 0.4063135339878432, 1791403482213525820, 
0.3768843412399292, 0.054724812507629395, 0.39595429015478495, 1791403482243552988, 
-0.24967771768569946, 0.11808431148529053, 0.38994384939974436, 1791403482273587749, 
-0.3552471995353699, -0.31004464626312256, 0.3446151424681418, 1791403482305382891, 
0.38000667095184326, 0.02555292844772339, 0.3872107848653705, 1791403482334669878, 
0.20170295238494873, 0.42966240644454956, 0.4304294727520857, 1791403482373571423, 
-0.05920279026031494, 0.13838577270507812, 0.40759123937636327, 1791403482403576841, 
-0.030562281608581543, -0.31083613634109497, 0.38963286943010467, 1791403482433664625, 
0.15046828985214233, 0.2902437448501587, 0.387422310660407, 1791403482464323989, 
-0.08092004060745239, 0.06850451231002808, 0.3945722836935833, 1791403482495967129, 
-0.05242156982421875, -0.2563747763633728, 0.43680073899199384, 1791403482523649021, 
-0.009764313697814941, 0.25044387578964233, 0.4352534498010988, 1791403482553674794, 
-0.31590521335601807, -0.03745609521865845, 0.4217346292291209, 1791403482583732766, 
0.29831045866012573, -0.13471943140029907, 0.3943202986572944, 1791403482613726009, 
0.18741226196289062, 0.2762818932533264, 0.3995056927386317, 1791403482643774544, 
-0.2217273712158203, -0.02871769666671753, 0.4050672754336898, 1791403482673968608, 
0.24718254804611206, -0.10728925466537476, 0.39151208566454415, 1791403482705331808, 
-0.27850741147994995, 0.06484866142272949, 0.39064977146892677, 1791403482736334576, 
0.09603118896484375, 0.024295330047607422, 0.4160132411123794, 1791403482763876172, 
0.14273899793624878, -0.14730137586593628, 0.390861864457288, 1791403482793829032, 
0.26066988706588745, -0.016793668270111084, 0.4075703442030381, 1791403482823878952, 
0.1696750521659851, -0.05179393291473389, 0.41119220976000626, 1791403482854154279, 
0.1337565779685974, -0.04401588439941406, 0.379450742342838, 1791403482883971402, 
-0.24091994762420654, 0.2868979573249817, 0.3433615666375877, 1791403482913928253, 
0.11108899116516113, -0.08361178636550903, 0.361712600587825, 1791403482945333725, 
-0.010389864444732666, 0.13977539539337158, 0.39500373800411204, 1791403482976797347, 
-0.1410607099533081, -0.151433527469635, 0.44199147471695943, 1791403483013984620, 
-0.022422730922698975, 0.3501235246658325, 0.414280823445477, 1791403483043992476, 
0.15199238061904907, -0.1765429973602295, 0.4040084250632903, 1791403483074040691, 
0.3105242848396301, 0.017147958278656006, 0.3772764769001602, 1791403483105523492, 
-0.3092947006225586, 0.353105366230011, 0.3810699315130605, 1791403483136843944, 
0.043818771839141846, -0.38076722621917725, 0.43958085981626116, 1791403483164084165, 
-0.06859767436981201, 0.37835240364074707, 0.41084050132944366, 1791403483194081844, 
-0.27188724279403687, 0.17461341619491577, 0.3967959150660877, 1791403483224083867, 
-0.17626816034317017, -0.28616827726364136, 0.4011605229937666, 1791403483254160075, 
0.1654641032218933, 0.26023298501968384, 0.4069727554995805, 1791403483284143374, 
-0.0943029522895813, -0.15642523765563965, 0.40221141427584467, 1791403483314149275, 
-0.06612443923950195, -0.11560887098312378, 0.36947330599127903, 1791403483345667823, 
0.21657174825668335, 0.32665836811065674, 0.4000424862580164, 1791403483376439953, 
-0.2500682473182678, 0.11524039506912231, 0.43538759143092337, 1791403483404894260, 
0.3071579337120056, -0.3411210775375366, 0.3967282098895591, 1791403483434934287, 
0.13475143909454346, 0.12203401327133179, 0.39861674255294444, 1791403483464916257, 
-0.1716483235359192, 0.013966917991638184, 0.39257407366296065, 1791403483494872627, 
-0.012467384338378906, -0.2877843379974365, 0.39764581282246614, 1791403483524958429, 
0.002344846725463867, 0.5423420071601868, 0.434626100724139, 1791403483554895866, 
0.11745822429656982, -0.007027804851531982, 0.4314968579259001, 1791403483585309174, 
0.13087248802185059, -0.08754587173461914, 0.38301307846534266, 1791403483617975224, 
-0.2127838134765625, 0.09694504737854004, 0.4588775410731866, 1791403483644997494, 
-0.12903785705566406, -0.21013879776000977, 0.4068982364667023, 1791403483674957795, 
-0.0032875537872314453, 0.13125914335250854, 0.3871049434146239, 1791403483705064637, 
0.10568493604660034, -0.10566061735153198, 0.40646335305380127, 1791403483735046357, 
-0.40660154819488525, 0.07401663064956665, 0.4128206019513284, 1791403483765044143, 
0.2361464500427246, -0.03996759653091431, 0.4071222437708628, 1791403483794943793, 
-0.27620649337768555, 0.12059414386749268, 0.3574525690865829, 1791403483825371351, 
0.5804665088653564, -0.04624044895172119, 0.34350324191775977, 1791403483858026924, 
0.12754076719284058, -0.036009788513183594, 0.4545487225251894, 1791403483885047441, 
-0.5022399425506592, 0.0709877610206604, 0.4123871425301314, 1791403483914969467, 
0.036304354667663574, -0.016387760639190674, 0.4117237941950645, 1791403483945025536, 
0.09618449211120605, 0.08451777696609497, 0.385855080532552, 1791403483975004602, 
0.42350274324417114, -0.0426485538482666, 0.40966029763821765, 1791403484005136421, 
-0.43584996461868286, -0.13978564739227295, 0.4308146624978145, 1791403484035021809, 
0.39258408546447754, 0.1348753571510315, 0.39265172541322724, 1791403484065584610, 
-0.40732091665267944, 0.18199658393859863, 0.3832357298992309, 1791403484097524798, 
0.16300249099731445, -0.24940234422683716, 0.44022444305178904, 1791403484124641400, 
0.11542576551437378, 0.0877411961555481, 0.3903468288796691, 1791403484154593099, 
0.00462031364440918, 0.024172067642211914, 0.4058661032927632, 1791403484184600829, 
-0.07439684867858887, -0.21592718362808228, 0.3877693654584871, 1791403484214627242, 
0.12741124629974365, -0.0968317985534668, 0.39393697602332345, 1791403484244637717, 
