x, y, th, stamp, 
-1.9890824556350708, -1.1474072933197021, 2.999941332307921, 1791403393406213150, 
-1.9890824556350708, -1.1474072933197021, 2.9999413380505495, 1791403393455378100, 
-1.9890824556350708, -1.1474072933197021, 2.9999413267334036, 1791403393503236452, 
-1.9890824556350708, -1.1474072933197021, 2.999941339325773, 1791403393553062892, 
-1.9890824556350708, -1.1474072933197021, 2.9999413314311023, 1791403393614454176, 
-1.9890824556350708, -1.1474072933197021, 2.9999413329373827, 1791403393663168521, 
-1.9890824556350708, -1.1474072933197021, 2.999941324661742, 1791403393713270138, 
-1.9890824556350708, -1.1474072933197021, 2.9999413361820486, 1791403393756505681, 
-1.9890824556350708, -1.1474072933197021, 2.999941334953364, 1791403393806275343, 
-1.9890824556350708, -1.1474072933197021, 2.999941334859819, 1791403393855414863, 
-1.9890824556350708, -1.1474072933197021, 2.999941341796299, 1791403393916123654, 
-1.9890824556350708, -1.1474072933197021, 2.9999413358820535, 1791403393966189249, 
-1.9890824556350708, -1.1474072933197021, 2.9999413337778154, 1791403393995668033, 
-1.9890824556350708, -1.1474072933197021, 2.9999413272795556, 1791403394061535434, 
-1.9890824556350708, -1.1474072933197021, 2.9999413284270227, 1791403394113179063, 
-1.9890824556350708, -1.1474072933197021, 2.9999413410107914, 1791403394156295619, 
-1.9890824556350708, -1.1474072933197021, 2.9999413348985855, 1791403394205183341, 
-1.9890824556350708, -1.1474072933197021, 2.9999413340997862, 1791403394256401888, 
-1.9890824556350708, -1.1474072933197021, 2.9999413319508057, 1791403394316141002, 
-1.9890824556350708, -1.1474072933197021, 2.9999413407840647, 1791403394352816238, 
-1.9890824556350708, -1.1474072933197021, 2.999941328155251, 1791403394395488605, 
-1.9890824556350708, -1.1474072933197021, 2.9999413358344493, 1791403394463162996, 
-1.9890824556350708, -1.1474072933197021, 2.9999413243500537, 1791403394513392009, 
-1.9890824556350708, -1.1474072933197021, 2.999941328344773, 1791403394556177278, 
-1.9890824556350708, -1.1474072933197021, 2.9999413346516945, 1791403394607196317, 
-1.9890824556350708, -1.1474072933197021, 2.999941341015616, 1791403394655507321, 
-1.9890824556350708, -1.1474072933197021, 2.999941333338509, 1791403394704311748, 
-1.9890824556350708, -1.1474072933197021, 2.9999413429735484, 1791403394754229285, 
-1.9890824556350708, -1.1474072933197021, 2.9999413474957675, 1791403394816091414, 
-1.9890824556350708, -1.1474072933197021, 2.999941324192717, 1791403394864260915, 
-1.9890824556350708, -1.1474072933197021, 2.9999413276540996, 1791403394914210600, 
-1.9890824556350708, -1.1474072933197021, 2.999941315577199, 1791403394956220334, 
-1.9890824556350708, -1.1474072933197021, 2.999941316558417, 1791403395005191863, 
-1.9890824556350708, -1.1474072933197021, 2.999941320360245, 1791403395056295768, 
-1.9890824556350708, -1.1474072933197021, 2.9999413200458034, 1791403395104222332, 
-1.9890824556350708, -1.1474072933197021, 2.999941325977292, 1791403395153883615, 
-1.9890824556350708, -1.1474072933197021, 2.999941331709426, 1791403395216039568, 
-1.9890824556350708, -1.1474072933197021, 2.9999413290333368, 1791403395264216730, 
-1.9890824556350708, -1.1474072933197021, 2.9999413260339884, 1791403395314243855, 
-1.9890824556350708, -1.1474072933197021, 2.9999413348617705, 1791403395356202632, 
-1.9890824556350708, -1.1474072933197021, 2.9999413360134906, 1791403395406205823, 
-1.9890824556350708, -1.1474072933197021, 2.9999413338740792, 1791403395455475494, 
-1.9890824556350708, -1.1474072933197021, 2.999941341882759, 1791403395515744276, 
-1.9890824556350708, -1.1474072933197021, 2.9999413312604153, 1791403395553912436, 
-1.9890824556350708, -1.1474072933197021, 2.999941578312564, 1791403395596340629, 
-1.989085078239441, -1.1473982334136963, 3.0002176916184866, 1791403395663824461, 
-1.9889353513717651, -1.1473335027694702, 3.0174265031594936, 1791403395714223047, 
-1.9889576435089111, -1.1473376750946045, 3.0360813223878496, 1791403395756277564, 
-1.9891124963760376, -1.1470985412597656, 3.056990620465581, 1791403395806233085, 
-1.9892672300338745, -1.1470707654953003, 3.077119351247931, 1791403395856308931, 
-1.989353060722351, -1.1471320390701294, 3.0978779879019918, 1791403395904327367, 
-1.9892946481704712, -1.1467041969299316, 3.1184697174705946, 1791403395954387561, 
-1.9893741607666016, -1.1465392112731934, 3.135724783453603, 1791403395996247767, 
-1.9897912740707397, -1.1462488174438477, -3.1201734532209673, 1791403396064246539, 
-1.989977240562439, -1.1461950540542603, -3.09914254714312, 1791403396114234360, 
-1.9901158809661865, -1.145963430404663, -3.0801038843602755, 1791403396157289492, 
-1.9902366399765015, -1.145697832107544, -3.0599653894250207, 1791403396207206525, 
-1.990270733833313, -1.1455769538879395, -3.041776894154437, 1791403396258244930, 
-1.9903388023376465, -1.1455262899398804, -3.0239319641740066, 1791403396304231359, 
-1.990433931350708, -1.145503044128418, -3.0035331127397225, 1791403396353776755, 
-1.9905778169631958, -1.1453890800476074, -2.9871480541922466, 1791403396396567771, 
-1.9909588098526, -1.1452258825302124, -2.96016191780418, 1791403396464253488, 
-1.9912034273147583, -1.1451778411865234, -2.93974730722434, 1791403396515207816, 
-1.9914050102233887, -1.1450988054275513, -2.922825546708692, 1791403396557239254, 
-1.9916129112243652, -1.1449742317199707, -2.902744298059066, 1791403396607209551, 
-1.991886854171753, -1.144739031791687, -2.882754580793638, 1791403396658260898, 
-1.992128610610962, -1.1446760892868042, -2.862988957075826, 1791403396704885541, 
-1.9924198389053345, -1.1445823907852173, -2.842566505118072, 1791403396755047621, 
-1.9926820993423462, -1.1445049047470093, -2.826269118038058, 1791403396797269220, 
-1.9928873777389526, -1.1443060636520386, -2.799887460486947, 1791403396865215136, 
-1.9931803941726685, -1.1442855596542358, -2.7789233117112473, 1791403396915345020, 
-1.9934579133987427, -1.144278645515442, -2.7613446738112564, 1791403396957288155, 
-1.9938209056854248, -1.1442222595214844, -2.7411245741902532, 1791403397006217338, 
-1.9942604303359985, -1.1440682411193848, -2.7218748710625413, 1791403397057297162, 
-1.994489312171936, -1.1441622972488403, -2.703807786273424, 1791403397106293125, 
-1.9948492050170898, -1.1444060802459717, -2.6824104634832873, 1791403397155934709, 
-1.9951262474060059, -1.1445019245147705, -2.665108666043102, 1791403397196069542, 
-1.9957321882247925, -1.1444108486175537, -2.6369238170422165, 1791403397266475738, 
-1.9961440563201904, -1.1444182395935059, -2.617985857964752, 1791403397316217259, 
-1.9965189695358276, -1.144496202468872, -2.6021609912505554, 1791403397356420911, 
-1.9969463348388672, -1.1447272300720215, -2.5819878654413455, 1791403397406219024, 
-1.9972751140594482, -1.1448017358779907, -2.5618408242240682, 1791403397456321830, 
-1.997644305229187, -1.1448485851287842, -2.537235272772698, 1791403397515684585, 
-1.997969388961792, -1.1449285745620728, -2.5208525879484394, 1791403397556069051, 
-1.9983612298965454, -1.145063042640686, -2.504747873100325, 1791403397596033559, 
-1.9988430738449097, -1.145300269126892, -2.47681644603846, 1791403397666285642, 
-1.9991868734359741, -1.1454083919525146, -2.45795106410229, 1791403397716275667, 
-1.9994475841522217, -1.145536184310913, -2.441904227217623, 1791403397756232098, 
-1.9997541904449463, -1.1457490921020508, -2.420183221393374, 1791403397806226510, 
-2.0001120567321777, -1.1459144353866577, -2.3987624095432376, 1791403397856323412, 
-2.000545024871826, -1.1459784507751465, -2.3788284592251316, 1791403397906248692, 
-2.0009353160858154, -1.1462217569351196, -2.3592052824278955, 1791403397956276984, 
-2.0011632442474365, -1.1464537382125854, -2.342870494112608, 1791403397996306903, 
-2.0016591548919678, -1.146876573562622, -2.312359801963122, 1791403398066277199, 
-2.002117156982422, -1.147033452987671, -2.2922576180864236, 1791403398116253036, 
-2.0024538040161133, -1.1472551822662354, -2.2763671268706966, 1791403398156316508, 
-2.0029103755950928, -1.147596001625061, -2.2562053199195358, 1791403398206234731, 
-2.0033695697784424, -1.1480220556259155, -2.2364301461653047, 1791403398256266300, 
-2.0039775371551514, -1.1482927799224854, -2.2185936556336716, 1791403398306281925, 
-2.00431752204895, -1.148769736289978, -2.200696600606585, 1791403398355904698, 
-2.0046043395996094, -1.1491881608963013, -2.1838522038712247, 1791403398396031191, 
-2.005225658416748, -1.149664282798767, -2.1554678288440563, 1791403398466304595, 
-2.0055510997772217, -1.1500095129013062, -2.1364473219541216, 1791403398516268219, 
-2.005927562713623, -1.1503856182098389, -2.12052768896337, 1791403398556280108, 
-2.006251096725464, -1.150878667831421, -2.1007479331690146, 1791403398606267173, 
-2.0065457820892334, -1.151307225227356, -2.0803136727088964, 1791403398656236032, 
-2.0069220066070557, -1.1517313718795776, -2.0604001649948573, 1791403398706342681, 
-2.00722074508667, -1.1522780656814575, -2.038608916013578, 1791403398755856851, 
-2.007537841796875, -1.1526691913604736, -2.021734308627325, 1791403398795783498, 
-2.0080692768096924, -1.1533633470535278, -1.993896023258661, 1791403398866270463, 
-2.008448600769043, -1.1538764238357544, -1.9747874265136198, 1791403398916238097, 
-2.008676290512085, -1.1543827056884766, -1.9592262807743577, 1791403398955685568, 
-2.008944511413574, -1.1550745964050293, -1.9385731331650349, 1791403399006351616, 
-2.009342908859253, -1.155534029006958, -1.9180122847191057, 1791403399056243580, 
-2.009697675704956, -1.1561592817306519, -1.8977781400427245, 1791403399106306791, 
-2.0099897384643555, -1.156793475151062, -1.8760863550751519, 1791403399155444899, 
-2.0103230476379395, -1.1571685075759888, -1.8594072605627439, 1791403399195776171, 
-2.0108160972595215, -1.1580957174301147, -1.8325423603986157, 1791403399266218342, 
-2.0111308097839355, -1.158963918685913, -1.814211631479357, 1791403399315503619, 
-2.0112767219543457, -1.1595309972763062, -1.7984114692395656, 1791403399356245977, 
-2.0116183757781982, -1.1602574586868286, -1.7773046145234068, 1791403399407285060, 
-2.0118367671966553, -1.1609491109848022, -1.7572573784454324, 1791403399456417347, 
-2.0120644569396973, -1.161685585975647, -1.7365709565069307, 1791403399506271196, 
-2.0122504234313965, -1.162484049797058, -1.7163107821152426, 1791403399555584081, 
-2.0124716758728027, -1.163086175918579, -1.7010857702919877, 1791403399595685562, 
-2.012868642807007, -1.1642221212387085, -1.6747955490131008, 1791403399666481052, 
-2.0130252838134766, -1.165060043334961, -1.6541713461089778, 1791403399716336515, 
-2.0131804943084717, -1.1656129360198975, -1.637840771167392, 1791403399756317444, 
-2.013509511947632, -1.1663777828216553, -1.6183717614165398, 1791403399807266859, 
-2.0135226249694824, -1.1670970916748047, -1.5979813892537926, 1791403399856278922, 
-2.0137531757354736, -1.1680134534835815, -1.575617963260206, 1791403399906287339, 
-2.0139381885528564, -1.1688072681427002, -1.555443465248351, 1791403399955543149, 
-2.014132499694824, -1.1698527336120605, -1.5327040918864037, 1791403400015522135, 
-2.0140650272369385, -1.170719861984253, -1.5113520688150146, 1791403400066269635, 
-2.014127731323242, -1.1717298030853271, -1.4882309271965593, 1791403400116278542, 
-2.014244556427002, -1.172369360923767, -1.47196803849895, 1791403400155653767, 
-2.014309883117676, -1.1732697486877441, -1.4496294517630965, 1791403400207334108, 
-2.0142648220062256, -1.1741218566894531, -1.427367917551416, 1791403400256258079, 
-2.0143284797668457, -1.1750333309173584, -1.4063779439461779, 1791403400305646932, 
-2.014329195022583, -1.1760504245758057, -1.3852375180613254, 1791403400355476886, 
-2.0141475200653076, -1.1770175695419312, -1.3672862608255765, 1791403400396357030, 
-2.014078378677368, -1.178510069847107, -1.3366975150723504, 1791403400466286332, 
-2.0138325691223145, -1.1795204877853394, -1.3141487450411244, 1791403400516258798, 
-2.013664722442627, -1.1804174184799194, -1.2948925388694184, 1791403400556257879, 
-2.0136733055114746, -1.1815261840820312, -1.2708828730599857, 1791403400607305705, 
-2.0134127140045166, -1.182547688484192, -1.2478575690714115, 1791403400656299566, 
-2.0132153034210205, -1.1836355924606323, -1.2232224778456955, 1791403400706290574, 
-2.0131497383117676, -1.185103416442871, -1.1969043142775, 1791403400766746660, 
-2.0129005908966064, -1.1858546733856201, -1.1848349461024346, 1791403400795759536, 
-2.012347936630249, -1.1874171495437622, -1.152079558982044, 1791403400866249265, 
-2.012030839920044, -1.188700556755066, -1.1267613103932812, 1791403400915576806, 
-2.0115935802459717, -1.1897200345993042, -1.10642808702144, 1791403400956266347, 
-2.0112173557281494, -1.1909089088439941, -1.0814745892820106, 1791403401006488415, 
-2.010796070098877, -1.1921192407608032, -1.0573710492572264, 1791403401056289101, 
-2.0101754665374756, -1.1934075355529785, -1.0314611105674458, 1791403401106389070, 
-2.009769916534424, -1.1946609020233154, -1.0070715278350448, 1791403401155726640, 
-2.0093350410461426, -1.1955833435058594, -0.987784409911446, 1791403401195787849, 
-2.008287191390991, -1.1971962451934814, -0.9519836903555684, 1791403401266246427, 
-2.0077638626098633, -1.198439359664917, -0.9259383425875936, 1791403401316289251, 
-2.0070767402648926, -1.199323296546936, -0.9052329496614707, 1791403401356271483, 
-2.0063836574554443, -1.2005844116210938, -0.878421483112655, 1791403401406370965, 
-2.0056729316711426, -1.2017481327056885, -0.8522878194687555, 1791403401455563576, 
-2.004756450653076, -1.2029532194137573, -0.8258667169037138, 1791403401505822298, 
-2.0039007663726807, -1.2042063474655151, -0.8010846054173407, 1791403401556171655, 
-2.0029282569885254, -1.2052360773086548, -0.7790928798866751, 1791403401596184044, 
-2.001601219177246, -1.2068325281143188, -0.7408896058402664, 1791403401666354639, 
-2.000523805618286, -1.2080302238464355, -0.7131432949682904, 1791403401715514710, 
-1.9995609521865845, -1.2088106870651245, -0.6913801133051619, 1791403401756299016, 
-1.9985783100128174, -1.2100709676742554, -0.6636332946788814, 1791403401806379138, 
-1.9972807168960571, -1.2111021280288696, -0.6360231653348363, 1791403401856300326, 
-1.9961143732070923, -1.212390661239624, -0.6083331088976505, 1791403401906339853, 
-1.9946836233139038, -1.2134298086166382, -0.5811549615243362, 1791403401956384260, 
-1.9930853843688965, -1.2148326635360718, -0.5467879250249819, 1791403402015532893, 
-1.991654634475708, -1.2158211469650269, -0.5172265035226845, 1791403402066319663, 
-1.9901005029678345, -1.2170099020004272, -0.4857165761771859, 1791403402116277470, 
-1.9888736009597778, -1.2179234027862549, -0.4606995469185719, 1791403402156326920, 
-1.9872311353683472, -1.2188667058944702, -0.4308693341839822, 1791403402206301886, 
-1.9854698181152344, -1.219995141029358, -0.4010197710323731, 1791403402256282608, 
-1.9835296869277954, -1.2209922075271606, -0.3671607867435425, 1791403402315496820, 
-1.9822241067886353, -1.2216800451278687, -0.3432456792058843, 1791403402356346506, 
-1.9800702333450317, -1.2225241661071777, -0.3065795541051103, 1791403402415617057, 
-1.9782463312149048, -1.2233785390853882, -0.2738974088373239, 1791403402466281157, 
-1.9764840602874756, -1.2240370512008667, -0.2428738545812045, 1791403402515578342, 
-1.975006341934204, -1.2247202396392822, -0.21847744661296714, 1791403402556396301, 
-1.973262071609497, -1.2252484560012817, -0.1877685284994324, 1791403402606380543, 
-1.9712214469909668, -1.2258949279785156, -0.1584381461576891, 1791403402656292339, 
-1.9693915843963623, -1.2262451648712158, -0.129479269363479, 1791403402705647143, 
-1.9674394130706787, -1.2267085313796997, -0.09899805837970033, 1791403402756568661, 
-1.9651497602462769, -1.2270689010620117, -0.06083048179023502, 1791403402816320116, 
-1.9631450176239014, -1.2273540496826172, -0.02844985794527003, 1791403402865506672, 
-1.9612046480178833, -1.2276726961135864, 0.0023748329562011906, 1791403402916389891, 
-1.9595750570297241, -1.2279002666473389, 0.02738831353452147, 1791403402956290215, 
-1.9575108289718628, -1.2279475927352905, 0.056957003832698944, 1791403403006418957, 
-1.9554200172424316, -1.2280595302581787, 0.08740096192646934, 1791403403056323027, 
-1.9534286260604858, -1.2280369997024536, 0.11858635974282747, 1791403403105489581, 
-1.9513734579086304, -1.2281185388565063, 0.15071520328862573, 1791403403155473937, 
-1.948910117149353, -1.2280298471450806, 0.1893611884991443, 1791403403215804867, 
-1.9468649625778198, -1.2278194427490234, 0.22103624931133015, 1791403403266304382, 
-1.944931149482727, -1.227665662765503, 0.25187341847929706, 1791403403315612308, 
-1.9431754350662231, -1.227474331855774, 0.27711095580362105, 1791403403356568994, 
-1.9412177801132202, -1.2270405292510986, 0.30778380626473023, 1791403403405542502, 
-1.9390206336975098, -1.2265806198120117, 0.33978968400683635, 1791403403456310481, 
-1.9370650053024292, -1.225972056388855, 0.3712523874540652, 1791403403506371226, 
-1.9351311922073364, -1.2254714965820312, 0.4041320577161885, 1791403403556388903, 
-1.9326016902923584, -1.2247190475463867, 0.443416562771247, 1791403403615456003, 
-1.9307252168655396, -1.2240355014801025, 0.47552560614063366, 1791403403666325944, 
-1.9287328720092773, -1.2232519388198853, 0.5057254435129773, 1791403403716320092, 
-1.927027702331543, -1.2225764989852905, 0.531688466228813, 1791403403757323266, 
-1.9252110719680786, -1.2216445207595825, 0.5625699592424643, 1791403403806393140, 
-1.9233081340789795, -1.2206250429153442, 0.594580557565257, 1791403403856369587, 
-1.9215593338012695, -1.2196979522705078, 0.6270384160767143, 1791403403905839039, 
-1.919513463973999, -1.218420147895813, 0.6653784283509022, 1791403403965973836, 
-1.9183118343353271, -1.2178559303283691, 0.6858389216758601, 1791403403996692693, 
-1.9158135652542114, -1.216073989868164, 0.7291873449246423, 1791403404065507740, 
-1.9138882160186768, -1.214673399925232, 0.7502923869392669, 1791403404115480684, 
-1.912854790687561, -1.2138068675994873, 0.7619633711818689, 1791403404157335867, 
-1.9116902351379395, -1.2129027843475342, 0.7750233948569243, 1791403404205544539, 
-1.9102733135223389, -1.2115490436553955, 0.7914864695454056, 1791403404256369224, 
-1.9087475538253784, -1.2099124193191528, 0.8098416941276185, 1791403404305857452, 
-1.9071794748306274, -1.2086459398269653, 0.8268169312784166, 1791403404355874099, 
-1.9060022830963135, -1.2075386047363281, 0.8410188763740708, 1791403404396800063, 
-1.9040933847427368, -1.205399513244629, 0.865368652646404, 1791403404465761027, 
-1.9026234149932861, -1.2039624452590942, 0.8831648541894612, 1791403404515802789, 
-1.9014527797698975, -1.2026628255844116, 0.8978079099620382, 1791403404556526436, 
-1.9000917673110962, -1.2009918689727783, 0.915747427933528, 1791403404605577044, 
-1.89872145652771, -1.1995172500610352, 0.9337379535010638, 1791403404655566757, 
-1.8974295854568481, -1.1977875232696533, 0.9517455214967147, 1791403404705756229, 
-1.8959962129592896, -1.1962459087371826, 0.9701017265844958, 1791403404757038687, 
-1.894524097442627, -1.1942551136016846, 0.9911005056014434, 1791403404816093465, 
-1.8932573795318604, -1.1924457550048828, 1.0087291867599928, 1791403404865679871, 
-1.8919949531555176, -1.1908714771270752, 1.0268286943625393, 1791403404916389036, 
-1.8909857273101807, -1.1893703937530518, 1.0419400249614743, 1791403404957766526, 
-1.889975666999817, -1.1875295639038086, 1.0594686109107139, 1791403405006262864, 
-1.8887771368026733, -1.185943603515625, 1.0773763162910033, 1791403405056171853, 
-1.8877729177474976, -1.1839531660079956, 1.095412829965017, 1791403405106221256, 
-1.8866453170776367, -1.182141661643982, 1.1135701180302402, 1791403405155965961, 
-1.8853956460952759, -1.180014729499817, 1.1351975662398666, 1791403405215706152, 
-1.884522795677185, -1.178036093711853, 1.153356358671007, 1791403405265908196, 
-1.8835095167160034, -1.1762515306472778, 1.171206247678379, 1791403405315831703, 
-1.8827261924743652, -1.1746498346328735, 1.1862357681915785, 1791403405356115488, 
-1.8819162845611572, -1.1725773811340332, 1.2052523936497102, 1791403405406242178, 
-1.8809049129486084, -1.1706340312957764, 1.223978172459992, 1791403405455670840, 
-1.8801759481430054, -1.1685714721679688, 1.2423297823893282, 1791403405505538686, 
-1.879318118095398, -1.166520595550537, 1.2608623658188423, 1791403405556518201, 
-1.8783233165740967, -1.16413152217865, 1.2837502800284857, 1791403405615920766, 
-1.8777450323104858, -1.1619412899017334, 1.3016177373855098, 1791403405665572249, 
-1.8768348693847656, -1.1600388288497925, 1.3207427398055513, 1791403405717270415, 
-1.8764535188674927, -1.1583003997802734, 1.3355604357026696, 1791403405756365033, 
-1.8758938312530518, -1.1561007499694824, 1.3543886470295736, 1791403405805860793, 
-1.8751370906829834, -1.154174566268921, 1.3725765811861448, 1791403405853064417, 
-1.8747748136520386, -1.151985764503479, 1.391402800462087, 1791403405901523574, 
-1.874143362045288, -1.149656057357788, 1.4106184210915158, 1791403405951756767, 
-1.8736459016799927, -1.147139072418213, 1.4334957179938843, 1791403406011840315, 
-1.8732796907424927, -1.1449077129364014, 1.4520917665725797, 1791403406061793918, 
-1.8727322816848755, -1.1427428722381592, 1.4720670603974706, 1791403406111830212, 
-1.8726340532302856, -1.140690803527832, 1.4894126063070525, 1791403406159837496, 
-1.8722509145736694, -1.138525366783142, 1.5082936373923146, 1791403406209876385, 
-1.8719691038131714, -1.1366549730300903, 1.5247703754385222, 1791403406251847500, 
-1.8719303607940674, -1.1344939470291138, 1.543151663909909, 1791403406302348582, 
-1.8716140985488892, -1.1321427822113037, 1.5630923900051146, 1791403406352268521, 
-1.8715261220932007, -1.1299978494644165, 1.582197271603999, 1791403406400357193, 
-1.871380090713501, -1.1271588802337646, 1.6052215240458112, 1791403406462335935, 
-1.8712728023529053, -1.1250503063201904, 1.6239253369359397, 1791403406511731542, 
-1.8715111017227173, -1.122830867767334, 1.6417349225101068, 1791403406561325620, 
-1.8713566064834595, -1.1205799579620361, 1.6610076161787943, 1791403406611346992, 
-1.8715522289276123, -1.1186732053756714, 1.6770961873635968, 1791403406652355901, 
-1.8716914653778076, -1.1163283586502075, 1.6962287958453754, 1791403406700514523, 
-1.8716604709625244, -1.1139558553695679, 1.7166328882076896, 1791403406751602004, 
-1.8721040487289429, -1.1116043329238892, 1.7357682563778465, 1791403406801332106, 
-1.8722370862960815, -1.1086698770523071, 1.760034421204231, 1791403406861355022, 
-1.8725693225860596, -1.1063106060028076, 1.7800297384855372, 1791403406912466885, 
-1.8728649616241455, -1.104079008102417, 1.7985213449450013, 1791403406961364047, 
-1.8732022047042847, -1.1018821001052856, 1.8180967132773458, 1791403407011330733, 
-1.873688817024231, -1.0999979972839355, 1.834402553359971, 1791403407052360410, 
-1.8739855289459229, -1.0974559783935547, 1.8566845741373033, 1791403407106358519, 
-1.8746792078018188, -1.0950613021850586, 1.8775787166280353, 1791403407155774195, 
-1.8751870393753052, -1.0923326015472412, 1.9012090818386216, 1791403407216378073, 
-1.8758400678634644, -1.0900450944900513, 1.9218538684317887, 1791403407266317720, 
-1.8766634464263916, -1.087680697441101, 1.941688221088228, 1791403407316386957, 
-1.877030849456787, -1.08590567111969, 1.9580279323912744, 1791403407356339583, 
-1.8778964281082153, -1.0836678743362427, 1.978268068403298, 1791403407406464566, 
-1.8785622119903564, -1.081303358078003, 1.9983830267866547, 1791403407456346597, 
-1.8794668912887573, -1.0791195631027222, 2.0195813854927502, 1791403407506364507, 
-1.880496621131897, -1.0769271850585938, 2.0396217688669775, 1791403407555696080, 
-1.8811030387878418, -1.0750691890716553, 2.056840821498295, 1791403407595960178, 
-1.8827136754989624, -1.072055697441101, 2.0850115145639765, 1791403407666379807, 
-1.8835891485214233, -1.0697722434997559, 2.1058559092889713, 1791403407717341136, 
-1.884577989578247, -1.0682579278945923, 2.12146897206488, 1791403407756375248, 
-1.8856743574142456, -1.0661914348602295, 2.1412645000256476, 1791403407806343203, 
-1.886889934539795, -1.0641368627548218, 2.162498885770944, 1791403407855535718, 
-1.8882046937942505, -1.0621248483657837, 2.1829037084721703, 1791403407906364259, 
-1.8893978595733643, -1.06000554561615, 2.204607183541529, 1791403407956974764, 
-1.8906229734420776, -1.0584335327148438, 2.2213511633255383, 1791403407995445836, 
-1.8924380540847778, -1.0556015968322754, 2.2507615499569944, 1791403408065538360, 
-1.893967866897583, -1.0536837577819824, 2.272107210958743, 1791403408117389931, 
-1.8950204849243164, -1.0521906614303589, 2.2873505458184638, 1791403408156373757, 
-1.896517276763916, -1.050296664237976, 2.3088862509232393, 1791403408206368509, 
-1.8982224464416504, -1.0484025478363037, 2.329150220927197, 1791403408256356728, 
-1.8996999263763428, -1.046510100364685, 2.3506248700934864, 1791403408306413466, 
-1.9014666080474854, -1.0447375774383545, 2.37221119123245, 1791403408357556235, 
-1.902848243713379, -1.0431824922561646, 2.3888267066797355, 1791403408396380180, 
-1.9054255485534668, -1.0406532287597656, 2.4201876185605924, 1791403408465654117, 
-1.9070696830749512, -1.0386708974838257, 2.4422523449074354, 1791403408518373801, 
-1.908493995666504, -1.0374042987823486, 2.458981943745453, 1791403408557378362, 
-1.9102543592453003, -1.035881519317627, 2.479280024837817, 1791403408605588806, 
-1.9121896028518677, -1.034134864807129, 2.5012693168006725, 1791403408656380554, 
-1.9142036437988281, -1.0325666666030884, 2.5227193218838537, 1791403408706377542, 
-1.9161007404327393, -1.0307915210723877, 2.545289708974024, 1791403408758021258, 
-1.9185806512832642, -1.0291337966918945, 2.5700864821297356, 1791403408815660902, 
-1.9203959703445435, -1.0275741815567017, 2.5906131548010607, 1791403408866331845, 
-1.9226109981536865, -1.0261553525924683, 2.613107240042526, 1791403408917596781, 
-1.9242228269577026, -1.0251024961471558, 2.6291074176432336, 1791403408956356075, 
-1.9261717796325684, -1.023760199546814, 2.6504362214003807, 1791403409006357286, 
-1.9284008741378784, -1.022594928741455, 2.6715895976329396, 1791403409056359937, 
-1.9306663274765015, -1.0211048126220703, 2.6939635385943195, 1791403409106380685, 
-1.9327678680419922, -1.0200612545013428, 2.714158255508316, 1791403409151464473, 
-1.9347741603851318, -1.0188618898391724, 2.733211512582979, 1791403409195726327, 
-1.9378564357757568, -1.0174113512039185, 2.762601838277759, 1791403409266405624, 
-1.9400895833969116, -1.016124963760376, 2.784530128451675, 1791403409317374643, 
-1.9420759677886963, -1.015485405921936, 2.8016805372289437, 1791403409356391057, 
-1.944424033164978, -1.0144559144973755, 2.8239564600869738, 1791403409406361961, 
-1.9468008279800415, -1.0134797096252441, 2.846795352308592, 1791403409455746877, 
-1.9493165016174316, -1.012641191482544, 2.868245134582919, 1791403409506391443, 
-1.951481819152832, -1.0118086338043213, 2.88900755692796, 1791403409551748358, 
-1.9536402225494385, -1.0111668109893799, 2.9085268844495293, 1791403409595560747, 
-1.957015037536621, -1.0100669860839844, 2.9390714314673336, 1791403409666336291, 
-1.9593321084976196, -1.0095875263214111, 2.958814884808352, 1791403409711752581, 
-1.96152925491333, -1.0089260339736938, 2.9786458095393407, 1791403409756390702, 
-1.9641064405441284, -1.0084776878356934, 3.001560936752338, 1791403409806367443, 
-1.9666873216629028, -1.0079067945480347, 3.023832082754854, 1791403409856409408, 
-1.9693818092346191, -1.0074788331985474, 3.046629678799841, 1791403409906393453, 
-1.97174072265625, -1.0070433616638184, 3.0670550017322973, 1791403409951904412, 
-1.974001169204712, -1.0067129135131836, 3.087353950082415, 1791403409996131890, 
-1.9777531623840332, -1.0062894821166992, 3.119117975475517, 1791403410067412622, 
-1.9801303148269653, -1.0061349868774414, 3.1404991149704644, 1791403410112369633, 
-1.9825754165649414, -1.0060570240020752, -3.123190642099541, 1791403410156399170, 
-1.9851678609848022, -1.0059131383895874, -3.100285290716533, 1791403410206373044, 
-1.9877723455429077, -1.005964994430542, -3.078323596929805, 1791403410255764934, 
-1.9904893636703491, -1.0058655738830566, -3.0548970681425267, 1791403410307395781, 
-1.9928686618804932, -1.006106972694397, -3.034267174660012, 1791403410352212736, 
-1.9961668252944946, -1.0063047409057617, -3.0088860954791303, 1791403410396408814, 
-2.003154993057251, -1.0072929859161377, -2.963905799723964, 1791403410467420455, 
-2.0075442790985107, -1.0077511072158813, -2.9355990845734126, 1791403410512529114, 
-2.011523485183716, -1.0084409713745117, -2.912194242850869, 1791403410556374604, 
-2.016226291656494, -1.0092389583587646, -2.8858910016482158, 1791403410607375250, 
-2.0207767486572266, -1.0103034973144531, -2.8603341962281124, 1791403410655532236, 
-2.0254979133605957, -1.011506199836731, -2.830972470971554, 1791403410707416593, 
-2.029935598373413, -1.0127426385879517, -2.8048632110118077, 1791403410752866163, 
-2.0337884426116943, -1.0138858556747437, -2.7813904610223, 1791403410795927947, 
-2.039642572402954, -1.0158953666687012, -2.74190067926122, 1791403410867407099, 
-2.043741464614868, -1.017494559288025, -2.7142517065536467, 1791403410912551024, 
-2.0475525856018066, -1.0190999507904053, -2.6892430930737494, 1791403410956409338, 
-2.0520663261413574, -1.0211102962493896, -2.6610388612414035, 1791403411006382468, 
-2.056276559829712, -1.0230921506881714, -2.633441920698108, 1791403411056413139, 
-2.0603456497192383, -1.0252710580825806, -2.6060004615268686, 1791403411107404223, 
-2.064131498336792, -1.0274595022201538, -2.5802559085858046, 1791403411153203213, 
-2.069200277328491, -1.0305075645446777, -2.5434507903264705, 1791403411216020328, 
-2.0731923580169678, -1.0329257249832153, -2.5138016105891046, 1791403411267413571, 
-2.076843738555908, -1.0352917909622192, -2.487163069983476, 1791403411311586178, 
-2.080193042755127, -1.0377740859985352, -2.462539433450968, 1791403411355680790, 
-2.08414888381958, -1.0407956838607788, -2.4335427080307888, 1791403411407398323, 
-2.0878608226776123, -1.0438830852508545, -2.404745297712986, 1791403411456418692, 
-2.091562032699585, -1.046898365020752, -2.374994456461355, 1791403411506629695, 
-2.0946409702301025, -1.0498344898223877, -2.3476128477330755, 1791403411552748963, 
-2.0990633964538574, -1.054007887840271, -2.308490073206957, 1791403411616926460, 
-2.102421283721924, -1.0574967861175537, -2.278433954930081, 1791403411666679864, 
-2.1054470539093018, -1.0610195398330688, -2.250753247046918, 1791403411712516192, 
-2.108218193054199, -1.0640249252319336, -2.2253860088581723, 1791403411757418492, 
-2.1111204624176025, -1.0676906108856201, -2.1970239330573884, 1791403411806390850, 
-2.113987445831299, -1.0716478824615479, -2.167389051818321, 1791403411856402150, 
-2.1169753074645996, -1.075629472732544, -2.1350087634867325, 1791403411907550426, 
-2.1193275451660156, -1.0793640613555908, -2.1068134816964696, 1791403411953022415, 
-2.1216602325439453, -1.082919955253601, -2.08059553807961, 1791403411997153123, 
-2.1250948905944824, -1.0886969566345215, -2.038552031597181, 1791403412067649795, 
-2.127068042755127, -1.092984914779663, -2.0111144839046573, 1791403412112673943, 
-2.1291301250457764, -1.0968252420425415, -1.9837913437408734, 1791403412157394576, 
-2.131007432937622, -1.1011743545532227, -1.9554689170658748, 1791403412206394856, 
-2.1328070163726807, -1.1055735349655151, -1.9266124015815855, 1791403412255495044, 
-2.134612560272217, -1.110040545463562, -1.8949834139691992, 1791403412307611149, 
-2.1359713077545166, -1.1142810583114624, -1.8664264317909927, 1791403412353686564, 
-2.1373112201690674, -1.1180304288864136, -1.8409583647754617, 1791403412396842509, 
-2.13879132270813, -1.1223664283752441, -1.8132647819652594, 1791403412446766327, 
-2.1403937339782715, -1.1285144090652466, -1.775902840983821, 1791403412514397187, 
-2.141357183456421, -1.1322729587554932, -1.7524391668364985, 1791403412557470286, 
-2.1420164108276367, -1.1365596055984497, -1.7259198478289026, 1791403412606400183, 
-2.142880916595459, -1.1408662796020508, -1.6981703993712258, 1791403412656401448, 
-2.1435253620147705, -1.1449692249298096, -1.6716948189110639, 1791403412703556211, 
-2.1440792083740234, -1.1494295597076416, -1.6438435263918443, 1791403412754048372, 
-2.1446726322174072, -1.1552423238754272, -1.6094374397869322, 1791403412816235170, 
-2.1451258659362793, -1.1595326662063599, -1.5839744643517046, 1791403412863600681, 
-2.145303249359131, -1.163934588432312, -1.5596052561865683, 1791403412913635616, 
-2.1454548835754395, -1.167786955833435, -1.537152524117096, 1791403412956477884, 
-2.145315647125244, -1.1721320152282715, -1.5101814067830404, 1791403413005842319, 
-2.145240545272827, -1.1764401197433472, -1.4826091308761218, 1791403413056405592, 
-2.1449484825134277, -1.180526614189148, -1.4573293557058788, 1791403413103587562, 
-2.1446754932403564, -1.1845920085906982, -1.4325132114804382, 1791403413153886734, 
-2.1443803310394287, -1.1881542205810547, -1.4111715101068054, 1791403413196781888, 
-2.1436331272125244, -1.1939953565597534, -1.3782038443319617, 1791403413262626862, 
-2.1430020332336426, -1.198194980621338, -1.3532117518398554, 1791403413312567500, 
-2.1422650814056396, -1.2018498182296753, -1.3313503906225215, 1791403413356484739, 
-2.1414222717285156, -1.20587158203125, -1.3074751198472774, 1791403413407407749, 
-2.1404330730438232, -1.2096811532974243, -1.284317633512371, 1791403413456413487, 
-2.139340400695801, -1.2134363651275635, -1.2612051733031797, 1791403413503606249, 
-2.1381757259368896, -1.2174127101898193, -1.2365566021445344, 1791403413554368564, 
-2.136657476425171, -1.2223436832427979, -1.2067182953495217, 1791403413615569706, 
-2.1353726387023926, -1.2261028289794922, -1.18548798423235, 1791403413664411422, 
-2.1340694427490234, -1.2297229766845703, -1.164117455262781, 1791403413713508416, 
-2.132769823074341, -1.2328256368637085, -1.1444491184605543, 1791403413757415346, 
-2.131171703338623, -1.2366087436676025, -1.1195495434335654, 1791403413806569715, 
-2.1294989585876465, -1.2402210235595703, -1.0958705911542506, 1791403413856574569, 
-2.127922773361206, -1.2436401844024658, -1.0738626429383455, 1791403413903530428, 
-2.126356840133667, -1.2470381259918213, -1.0522119328506674, 1791403413954380117, 
-2.124018669128418, -1.2513923645019531, -1.02663292290715, 1791403414016961162, 
-2.1221628189086914, -1.254730463027954, -1.0057065616695675, 1791403414064501901, 
-2.1202292442321777, -1.258109450340271, -0.9831288882443565, 1791403414114857848, 
-2.1186065673828125, -1.260785460472107, -0.9647652266651341, 1791403414156494938, 
-2.116611957550049, -1.2638567686080933, -0.9423139434597431, 1791403414206516811, 
-2.114506483078003, -1.2669954299926758, -0.921285941000362, 1791403414257420568, 
-2.1124024391174316, -1.269936203956604, -0.9013430460095199, 1791403414304586106, 
-2.110095739364624, -1.2730032205581665, -0.8808604995428001, 1791403414354725272, 
-2.108135938644409, -1.2754963636398315, -0.8639342714348521, 1791403414396925275, 
-2.1048688888549805, -1.2795186042785645, -0.8356346757328554, 1791403414464557745, 
-2.102515697479248, -1.2821215391159058, -0.8147081835719987, 1791403414514518365, 
-2.100407123565674, -1.2843732833862305, -0.7966942627154628, 1791403414556503303, 
-2.097837209701538, -1.2869658470153809, -0.7761784951708918, 1791403414605487610, 
-2.095214366912842, -1.2896455526351929, -0.7539494371138218, 1791403414656475386, 
-2.092536687850952, -1.2920798063278198, -0.7348406884715781, 1791403414704600749, 
-2.0899031162261963, -1.2946867942810059, -0.7149279434512741, 1791403414754815683, 
-2.0863993167877197, -1.2978441715240479, -0.6906985695265384, 1791403414817091197, 
-2.083770990371704, -1.3000919818878174, -0.671547731752961, 1791403414864551056, 
-2.080976963043213, -1.3023568391799927, -0.650056251633718, 1791403414914520737, 
-2.0784988403320312, -1.3043476343154907, -0.632938706732183, 1791403414956529191, 
-2.0755064487457275, -1.3066848516464233, -0.6110986823821111, 1791403415006492281, 
-2.0723841190338135, -1.3089252710342407, -0.5905346566889832, 1791403415056488456, 
-2.069295883178711, -1.311203122138977, -0.5710360832609553, 1791403415104596883, 
-2.066305637359619, -1.3134266138076782, -0.5515300910494836, 1791403415154609545, 
-2.063591241836548, -1.3151012659072876, -0.5342405484190691, 1791403415197698439, 
-2.059319496154785, -1.3176480531692505, -0.5066066512190772, 1791403415264912480, 
-2.0561470985412598, -1.3194841146469116, -0.4860583121227869, 1791403415314685856, 
-2.0532124042510986, -1.3211588859558105, -0.4672822261453857, 1791403415357513918, 
-2.049840211868286, -1.3228946924209595, -0.4481166354302375, 1791403415407567270, 
-2.046518325805664, -1.3246017694473267, -0.42839322632240157, 1791403415458487041, 
-2.043172836303711, -1.3261648416519165, -0.410522397678148, 1791403415504597085, 
-2.0396668910980225, -1.327836275100708, -0.39032988887308523, 1791403415554528605, 
-2.0365755558013916, -1.3292738199234009, -0.3730798624784681, 1791403415597658540, 
-2.031707286834717, -1.3312519788742065, -0.34437352723942505, 1791403415665781328, 
-2.028015375137329, -1.3327399492263794, -0.32375428733942296, 1791403415715509886, 
-2.02508282661438, -1.3338310718536377, -0.307458324685601, 1791403415757511501, 
-2.021360397338867, -1.3351150751113892, -0.28799642529722125, 1791403415807486191, 
-2.0175890922546387, -1.336442470550537, -0.2677925085802178, 1791403415858543977, 
-2.0138797760009766, -1.3374931812286377, -0.24881619536042887, 1791403415905614264, 
-2.0100066661834717, -1.3384901285171509, -0.22882571711587374, 1791403415956392321, 
-2.0068068504333496, -1.3393476009368896, -0.21094602800391754, 1791403415997528051, 
-2.001697301864624, -1.3406298160552979, -0.18305174441084307, 1791403416065845912, 
-1.9978210926055908, -1.341464877128601, -0.16282244289205625, 1791403416115569983, 
-1.9944238662719727, -1.342132806777954, -0.14561006477462568, 1791403416157515437, 
-1.9905263185501099, -1.3428388833999634, -0.12647384488403485, 1791403416206492207, 
-1.986592411994934, -1.3435206413269043, -0.10608718875205389, 1791403416257497401, 
-1.9828978776931763, -1.3439991474151611, -0.08681202280259324, 1791403416305748333, 
-1.9790034294128418, -1.3443012237548828, -0.06664108950305267, 1791403416356763971, 
-1.9740750789642334, -1.3448219299316406, -0.04139948437258384, 1791403416417396509, 
-1.9700284004211426, -1.3451412916183472, -0.02089692344338235, 1791403416465530125, 
-1.9657313823699951, -1.3452640771865845, -0.0006365936471033417, 1791403416516498762, 
-1.9623854160308838, -1.3453729152679443, 0.016148315280359454, 1791403416556519128, 
-1.9584497213363647, -1.3453091382980347, 0.03551099934799359, 1791403416606507105, 
-1.954339623451233, -1.3451933860778809, 0.05588744436553411, 1791403416656524664, 
-1.9501841068267822, -1.3451448678970337, 0.07646347117622584, 1791403416705630788, 
-1.946070909500122, -1.344987392425537, 0.09752822180803054, 1791403416757215174, 
-1.9427611827850342, -1.34469473361969, 0.11336233612407032, 1791403416796676872, 
-1.9368654489517212, -1.3441296815872192, 0.1419329269998382, 1791403416866888502, 
-1.932678461074829, -1.3435018062591553, 0.16087500913895383, 1791403416916749987, 
-1.9295024871826172, -1.3430798053741455, 0.17690004326478187, 1791403416956520291, 
-1.9253995418548584, -1.3424913883209229, 0.1977287841722492, 1791403417006507537, 
-1.9212396144866943, -1.3417389392852783, 0.21805304286169438, 1791403417056526199, 
-1.9170254468917847, -1.3408962488174438, 0.23827989873953495, 1791403417106638507, 
-1.9131017923355103, -1.340000033378601, 0.2570445333886936, 1791403417156724068, 
-1.9084677696228027, -1.3388038873672485, 0.2801420596254112, 1791403417217272020, 
-1.9046579599380493, -1.3377567529678345, 0.3003622889037275, 1791403417266939924, 
-1.9005924463272095, -1.3366354703903198, 0.321114612759601, 1791403417316506212, 
-1.8973920345306396, -1.3356788158416748, 0.3367800498413147, 1791403417356532007, 
-1.893197774887085, -1.3343441486358643, 0.3568184364568072, 1791403417406725589, 
-1.8894439935684204, -1.3329365253448486, 0.3762249662909005, 1791403417456545720, 
-1.8855597972869873, -1.3315285444259644, 0.3962182480776363, 1791403417506546128, 
-1.8815371990203857, -1.3299071788787842, 0.41691969096802944, 1791403417556823253, 
-1.8765108585357666, -1.3278223276138306, 0.4415536004347669, 1791403417616492584, 
-1.8725160360336304, -1.3258776664733887, 0.46110695515305145, 1791403417667030862, 
-1.8686739206314087, -1.3240989446640015, 0.4809163145247411, 1791403417716594346, 
-1.8657366037368774, -1.3225500583648682, 0.4963987430849237, 1791403417756514878, 
-1.8619732856750488, -1.3206782341003418, 0.5164012879885684, 1791403417806548674, 
-1.8581922054290771, -1.3185921907424927, 0.5368829346022355, 1791403417856513599, 
-1.8544285297393799, -1.3164315223693848, 0.5569167657367032, 1791403417906642450, 
-1.8507893085479736, -1.3142057657241821, 0.5767930132091486, 1791403417956567851, 
-1.8480254411697388, -1.312399983406067, 0.592736564860166, 1791403417996447692, 
-1.8430391550064087, -1.3092807531356812, 0.6201788723880839, 1791403418067029677, 
-1.8396775722503662, -1.3067721128463745, 0.6388976882110713, 1791403418116592976, 
-1.8372306823730469, -1.3049596548080444, 0.6565580213467022, 1791403418156517077, 
-1.8329063653945923, -1.3016892671585083, 0.6782313800632066, 1791403418206513633, 
-1.8293557167053223, -1.2989581823349, 0.700695384355797, 1791403418256622351, 
-1.8262535333633423, -1.2965240478515625, 0.7200772579172833, 1791403418306617131, 
-1.8234314918518066, -1.2941317558288574, 0.738252182359222, 1791403418357021478, 
-1.8194669485092163, -1.2906136512756348, 0.7611468417332007, 1791403418416466780, 
-1.8162882328033447, -1.287515640258789, 0.7822643570709774, 1791403418466960920, 
-1.8131859302520752, -1.2845258712768555, 0.8041284874352751, 1791403418516683981, 
-1.810713291168213, -1.2820613384246826, 0.8208876534347679, 1791403418556539583, 
-1.8076167106628418, -1.278834342956543, 0.8413223979626949, 1791403418607519034, 
-1.8045260906219482, -1.2755084037780762, 0.8601255390495409, 1791403418656523170, 
-1.8016294240951538, -1.2720396518707275, 0.8802261863665867, 1791403418706726317, 
-1.798640251159668, -1.2686052322387695, 0.9014732123204104, 1791403418756992168, 
-1.7955247163772583, -1.2647240161895752, 0.924967050340269, 1791403418816957060, 
-1.7939821481704712, -1.262781023979187, 0.9366669377788528, 1791403418847532110, 
-1.790258526802063, -1.2577990293502808, 0.9641410746226232, 1791403418916537975, 
-1.788219928741455, -1.2549340724945068, 0.9798222000452627, 1791403418956522559, 
-1.7857071161270142, -1.2512606382369995, 1.0011674012775396, 1791403419007610052, 
-1.7833995819091797, -1.247619867324829, 1.0210058823044639, 1791403419056535571, 
-1.7810906171798706, -1.2439374923706055, 1.0403271239842504, 1791403419106667155, 
-1.7786611318588257, -1.2399985790252686, 1.0596896354865544, 1791403419157150961, 
-1.7769880294799805, -1.2369579076766968, 1.0749671855254963, 1791403419196910777, 
-1.7739934921264648, -1.231475830078125, 1.1034549703141383, 1791403419267106934, 
-1.7718205451965332, -1.2273681163787842, 1.124549976422165, 1791403419316719239, 
-1.77018404006958, -1.2240972518920898, 1.140494274479385, 1791403419356529414, 
-1.768160343170166, -1.2199015617370605, 1.1609051689210381, 1791403419407541254, 
-1.7662993669509888, -1.2157737016677856, 1.181307155274019, 1791403419456593762, 
-1.7645715475082397, -1.2116162776947021, 1.201885346967135, 1791403419506645033, 
-1.7628157138824463, -1.2074151039123535, 1.2223221702713638, 1791403419556652375, 
-1.7607802152633667, -1.2022252082824707, 1.245640838249832, 1791403419617163523, 
-1.7593224048614502, -1.1978996992111206, 1.266032216101006, 1791403419666648218, 
-1.7578599452972412, -1.1935133934020996, 1.286626667447149, 1791403419716557984, 
-1.7568145990371704, -1.1899951696395874, 1.3023962324714422, 1791403419756555914, 
-1.7554391622543335, -1.185594916343689, 1.3230120543200612, 1791403419807553549, 
-1.7542310953140259, -1.1809883117675781, 1.3423674879665437, 1791403419856552286, 
-1.7531566619873047, -1.176421880722046, 1.3619396374407151, 1791403419906734494, 
-1.7521076202392578, -1.1717734336853027, 1.3827033102852233, 1791403419956709784, 
-1.751313328742981, -1.1680982112884521, 1.39915240642738, 1791403419996696032, 
-1.7501471042633057, -1.161584734916687, 1.4264458133787128, 1791403420066976805, 
-1.7496165037155151, -1.1570605039596558, 1.4467383394477775, 1791403420116571517, 
-1.7490886449813843, -1.1533129215240479, 1.4632574452054956, 1791403420156537244, 
-1.7485183477401733, -1.148887276649475, 1.4835621905881278, 1791403420207851637, 
-1.7479912042617798, -1.1439241170883179, 1.503499027602656, 1791403420256545358, 
-1.7476840019226074, -1.1390186548233032, 1.5243150907764218, 1791403420307091556, 
-1.747503399848938, -1.1343343257904053, 1.5446596867994415, 1791403420356766920, 
-1.7473564147949219, -1.1288036108016968, 1.5677660459160991, 1791403420416978009, 
-1.7472273111343384, -1.1242456436157227, 1.587135239250484, 1791403420466556870, 
-1.7473374605178833, -1.1193171739578247, 1.607895406497919, 1791403420516551294, 
-1.7474733591079712, -1.1153959035873413, 1.6249131427490766, 1791403420556543926, 
-1.7477465867996216, -1.1106911897659302, 1.6462401392303279, 1791403420606634285, 
-1.7479817867279053, -1.1058887243270874, 1.6660878529659393, 1791403420656545358, 
-1.7484270334243774, -1.1011271476745605, 1.6833765213210439, 1791403420707325155, 
-1.7489705085754395, -1.0964035987854004, 1.702536517201033, 1791403420756623938, 
-1.7496942281723022, -1.0906833410263062, 1.7272086645653324, 1791403420816790257, 
-1.7503901720046997, -1.0859496593475342, 1.7471664903906174, 1791403420866986798, 
-1.7511729001998901, -1.0811587572097778, 1.7664398009801345, 1791403420916679048, 
-1.7518513202667236, -1.0773786306381226, 1.7825658015670176, 1791403420956554955, 
-1.7528822422027588, -1.0727415084838867, 1.802961582027108, 1791403421006791674, 
-1.7539024353027344, -1.068096399307251, 1.8239534019292616, 1791403421056573695, 
-1.7549488544464111, -1.0632200241088867, 1.8443581135168463, 1791403421107335223, 
-1.7562602758407593, -1.058566927909851, 1.8637649678987809, 1791403421157252433, 
-1.757277250289917, -1.0549803972244263, 1.880190692011059, 1791403421196864275, 
-1.7586312294006348, -1.0504862070083618, 1.9013828044374943, 1791403421246740007, 
-1.7607989311218262, -1.0438926219940186, 1.9295631623961864, 1791403421316570053, 
-1.762158989906311, -1.0401009321212769, 1.9457057361639265, 1791403421356693420, 
-1.7639390230178833, -1.0355900526046753, 1.9655165404734272, 1791403421406559421, 
-1.7656532526016235, -1.0311379432678223, 1.9853844133717466, 1791403421456568384, 
-1.7675843238830566, -1.0265686511993408, 2.004740156170486, 1791403421506428894, 
-1.7696563005447388, -1.0220727920532227, 2.024230963217069, 1791403421556548617, 
-1.7723512649536133, -1.0165542364120483, 2.0476713586692146, 1791403421617171918, 
-1.7743877172470093, -1.0121773481369019, 2.068736647987745, 1791403421666814919, 
-1.7766574621200562, -1.0079162120819092, 2.0879382605124084, 1791403421716791701, 
-1.778586745262146, -1.0044989585876465, 2.1038013433143172, 1791403421756596992, 
-1.781185507774353, -1.000205397605896, 2.124798282762657, 1791403421806967820, 
-1.7836580276489258, -0.9959132671356201, 2.1463359109336166, 1791403421856663307, 
-1.7862998247146606, -0.9916422963142395, 2.1653644521537765, 1791403421907115548, 
-1.7891820669174194, -0.9874865412712097, 2.1849666325734773, 1791403421957413586, 
-1.7914800643920898, -0.9842542409896851, 2.201442784168455, 1791403421996478655, 
-1.794333577156067, -0.9801070094108582, 2.2219744554765506, 1791403422046996275, 
-1.798663854598999, -0.974319577217102, 2.2493810973921304, 1791403422116856400, 
-1.8011043071746826, -0.9712085723876953, 2.2647706046582945, 1791403422156840027, 
-1.8042330741882324, -0.9674738645553589, 2.2849681298750384, 1791403422206856791, 
-1.807395339012146, -0.9637383222579956, 2.3049391734329094, 1791403422256888937, 
-1.8108164072036743, -0.959987461566925, 2.324190247632615, 1791403422306796333, 
-1.8144111633300781, -0.9562774300575256, 2.3442640239398407, 1791403422356450342, 
-1.8171417713165283, -0.9534395933151245, 2.3604023375305383, 1791403422396557473, 
-1.8222339153289795, -0.9483773112297058, 2.387156556538542, 1791403422466731556, 
-1.8259775638580322, -0.9449530243873596, 2.407649507512065, 1791403422516733371, 
-1.8289555311203003, -0.942068874835968, 2.424892068843291, 1791403422557771972, 
-1.8327744007110596, -0.938720703125, 2.444387925151945, 1791403422607094917, 
-1.8367153406143188, -0.9354196786880493, 2.463928741679317, 1791403422656882023, 
-1.8406291007995605, -0.9321156144142151, 2.4851541168592863, 1791403422706922208, 
-1.8447507619857788, -0.9289491772651672, 2.50582378976021, 1791403422756772702, 
-1.8499293327331543, -0.9252260327339172, 2.529984753573303, 1791403422817293086, 
-1.8541655540466309, -0.9221515655517578, 2.5504760170355403, 1791403422866989908, 
-1.858490228652954, -0.9192199110984802, 2.570075410701899, 1791403422916958526, 
-1.8619449138641357, -0.9169262051582336, 2.5865669199419483, 1791403422958158349, 
-1.8664363622665405, -0.9141176342964172, 2.606321992476041, 1791403423006998694, 
-1.8709673881530762, -0.9114404320716858, 2.626604550888164, 1791403423057175686, 
-1.8755193948745728, -0.9088637828826904, 2.646960069932655, 1791403423106629337, 
-1.880164623260498, -0.9061988592147827, 2.666188403431087, 1791403423156650245, 
-1.8838517665863037, -0.9041886329650879, 2.681898835520435, 1791403423197749126, 
-1.8904578685760498, -0.9009665846824646, 2.7098398504787857, 1791403423266985323, 
-1.8950848579406738, -0.8987525105476379, 2.730028768898636, 1791403423317154207, 
-1.8988358974456787, -0.8970321416854858, 2.744895450652226, 1791403423357641177, 
-1.9036413431167603, -0.8950967192649841, 2.764792683825874, 1791403423406668771, 
-1.9086140394210815, -0.8930731415748596, 2.786187611405165, 1791403423456458856, 
-1.9137130975723267, -0.8911306858062744, 2.8067677166148863, 1791403423506846311, 
-1.9186885356903076, -0.8892757296562195, 2.82732226925083, 1791403423557585271, 
-1.922594666481018, -0.8879938721656799, 2.8439848785724857, 1791403423598448024, 
-1.9296479225158691, -0.8858965635299683, 2.871215565560393, 1791403423666875424, 
-1.9345475435256958, -0.8844841718673706, 2.889093371726674, 1791403423711882376, 
-1.9396672248840332, -0.8830924034118652, 2.9105412841827523, 1791403423763909668, 
-1.9445995092391968, -0.8819726705551147, 2.930248493597499, 1791403423810297344, 
-1.949160099029541, -0.8808751106262207, 2.9465277321190517, 1791403423852898389, 
-1.9548109769821167, -0.8797340393066406, 2.9662349303070377, 1791403423906958972, 
-1.9601541757583618, -0.8788576126098633, 2.986804507240707, 1791403423956728781, 
-1.9645235538482666, -0.8780743479728699, 3.003943450102395, 1791403423997922622, 
-1.9721035957336426, -0.8770501613616943, 3.03056311842278, 1791403424067016641, 
-1.977529764175415, -0.8763263821601868, 3.0509700728641382, 1791403424117582892, 
-1.9818772077560425, -0.8758147954940796, 3.0679483463810047, 1791403424159012331, 
-1.9873749017715454, -0.8754211664199829, 3.0873372518738007, 1791403424207152832, 
-1.9929369688034058, -0.8750925660133362, 3.108125923814235, 1791403424257048227, 
-1.998410701751709, -0.8748727440834045, 3.1290700443269794, 1791403424307144146, 
-2.0041325092315674, -0.8746636509895325, -3.1343457708845484, 1791403424356465633, 
-2.008695363998413, -0.8745871782302856, -3.118173599531439, 1791403424398512676, 
-2.016277551651001, -0.8750074505805969, -3.089082723118267, 1791403424467169800, 
-2.0211870670318604, -0.8750675320625305, -3.070856577033381, 1791403424512207280, 
-2.026763439178467, -0.8753047585487366, -3.051058063728936, 1791403424564212875, 
-2.031635046005249, -0.8759672045707703, -3.0341641696440393, 1791403424606795633, 
-2.0368213653564453, -0.8764434456825256, -3.0145678321843428, 1791403424653740121, 
-2.042234420776367, -0.8770511746406555, -2.994928362244317, 1791403424701602733, 
-2.047626495361328, -0.8778939247131348, -2.9754659999351243, 1791403424751475522, 
-2.0541739463806152, -0.8788254261016846, -2.9510736264315325, 1791403424812962320, 
-2.0596249103546143, -0.8798277378082275, -2.9321410632552043, 1791403424861757279, 
-2.065749168395996, -0.8811830282211304, -2.90981100500271, 1791403424916833375, 
-2.0701985359191895, -0.8820754289627075, -2.892806063906776, 1791403424956740604, 
-2.0756216049194336, -0.8832542896270752, -2.8734059167010875, 1791403425006590969, 
-2.081080675125122, -0.8848210573196411, -2.8540019938892454, 1791403425056785960, 
-2.086735725402832, -0.8863646388053894, -2.8335487774457886, 1791403425106766587, 
-2.092087984085083, -0.8879571557044983, -2.8132318758922987, 1791403425157552455, 
-2.0985405445098877, -0.8901523351669312, -2.7897289262746745, 1791403425216674314, 
-2.103665828704834, -0.8920075297355652, -2.7690989664540697, 1791403425266733262, 
-2.1090798377990723, -0.8939963579177856, -2.748244790276712, 1791403425316596082, 
-2.1134908199310303, -0.8957775235176086, -2.733346387296536, 1791403425356614870, 
-2.118506669998169, -0.8980218172073364, -2.7141429693123724, 1791403425406587848, 
-2.123368501663208, -0.9000488519668579, -2.695043833328491, 1791403425452616441, 
-2.128631830215454, -0.9026291370391846, -2.676369994868057, 1791403425501674182, 
-2.1337902545928955, -0.9051929712295532, -2.654996164107024, 1791403425553611617, 
-2.1398355960845947, -0.908287763595581, -2.630190842185883, 1791403425613313349, 
-2.144986867904663, -0.9112361669540405, -2.6108923579006182, 1791403425662614491, 
-2.149881601333618, -0.9141275882720947, -2.589929760905159, 1791403425713631922, 
-2.1545491218566895, -0.917031466960907, -2.5703615766132493, 1791403425761594351, 
-2.159437656402588, -0.920199990272522, -2.549811920658488, 1791403425811635511, 
-2.1634340286254883, -0.9229902029037476, -2.5331707919249395, 1791403425852593035, 
-2.1687045097351074, -0.9265372157096863, -2.5105209870923066, 1791403425906631092, 
-2.1734378337860107, -0.9298285245895386, -2.4908680058737227, 1791403425958151784, 
-2.178900957107544, -0.9341467022895813, -2.4659572342141916, 1791403426016636250, 
-2.1836793422698975, -0.9377856254577637, -2.445328704688634, 1791403426066711041, 
-2.1881637573242188, -0.9416341185569763, -2.4273702602815885, 1791403426116588759, 
-2.1914713382720947, -0.944657027721405, -2.4120061109746636, 1791403426156609848, 
-2.1958563327789307, -0.948419451713562, -2.3918438612704587, 1791403426206595154, 
-2.2001824378967285, -0.9526288509368896, -2.3714716504759044, 1791403426256608866, 
-2.2038378715515137, -0.9562957286834717, -2.3523034066841237, 1791403426301659678, 
-2.2080838680267334, -0.9602466821670532, -2.3320740046995643, 1791403426353774520, 
-2.2120206356048584, -0.9646355509757996, -2.313592467376997, 1791403426401911648, 
-2.2169461250305176, -0.9700570702552795, -2.2877879700725208, 1791403426461775393, 
-2.2211108207702637, -0.9747270941734314, -2.2665887892382597, 1791403426512566461, 
-2.224827527999878, -0.9792354106903076, -2.246764373140711, 1791403426561609991, 
-2.2283618450164795, -0.9836863279342651, -2.227775878967759, 1791403426611589268, 
-2.2313363552093506, -0.9874739646911621, -2.2117333677600026, 1791403426651601621, 
-2.234954833984375, -0.9922383427619934, -2.1909806612338016, 1791403426701608690, 
-2.238689661026001, -0.9973441958427429, -2.1674811128990807, 1791403426757712801, 
-2.2425053119659424, -1.003105640411377, -2.145392250119747, 1791403426817071885, 
-2.2456023693084717, -1.0080804824829102, -2.124891724489013, 1791403426866678314, 
-2.2488396167755127, -1.0132310390472412, -2.1035390840651647, 1791403426917600724, 
-2.2514541149139404, -1.0176599025726318, -2.087908517591438, 1791403426956622054, 
-2.2544808387756348, -1.0229575634002686, -2.067254056817126, 1791403427006594712, 
-2.2573981285095215, -1.028117299079895, -2.047070216148506, 1791403427056620918, 
-2.2600033283233643, -1.0332527160644531, -2.028466623870041, 1791403427106610369, 
-2.2630200386047363, -1.0397700071334839, -2.003750939185602, 1791403427166715864, 
-2.2646164894104004, -1.0430829524993896, -1.9906931996242174, 1791403427196920923, 
-2.268057346343994, -1.0507214069366455, -1.9615485406598725, 1791403427266577688, 
-2.270334243774414, -1.056286334991455, -1.9408884537962041, 1791403427317800227, 
-2.2720999717712402, -1.0609219074249268, -1.924742911314653, 1791403427356591881, 
-2.2742855548858643, -1.0665408372879028, -1.904966072106343, 1791403427406588295, 
-2.276031255722046, -1.07230806350708, -1.8860057253285938, 1791403427456622943, 
-2.2779250144958496, -1.0780084133148193, -1.8654289585577908, 1791403427506612446, 
-2.2797622680664062, -1.084051251411438, -1.844905549116866, 1791403427558827595, 
-2.2808778285980225, -1.0887424945831299, -1.8294750737197458, 1791403427596977561, 
-2.2831509113311768, -1.0968575477600098, -1.8023177203904492, 1791403427667004021, 
-2.2844552993774414, -1.1028773784637451, -1.7821187811425643, 1791403427718634797, 
-2.2854835987091064, -1.1077467203140259, -1.7661348826870003, 1791403427756611395, 
-2.2867202758789062, -1.11399245262146, -1.7463867236244683, 1791403427806590467, 
-2.2877612113952637, -1.1199737787246704, -1.7259607501889385, 1791403427856662124, 
-2.2888436317443848, -1.1260154247283936, -1.7056247659574213, 1791403427906681923, 
-2.289630889892578, -1.1324775218963623, -1.6856923264817776, 1791403427958725939, 
-2.2903668880462646, -1.1398192644119263, -1.6619243254533402, 1791403428017325544, 
-2.2910451889038086, -1.1460124254226685, -1.6414018260222967, 1791403428066576458, 
-2.2913382053375244, -1.152360200881958, -1.620870530463751, 1791403428117894570, 
-2.2916176319122314, -1.1573119163513184, -1.6045217870102564, 1791403428156592421, 
-2.29197359085083, -1.163644790649414, -1.5840816758168403, 1791403428206587523, 
-2.2918121814727783, -1.1697828769683838, -1.5645810017678616, 1791403428256641674, 
-2.29180908203125, -1.1758050918579102, -1.5449700552483097, 1791403428306644199, 
-2.2915914058685303, -1.181596040725708, -1.5268598908102393, 1791403428352713175, 
-2.291166067123413, -1.1873688697814941, -1.5087179350115358, 1791403428396657825, 
-2.290703773498535, -1.195937156677246, -1.4806662620831985, 1791403428466647382, 
-2.2900795936584473, -1.201611042022705, -1.4624174695147245, 1791403428512660777, 
-2.2894158363342285, -1.2070404291152954, -1.4443187954800925, 1791403428556609118, 
-2.288642168045044, -1.2133734226226807, -1.4232860231444542, 1791403428606589253, 
-2.287637710571289, -1.2196407318115234, -1.4021570084352715, 1791403428656711794, 
-2.2864885330200195, -1.2259811162948608, -1.3816234059525843, 1791403428706668719, 
-2.2853944301605225, -1.2314480543136597, -1.3647099897548993, 1791403428752746224, 
-2.284252405166626, -1.2366037368774414, -1.3468715617221934, 1791403428796744942, 
-2.282071352005005, -1.245671033859253, -1.3179928886505226, 1791403428866646504, 
-2.280531883239746, -1.251188039779663, -1.2996380939128638, 1791403428912853035, 
-2.2790234088897705, -1.2564939260482788, -1.2832030276007071, 1791403428956612267, 
-2.277228593826294, -1.2624056339263916, -1.263477585552256, 1791403429006602055, 
-2.275273561477661, -1.2685208320617676, -1.2428859830012116, 1791403429056592121, 
-2.27329158782959, -1.2746233940124512, -1.223070169764348, 1791403429106607049, 
-2.27120041847229, -1.2800160646438599, -1.204391847930703, 1791403429152782385, 
-2.2682602405548096, -1.2877470254898071, -1.17801260995706, 1791403429216981173, 
-2.26574444770813, -1.2936571836471558, -1.1571347624285653, 1791403429266627648, 
-2.26336669921875, -1.2989507913589478, -1.1381309700393698, 1791403429312704720, 
-2.2611560821533203, -1.3040926456451416, -1.1210403597248566, 1791403429357612927, 
-2.2583224773406982, -1.3099569082260132, -1.100867837304194, 1791403429407588078, 
-2.2552266120910645, -1.3156869411468506, -1.079516852831318, 1791403429456782546, 
-2.2522337436676025, -1.3216147422790527, -1.0588300521615108, 1791403429507858119, 
-2.2493250370025635, -1.3264553546905518, -1.0414192887753384, 1791403429552782863, 
-2.2451043128967285, -1.3335232734680176, -1.0166183676985299, 1791403429617394269, 
-2.2416207790374756, -1.3389158248901367, -0.9957838287805936, 1791403429667765530, 
-2.2380619049072266, -1.3440684080123901, -0.9765803006966999, 1791403429713844459, 
-2.234955072402954, -1.3487972021102905, -0.9595382484688376, 1791403429756628637, 
-2.231257200241089, -1.353792667388916, -0.9396044214032713, 1791403429806605016, 
-2.227449893951416, -1.3590060472488403, -0.9189480572311765, 1791403429856613193, 
-2.2235045433044434, -1.364375114440918, -0.8972793152902345, 1791403429907706025, 
-2.2195334434509277, -1.368882656097412, -0.8790110543493428, 1791403429953779589, 
-2.2158961296081543, -1.3734084367752075, -0.8616274680312105, 1791403429997469679, 
-2.209749937057495, -1.3803503513336182, -0.8342925303559946, 1791403430067764477, 
-2.2056403160095215, -1.384813666343689, -0.8154253929115513, 1791403430113614649, 
-2.201751232147217, -1.3889434337615967, -0.7978406092079778, 1791403430157630186, 
-2.1969873905181885, -1.3935761451721191, -0.7781823920277282, 1791403430207633205, 
-2.1923980712890625, -1.3983230590820312, -0.7577088473622499, 1791403430256617548, 
-2.1874799728393555, -1.4028452634811401, -0.7374982846049202, 1791403430307625562, 
-2.1831986904144287, -1.406952142715454, -0.7191298834850229, 1791403430353907023, 
-2.1788482666015625, -1.4107245206832886, -0.7025000892831249, 1791403430398128168, 
-2.17164945602417, -1.4167927503585815, -0.6749099622560076, 1791403430467645770, 
-2.166612148284912, -1.4206438064575195, -0.6566223152107655, 1791403430513702545, 
-2.1618692874908447, -1.4241458177566528, -0.6395306590286506, 1791403430557621945, 
-2.156550645828247, -1.4283699989318848, -0.6196408203647908, 1791403430606614320, 
-2.1510438919067383, -1.4320870637893677, -0.5993941448875809, 1791403430656639224, 
-2.1455581188201904, -1.4360013008117676, -0.5774421421124204, 1791403430708767890, 
-2.140357732772827, -1.439385175704956, -0.5595063937292655, 1791403430753799849, 
-2.1330647468566895, -1.4436917304992676, -0.5341210233292597, 1791403430816625242, 
-2.129377603530884, -1.4460748434066772, -0.5216425280813962, 1791403430846655313, 
-2.1213574409484863, -1.4503456354141235, -0.49474390170953864, 1791403430913913604, 
-2.116401195526123, -1.453249216079712, -0.47699554167707947, 1791403430957643802, 
-2.1103644371032715, -1.4561877250671387, -0.4582474395936845, 1791403431006620619, 
-2.10426926612854, -1.459025263786316, -0.43800038719116396, 1791403431056644576, 
-2.09814190864563, -1.4619638919830322, -0.4170534681144926, 1791403431107744107, 
-2.0923383235931396, -1.4643328189849854, -0.3996205699355639, 1791403431154105124, 
-2.084442615509033, -1.4677900075912476, -0.37424113379175294, 1791403431216449262, 
-2.0805556774139404, -1.469254493713379, -0.3609903354064807, 1791403431247613063, 
-2.071956157684326, -1.4724781513214111, -0.33390054648601275, 1791403431313795596, 
-2.0665392875671387, -1.4743069410324097, -0.31728356691325793, 1791403431357623190, 
-2.059955358505249, -1.4763259887695312, -0.29755574814568947, 1791403431406625763, 
-2.053440809249878, -1.4783258438110352, -0.2768218773911096, 1791403431456626221, 
-2.046610116958618, -1.4802066087722778, -0.25534693812179643, 1791403431508921793, 
-2.040374279022217, -1.4818028211593628, -0.2372248192265944, 1791403431554874429, 
-2.0348775386810303, -1.4830734729766846, -0.22149240017493424, 1791403431598139085, 
-2.0281803607940674, -1.4844920635223389, -0.20247231176721273, 1791403431646821473, 
-2.0190932750701904, -1.4863778352737427, -0.17484045483696728, 1791403431714894634, 
-2.013291597366333, -1.4874379634857178, -0.1578667540334138, 1791403431757649340, 
-2.006361246109009, -1.4885424375534058, -0.13742525441466064, 1791403431807665436, 
-1.999441385269165, -1.4894195795059204, -0.11666038746298533, 1791403431856641790, 
-1.9927642345428467, -1.4902368783950806, -0.09709104396747276, 1791403431904643048, 
-1.985844373703003, -1.490842342376709, -0.07665396809676818, 1791403431955053732, 
-1.9799585342407227, -1.491326093673706, -0.058999524361045046, 1791403431997973002, 
-1.9729158878326416, -1.4915741682052612, -0.03865608164062021, 1791403432047702980, 
-1.9634678363800049, -1.4918354749679565, -0.010964752827605803, 1791403432114657312, 
-1.9575154781341553, -1.4918081760406494, 0.005642523429489578, 1791403432157646594, 
-1.9506032466888428, -1.4917278289794922, 0.02485647504636539, 1791403432206636353, 
-1.9436440467834473, -1.4916740655899048, 0.045509764294474314, 1791403432256664599, 
-1.9369920492172241, -1.4912500381469727, 0.06507270705853498, 1791403432304650556, 
-1.9298912286758423, -1.4909461736679077, 0.08397209845132818, 1791403432354898952, 
-1.9239373207092285, -1.4904404878616333, 0.10106642201453374, 1791403432398350586, 
-1.9144532680511475, -1.4892610311508179, 0.12862732592161902, 1791403432463898590, 
-1.9075419902801514, -1.488363265991211, 0.14943468436440785, 1791403432513646495, 
-1.901620864868164, -1.4875150918960571, 0.16681040677397818, 1791403432558026978, 
-1.8946987390518188, -1.4862302541732788, 0.1869723512043559, 1791403432606637341, 
-1.8876360654830933, -1.484837293624878, 0.20771772353965154, 1791403432656675358, 
-1.8808891773223877, -1.4835312366485596, 0.22711335374529668, 1791403432704762575, 
-1.8741244077682495, -1.481817364692688, 0.24665496281607305, 1791403432754804049, 
-1.868183970451355, -1.4804269075393677, 0.2642611879450236, 1791403432798339616, 
-1.8590468168258667, -1.4777204990386963, 0.29021859750036544, 1791403432864904077, 
-1.8523459434509277, -1.4757612943649292, 0.3105804881735075, 1791403432914659192, 
-1.8465951681137085, -1.4736268520355225, 0.32825648453566997, 1791403432957642063, 
-1.8397296667099, -1.4712709188461304, 0.3491075809604468, 1791403433007641937, 
-1.8329989910125732, -1.468713641166687, 0.36917318765796925, 1791403433057644735, 
-1.8267607688903809, -1.4664199352264404, 0.38729534485564676, 1791403433104772523, 
-1.8185044527053833, -1.4627418518066406, 0.41178425261030016, 1791403433167200102, 
-1.8144245147705078, -1.4611091613769531, 0.4252553765391758, 1791403433198072559, 
-1.8054168224334717, -1.4567806720733643, 0.4527652452709423, 1791403433264997628, 
-1.7990154027938843, -1.4536057710647583, 0.4729892753399869, 1791403433315864274, 
-1.7936756610870361, -1.4508901834487915, 0.49048722056014193, 1791403433357671470, 
-1.7872999906539917, -1.4473336935043335, 0.5111619837175626, 1791403433406646954, 
-1.780884861946106, -1.4439282417297363, 0.5311955565350467, 1791403433457681106, 
-1.775156855583191, -1.440221905708313, 0.5498089806696503, 1791403433505664206, 
-1.768981695175171, -1.4364062547683716, 0.5697512389406255, 1791403433555949402, 
-1.7613774538040161, -1.4313054084777832, 0.5944381283403327, 1791403433618337268, 
-1.7557661533355713, -1.427535891532898, 0.6133481552028878, 1791403433666282327, 
-1.7499010562896729, -1.4233198165893555, 0.6339141175963777, 1791403433716290114, 
-1.744735598564148, -1.4195733070373535, 0.6512464977394888, 1791403433757656546, 
-1.7388957738876343, -1.4149258136749268, 0.6715287045576795, 1791403433807677122, 
-1.7332035303115845, -1.4104160070419312, 0.6912575980959189, 1791403433857660891, 
-1.727961778640747, -1.405924916267395, 0.7111879383207386, 1791403433905669210, 
-1.7223737239837646, -1.401107907295227, 0.7317128653446318, 1791403433955834817, 
-1.7156858444213867, -1.3951022624969482, 0.7579837329125446, 1791403434020275546, 
-1.7125810384750366, -1.3921699523925781, 0.7692499163737193, 1791403434047783745, 
-1.7055020332336426, -1.3851886987686157, 0.7956688097161138, 1791403434115691450, 
-1.7010985612869263, -1.3806897401809692, 0.8130489854444404, 1791403434157693855, 
-1.6960853338241577, -1.375246286392212, 0.8332811819442449, 1791403434207656485, 
-1.69114089012146, -1.3696562051773071, 0.8534301416109291, 1791403434257690860, 
-1.6864348649978638, -1.3641339540481567, 0.8722997578851839, 1791403434305693807, 
-1.6817574501037598, -1.3584660291671753, 0.893301423492473, 1791403434356204018, 
-1.6760518550872803, -1.3512957096099854, 0.9196860592248707, 1791403434417914251, 
-1.672019600868225, -1.3455220460891724, 0.9386927513726555, 1791403434464810740, 
-1.6690691709518433, -1.3415735960006714, 0.9516791824721682, 1791403434498593534, 
-1.6638975143432617, -1.3342002630233765, 0.9763215585666299, 1791403434558683470, 
-1.6599676609039307, -1.3281298875808716, 0.9953705815542232, 1791403434608659799, 
-1.6560455560684204, -1.3219627141952515, 1.0160149848673277, 1791403434659678538, 
-1.652456283569336, -1.315879464149475, 1.0348240265853277, 1791403434705877043, 
-1.6487690210342407, -1.30959951877594, 1.0552724783169276, 1791403434755785847, 
-1.6440911293029785, -1.3014662265777588, 1.0796952116616374, 1791403434820085687, 
-1.6408004760742188, -1.2949310541152954, 1.0985831420029004, 1791403434866664043, 
-1.6373540163040161, -1.2881807088851929, 1.119170006640534, 1791403434916670417, 
-1.6346722841262817, -1.2824058532714844, 1.1366130293737087, 1791403434958692979, 
-1.6314268112182617, -1.27569580078125, 1.1566036649529754, 1791403435008665675, 
-1.6285388469696045, -1.2687056064605713, 1.1772430508894454, 1791403435060019608, 
-1.625576138496399, -1.261982798576355, 1.1962901127693841, 1791403435106762583, 
-1.6229192018508911, -1.2548967599868774, 1.2159480824993674, 1791403435156797691, 
-1.6194844245910645, -1.24590265750885, 1.2418301850097992, 1791403435220059560, 
-1.6181045770645142, -1.2414430379867554, 1.2530368222527997, 1791403435248857534, 
-1.6150693893432617, -1.231917381286621, 1.280198335533263, 1791403435316687460, 
-1.6133283376693726, -1.225934624671936, 1.2961458648884063, 1791403435358671399, 
-1.611356258392334, -1.2187974452972412, 1.3165261015316316, 1791403435407736924, 
-1.6094920635223389, -1.2112971544265747, 1.337613129273037, 1791403435458709095, 
-1.6078492403030396, -1.2041268348693848, 1.356719888796324, 1791403435506750043, 
-1.606263279914856, -1.1967155933380127, 1.376852227989974, 1791403435556776942, 
-1.6050599813461304, -1.1903467178344727, 1.393549673219941, 1791403435598146971, 
-1.603529453277588, -1.1797261238098145, 1.4217316707099494, 1791403435668155377, 
-1.6024514436721802, -1.1723735332489014, 1.4409234347248019, 1791403435717923128, 
-1.6016525030136108, -1.1662052869796753, 1.4576515040163376, 1791403435758680445, 
-1.600791096687317, -1.1584832668304443, 1.4778221848334352, 1791403435807672070, 
-1.6002793312072754, -1.1508570909500122, 1.4978968890008437, 1791403435857709436, 
-1.5997052192687988, -1.1434217691421509, 1.5165606610370235, 1791403435907746140, 
-1.5991933345794678, -1.135679006576538, 1.537028014039885, 1791403435957697170, 
-1.5990914106369019, -1.1295645236968994, 1.552664872853443, 1791403435998342359, 
-1.599073052406311, -1.1220324039459229, 1.5735127744251782, 1791403436047714970, 
-1.599139928817749, -1.1112409830093384, 1.6011337811202886, 1791403436117698046, 
-1.599591612815857, -1.104934811592102, 1.6179157781284286, 1791403436157703494, 
-1.6000213623046875, -1.0971571207046509, 1.6375194435009095, 1791403436207685341, 
-1.6006296873092651, -1.0894856452941895, 1.6570556070802769, 1791403436257684963, 
-1.6013078689575195, -1.0817859172821045, 1.6773344030741357, 1791403436308033625, 
-1.60232412815094, -1.0739394426345825, 1.6984951208708334, 1791403436357696913, 
-1.6035181283950806, -1.0648492574691772, 1.7230755381007756, 1791403436417586725, 
-1.6042732000350952, -1.0602800846099854, 1.734311713937742, 1791403436447708730, 
-1.6062735319137573, -1.0496093034744263, 1.7611952192408362, 1791403436517706974, 
-1.6075102090835571, -1.0433177947998047, 1.7774105204843287, 1791403436557689187, 
-1.6091865301132202, -1.0357656478881836, 1.7974131638522548, 1791403436607825089, 
-1.6110327243804932, -1.0281637907028198, 1.816825369071593, 1791403436657689053, 
-1.6131073236465454, -1.020621418952942, 1.8371673074667618, 1791403436707847150, 
-1.6152632236480713, -1.0131313800811768, 1.8575090189965944, 1791403436758020725, 
-1.6171764135360718, -1.007008671760559, 1.8733090125305039, 1791403436797645545, 
-1.6196314096450806, -0.9995986223220825, 1.8935601797204547, 1791403436847562225, 
-1.6234407424926758, -0.9891666769981384, 1.921081688227917, 1791403436918147400, 
-1.6254644393920898, -0.9833782911300659, 1.9367552489304878, 1791403436957688516, 
-1.6284092664718628, -0.9763007760047913, 1.9567507489765232, 1791403437007708155, 
-1.6312590837478638, -0.968999445438385, 1.97709299338227, 1791403437057695108, 
-1.6344245672225952, -0.9618348479270935, 1.9968439560934317, 1791403437107851591, 
-1.6376410722732544, -0.9546207785606384, 2.0159517242412486, 1791403437157529282, 
-1.6419658660888672, -0.9461396336555481, 2.03902292473043, 1791403437217864123, 
-1.645574688911438, -0.9390291571617126, 2.0592841111513134, 1791403437268367330, 
-1.6493114233016968, -0.9320831894874573, 2.0793238305326933, 1791403437317970283, 
-1.6523091793060303, -0.9265696406364441, 2.0961197325661165, 1791403437357706552, 
-1.6564074754714966, -0.9197556376457214, 2.1165836998587158, 1791403437407697293, 
-1.6605846881866455, -0.9129506349563599, 2.136961928573295, 1791403437457768348, 
-1.6649484634399414, -0.906394898891449, 2.1573333630290272, 1791403437507849518, 
-1.6695380210876465, -0.8999568819999695, 2.1771515806196473, 1791403437557812551, 
-1.6732769012451172, -0.8948348164558411, 2.193249952590114, 1791403437598353850, 
-1.6779383420944214, -0.8884990811347961, 2.2136334367361363, 1791403437648966259, 
-1.6848167181015015, -0.8797488808631897, 2.2409687874189865, 1791403437717548221, 
-1.6890501976013184, -0.8745869398117065, 2.2576413438044165, 1791403437757698100, 
-1.6938639879226685, -0.8684443235397339, 2.2781339108117145, 1791403437808718699, 
-1.6990729570388794, -0.8625579476356506, 2.2972942041513122, 1791403437857724922, 
-1.704440712928772, -0.8562713265419006, 2.3184945235549814, 1791403437907858719, 
-1.7101261615753174, -0.8503929376602173, 2.339777152141608, 1791403437957770958, 
-1.7167339324951172, -0.8435940742492676, 2.362615093902628, 1791403438018386768, 
-1.720198154449463, -0.8402146100997925, 2.374910351971052, 1791403438048725814, 
-1.7285943031311035, -0.8323440551757812, 2.4031124109075317, 1791403438117800232, 
-1.7332892417907715, -0.8279739618301392, 2.4190953492218252, 1791403438157804393, 
-1.7393839359283447, -0.8227447867393494, 2.438177048155803, 1791403438208700920, 
-1.7453354597091675, -0.8177962303161621, 2.4574107438612756, 1791403438256713175, 
-1.7517918348312378, -0.8125883340835571, 2.4782005095141604, 1791403438308178954, 
-1.7582647800445557, -0.807809054851532, 2.496649926062185, 1791403438357728636, 
-1.7662506103515625, -0.8019228577613831, 2.521319787504357, 1791403438417647840, 
-1.772897481918335, -0.7972937822341919, 2.542033125719323, 1791403438468189878, 
-1.779589056968689, -0.7929492592811584, 2.56187987959733, 1791403438517819747, 
-1.7850974798202515, -0.7894554734230042, 2.5778024568786164, 1791403438557714080, 
-1.7919933795928955, -0.7851433753967285, 2.5989885674731026, 1791403438608800151, 
-1.7991585731506348, -0.7811012864112854, 2.6188816812160156, 1791403438657712056, 
-1.8061057329177856, -0.776983380317688, 2.639015187797032, 1791403438708234573, 
-1.8134005069732666, -0.7734019756317139, 2.6576982231397186, 1791403438757848785, 
-1.819226861000061, -0.7703140377998352, 2.67442773564173, 1791403438797571737, 
-1.8264472484588623, -0.766742467880249, 2.6951873875228043, 1791403438848745139, 
-1.8369449377059937, -0.762173593044281, 2.7217444938426345, 1791403438917698520, 
-1.8431165218353271, -0.7592891454696655, 2.738692254522209, 1791403438957718547, 
-1.8508977890014648, -0.7560065984725952, 2.7596368859584954, 1791403439008820260, 
-1.858564019203186, -0.7530463337898254, 2.7796434968314383, 1791403439057833648, 
-1.866395354270935, -0.7502004504203796, 2.799966494795692, 1791403439107848642, 
-1.8741439580917358, -0.7475163340568542, 2.8201148474360562, 1791403439157779340, 
-1.8804415464401245, -0.745502769947052, 2.836615041674367, 1791403439198303170, 
-1.8883278369903564, -0.7430711984634399, 2.857139420461497, 1791403439249213182, 
-1.8994057178497314, -0.7397876977920532, 2.8844275509729176, 1791403439318066115, 
-1.9057673215866089, -0.7383186221122742, 2.8996012043613164, 1791403439357886447, 
-1.9139801263809204, -0.7361951470375061, 2.920132838740328, 1791403439408785625, 
-1.9221559762954712, -0.7344079613685608, 2.940866500157216, 1791403439457786585, 
-1.9303054809570312, -0.7327696084976196, 2.9609339280929614, 1791403439507486725, 
-1.9385535717010498, -0.7313246726989746, 2.9806950037267788, 1791403439557618160, 
-1.9451026916503906, -0.7302491068840027, 2.997702615344017, 1791403439597936544, 
-1.953601598739624, -0.7290684580802917, 3.0194296895356523, 1791403439647640220, 
-1.9650379419326782, -0.7277499437332153, 3.0485751696988057, 1791403439717902404, 
-1.971726894378662, -0.7271939516067505, 3.064517495441297, 1791403439757816219, 
-1.97999906539917, -0.7268112897872925, 3.0851516814400908, 1791403439808151238, 
-1.988080382347107, -0.7263287901878357, 3.103932620770882, 1791403439857915329, 
-1.9964382648468018, -0.7261283993721008, 3.1234216688445455, 1791403439908298390, 
-2.0049033164978027, -0.7261704802513123, -3.1392650607305472, 1791403439957519138, 
-2.011624336242676, -0.7264069318771362, -3.122599123135233, 1791403439997969292, 
-2.019845962524414, -0.7266029119491577, -3.1020579358410854, 1791403440047988066, 
-2.0317542552948, -0.7271904945373535, -3.0746753154938133, 1791403440117904920, 
-2.038700580596924, -0.7278551459312439, -3.058724646673745, 1791403440157811750, 
-2.0469884872436523, -0.7286204695701599, -3.0393228414189024, 1791403440208155071, 
-2.0552804470062256, -0.7295442819595337, -3.0196814604252045, 1791403440257932272, 
-2.0636098384857178, -0.7306283712387085, -2.999160509495241, 1791403440307578912, 
-2.0720090866088867, -0.7318929433822632, -2.9792633258249195, 1791403440357977070, 
-2.0820772647857666, -0.7335926294326782, -2.9558493943519504, 1791403440417838516, 
-2.087120532989502, -0.7344183921813965, -2.9444641716922746, 1791403440448000667, 
-2.09891676902771, -0.7370293736457825, -2.9164662764081544, 1791403440518030541, 
-2.1054742336273193, -0.7385553121566772, -2.9002864578606316, 1791403440558022767, 
-2.1136763095855713, -0.7405940890312195, -2.8802008727089006, 1791403440608018345, 
-2.1220574378967285, -0.7428464293479919, -2.8597614565989806, 1791403440658077448, 
-2.1302435398101807, -0.7452213168144226, -2.839293953491522, 1791403440708227835, 
-2.1384782791137695, -0.7477940917015076, -2.81911751620948, 1791403440757925740, 
-2.1449778079986572, -0.7499960660934448, -2.802565133383875, 1791403440797699271, 
-2.1559486389160156, -0.7539206147193909, -2.775143129733327, 1791403440867815973, 
-2.163900136947632, -0.757030725479126, -2.7551908084312737, 1791403440918330513, 
-2.170201063156128, -0.7597855925559998, -2.739042244670931, 1791403440958187613, 
-2.1781036853790283, -0.7631826400756836, -2.718700369077746, 1791403441007768035, 
-2.1856462955474854, -0.7668092250823975, -2.6997938898818536, 1791403441058271811, 
-2.1933932304382324, -0.7706685066223145, -2.6800764730649878, 1791403441108547476, 
-2.2013742923736572, -0.7747504711151123, -2.659390242670592, 1791403441158248193, 
-2.207437753677368, -0.7780225872993469, -2.6433179758127587, 1791403441198342083, 
-2.2179925441741943, -0.7839537262916565, -2.6150343476720477, 1791403441267880095, 
-2.22548770904541, -0.7882750630378723, -2.59399653345007, 1791403441317902432, 
-2.231343984603882, -0.7918652892112732, -2.5784132928380505, 1791403441357964143, 
-2.238703966140747, -0.7964818477630615, -2.5574244887495596, 1791403441407731566, 
-2.2460079193115234, -0.8013589382171631, -2.5379507269691137, 1791403441458024452, 
-2.2530999183654785, -0.8062447309494019, -2.518888024384314, 1791403441508069160, 
-2.2599217891693115, -0.8113080859184265, -2.4989616630002147, 1791403441558390581, 
-2.2656149864196777, -0.8155600428581238, -2.4826848227758775, 1791403441598489777, 
-2.272477149963379, -0.8210484385490417, -2.4637290573875563, 1791403441648079426, 
-2.281704902648926, -0.8285906314849854, -2.4350171771019444, 1791403441717791924, 
-2.2870023250579834, -0.8331120014190674, -2.4178477003985224, 1791403441759194646, 
-2.293454647064209, -0.8390620946884155, -2.397398939219545, 1791403441808243011, 
-2.2996366024017334, -0.8449695110321045, -2.3773975931488036, 1791403441857817027, 
-2.305793046951294, -0.8509673476219177, -2.357004450645396, 1791403441908292638, 
-2.313161849975586, -0.8586851954460144, -2.332763123006756, 1791403441968412045, 
-2.3169639110565186, -0.8624652624130249, -2.3206307202230745, 1791403441998484008, 
-2.322786569595337, -0.8689762949943542, -2.302278658613704, 1791403442048254408, 
-2.331064462661743, -0.8785048723220825, -2.274741757641426, 1791403442118260553, 
-2.3356659412384033, -0.8839765787124634, -2.2591003546028565, 1791403442159339099, 
-2.3410515785217285, -0.8907861709594727, -2.239167740386438, 1791403442207784187, 
-2.3464691638946533, -0.89792799949646, -2.218120205072955, 1791403442257797911, 
-2.351679563522339, -0.9050633907318115, -2.197533625154967, 1791403442307805454, 
-2.356545925140381, -0.9122094511985779, -2.1780234534417575, 1791403442358320684, 
-2.3606696128845215, -0.9181133508682251, -2.1607407702181334, 1791403442398548476, 
-2.367391347885132, -0.9285451769828796, -2.131997004828906, 1791403442467927118, 
-2.371999740600586, -0.9360097050666809, -2.112754661143924, 1791403442517613034, 
-2.375701904296875, -0.942192018032074, -2.096913682820529, 1791403442558908419, 
-2.3800265789031982, -0.9499273300170898, -2.076711192384986, 1791403442607754469, 
-2.3842687606811523, -0.9580062031745911, -2.056424631035422, 1791403442657918862, 
-2.3882598876953125, -0.9661128520965576, -2.0365018963728474, 1791403442707914590, 
-2.392132520675659, -0.9740399122238159, -2.0157374224507687, 1791403442757792187, 
-2.395012140274048, -0.9806923866271973, -1.9994988597608505, 1791403442799175845, 
-2.399817705154419, -0.992264986038208, -1.9715464604136335, 1791403442868085649, 
-2.403264045715332, -1.0006968975067139, -1.9494862128602317, 1791403442917773035, 
-2.405846118927002, -1.0073930025100708, -1.9329429823192537, 1791403442958803820, 
-2.4086616039276123, -1.015635371208191, -1.9137361851667596, 1791403443007758424, 
-2.411644220352173, -1.0242472887039185, -1.8941749047007779, 1791403443057784043, 
-2.414241075515747, -1.0329194068908691, -1.8739459460371273, 1791403443107770775, 
-2.4166860580444336, -1.0414104461669922, -1.8544020338497116, 1791403443158336389, 
-2.41886568069458, -1.0484851598739624, -1.8386038145272037, 1791403443198919995, 
-2.4219698905944824, -1.0606135129928589, -1.8103122000288858, 1791403443267984450, 
-2.424090623855591, -1.0692805051803589, -1.7889680828951042, 1791403443318860346, 
-2.425506114959717, -1.0764585733413696, -1.7723921260431905, 1791403443359768795, 
-2.4272267818450928, -1.0860494375228882, -1.7514252557982763, 1791403443410767677, 
-2.4284005165100098, -1.0937453508377075, -1.7348822672026967, 1791403443453767550, 
-2.429692506790161, -1.1033422946929932, -1.713821381920376, 1791403443507764975, 
-2.4309890270233154, -1.112287998199463, -1.693410539533722, 1791403443558370735, 
-2.432288646697998, -1.123106598854065, -1.6702407754693553, 1791403443618357043, 
-2.4331727027893066, -1.132360577583313, -1.6501706694957656, 1791403443668099322, 
-2.4338185787200928, -1.1414928436279297, -1.6303591910658495, 1791403443717775320, 
-2.434072256088257, -1.1485285758972168, -1.6150616744656476, 1791403443757794442, 
-2.434272289276123, -1.157652497291565, -1.5951159440326, 1791403443807832757, 
-2.4342594146728516, -1.1668943166732788, -1.5742725711435188, 1791403443857796008, 
-2.434157133102417, -1.176000952720642, -1.5533924378772455, 1791403443907817039, 
-2.433788776397705, -1.1849218606948853, -1.5328867156377086, 1791403443960843851, 
-2.4333231449127197, -1.1917370557785034, -1.5170566995645587, 1791403443998052624, 
-2.432387351989746, -1.2044063806533813, -1.488673834172598, 1791403444067826718, 
-2.431473970413208, -1.2135820388793945, -1.469226000985875, 1791403444119000199, 
-2.4305524826049805, -1.2207931280136108, -1.453089817316089, 1791403444157781805, 
-2.4292185306549072, -1.229819416999817, -1.4330262179512063, 1791403444207772589, 
-2.42744779586792, -1.2386846542358398, -1.4134622134942778, 1791403444257786849, 
-2.4259095191955566, -1.2475851774215698, -1.3921949435617051, 1791403444307772200, 
-2.424015522003174, -1.2565858364105225, -1.3715273037493716, 1791403444358793819, 
-2.422441005706787, -1.263603925704956, -1.3561808035083553, 1791403444397528207, 
-2.4204864501953125, -1.2727677822113037, -1.3353672037667488, 1791403444447805238, 
-2.417182207107544, -1.2854231595993042, -1.305672046720421, 1791403444518782741, 
-2.4151437282562256, -1.2923997640609741, -1.290355320193113, 1791403444557927722, 
-2.412412166595459, -1.301207423210144, -1.2714870000405152, 1791403444607778727, 
-2.409452438354492, -1.3098978996276855, -1.2513625734950617, 1791403444657802291, 
-2.406191825866699, -1.318482756614685, -1.2321593865317484, 1791403444707979626, 
-2.4029858112335205, -1.3272628784179688, -1.2121686684317539, 1791403444758804927, 
-2.398726463317871, -1.3373138904571533, -1.1872708059579886, 1791403444817477874, 
-2.3950328826904297, -1.345846176147461, -1.1669308377096945, 1791403444868017677, 
-2.3912036418914795, -1.354486346244812, -1.1471127767853007, 1791403444918298116, 
-2.3881008625030518, -1.3612703084945679, -1.130944683175829, 1791403444957791928, 
-2.3842170238494873, -1.3695961236953735, -1.1106707515377066, 1791403445007850817, 
-2.3799326419830322, -1.3777424097061157, -1.0903782586649138, 1791403445057788261, 
-2.3754281997680664, -1.3860777616500854, -1.0705062403787173, 1791403445107782623, 
-2.370795249938965, -1.3941806554794312, -1.0519414749942293, 1791403445160225804, 
-2.3665502071380615, -1.4011311531066895, -1.034762465395558, 1791403445202152614, 
-2.3603806495666504, -1.4109747409820557, -1.0107169412619168, 1791403445262832607, 
-2.3555264472961426, -1.4188731908798218, -0.9897003921216856, 1791403445314415363, 
-2.350121259689331, -1.426688551902771, -0.9696017025847598, 1791403445362810567, 
-2.344675064086914, -1.4345721006393433, -0.9490574958278476, 1791403445412795549, 
-2.340190887451172, -1.4407445192337036, -0.9328573219266202, 1791403445452814357, 
-2.3344085216522217, -1.4481618404388428, -0.9129661217366704, 1791403445502800397, 
-2.3285744190216064, -1.4554598331451416, -0.8918637026512957, 1791403445553816659, 
-2.3215291500091553, -1.4638415575027466, -0.8690695579651062, 1791403445613304337, 
-2.3147289752960205, -1.4714161157608032, -0.8463412594771565, 1791403445667797228, 
-2.3081424236297607, -1.4786263704299927, -0.8253340086400862, 1791403445718858698, 
-2.3031578063964844, -1.4840152263641357, -0.8098714389516334, 1791403445757814692, 
-2.296549081802368, -1.490707516670227, -0.790218847910225, 1791403445807791583, 
-2.2896206378936768, -1.4974799156188965, -0.7694228961439876, 1791403445857788888, 
-2.2826802730560303, -1.5038331747055054, -0.749613126348426, 1791403445907792260, 
-2.2757716178894043, -1.510361909866333, -0.7290651719840612, 1791403445957821921, 
-2.2671496868133545, -1.5177850723266602, -0.704152356370882, 1791403446018226769, 
-2.259963274002075, -1.5237889289855957, -0.6844268373468001, 1791403446068058750, 
-2.252401828765869, -1.529799222946167, -0.6650528005433981, 1791403446118821019, 
-2.246445655822754, -1.5343793630599976, -0.6495115739764264, 1791403446157824436, 
-2.2389676570892334, -1.5399249792099, -0.6296098510825378, 1791403446207796252, 
-2.2311315536499023, -1.5453096628189087, -0.6094547665634047, 1791403446257822291, 
-2.2232985496520996, -1.5506361722946167, -0.5876217442865174, 1791403446307797047, 
-2.215231418609619, -1.5558252334594727, -0.5670508686037443, 1791403446358875873, 
-2.2086844444274902, -1.5599498748779297, -0.5518860328567503, 1791403446397652707, 
-2.197171688079834, -1.5669630765914917, -0.5230715184834891, 1791403446467926672, 
-2.1890366077423096, -1.571495532989502, -0.5026724823122993, 1791403446518495009, 
-2.1824142932891846, -1.5750949382781982, -0.4875651848267859, 1791403446557798985, 
-2.1739604473114014, -1.579501748085022, -0.4678178062978461, 1791403446607801174, 
-2.1653947830200195, -1.583681583404541, -0.448424619304009, 1791403446657817376, 
-2.1568212509155273, -1.5875458717346191, -0.4290271912930412, 1791403446707801252, 
-2.1481685638427734, -1.5914843082427979, -0.40820696797330003, 1791403446758910544, 
-2.1375772953033447, -1.5959709882736206, -0.3837849637417029, 1791403446818009950, 
-2.1285862922668457, -1.599564552307129, -0.36355051987511594, 1791403446867814308, 
-2.1196632385253906, -1.6028566360473633, -0.3428044549836617, 1791403446919288002, 
-2.112572431564331, -1.6051876544952393, -0.32785012236963257, 1791403446957885097, 
-2.1034553050994873, -1.6081500053405762, -0.30793565536646317, 1791403447007813219, 
-2.0942580699920654, -1.611010193824768, -0.287504700980562, 1791403447057879853, 
-2.0852859020233154, -1.6136040687561035, -0.2673825613342274, 1791403447107807658, 
-2.076195240020752, -1.6159430742263794, -0.24749954492387038, 1791403447159832928, 
-2.0685861110687256, -1.617662787437439, -0.23148295323558224, 1791403447198036581, 
-2.0593528747558594, -1.619704008102417, -0.21066823538690369, 1791403447247843413, 
-2.0462987422943115, -1.6223241090774536, -0.1822826591464801, 1791403447319711914, 
-2.038757801055908, -1.623526692390442, -0.16656671578727805, 1791403447357815000, 
-2.0294570922851562, -1.6250576972961426, -0.14496280232536118, 1791403447408853223, 
-2.0202229022979736, -1.6261228322982788, -0.12535539531042839, 1791403447458823978, 
-2.0106589794158936, -1.627291202545166, -0.10465788564803816, 1791403447507811874, 
-2.0010366439819336, -1.6282984018325806, -0.08303688504684312, 1791403447559856936, 
-1.9901014566421509, -1.6288342475891113, -0.061683436758318756, 1791403447617729372, 
-1.9806565046310425, -1.629500150680542, -0.04214743918966883, 1791403447667824178, 
-1.9719018936157227, -1.6296019554138184, -0.02332386249236391, 1791403447714109633, 
-1.9635953903198242, -1.6297192573547363, -0.00584522051861099, 1791403447757960282, 
-1.9539504051208496, -1.629631519317627, 0.01466329563936691, 1791403447807814524, 
-1.9441648721694946, -1.6293518543243408, 0.03548080814773948, 1791403447857839878, 
-1.9346734285354614, -1.6291389465332031, 0.05507494800229255, 1791403447907820386, 
-1.9257750511169434, -1.6286503076553345, 0.07398076201355157, 1791403447953883678, 
-1.9173846244812012, -1.6278921365737915, 0.09307060637582457, 1791403447998555256, 
-1.9040908813476562, -1.6265116930007935, 0.11985190455484832, 1791403448068104571, 
-1.8954310417175293, -1.6253857612609863, 0.13805361907310343, 1791403448114012487, 
-1.8869848251342773, -1.62421452999115, 0.15567214215792277, 1791403448157831045, 
-1.8776518106460571, -1.6227813959121704, 0.17629229282091638, 1791403448208820113, 
-1.8684924840927124, -1.620934247970581, 0.1960226974456136, 1791403448257821393, 
-1.859041452407837, -1.619059681892395, 0.2167268463274166, 1791403448307820837, 
-1.8505463600158691, -1.6170727014541626, 0.23460879946547272, 1791403448353849063, 
-1.8385618925094604, -1.6141449213027954, 0.261091624134195, 1791403448417627699, 
-1.833093285560608, -1.612613558769226, 0.2735528944810914, 1791403448447882584, 
-1.8212932348251343, -1.6092031002044678, 0.2999886895379263, 1791403448513934745, 
-1.8133774995803833, -1.606760859489441, 0.3179710058129606, 1791403448558847119, 
-1.8043735027313232, -1.603636384010315, 0.3373492122814371, 1791403448607828486, 
-1.7955105304718018, -1.6004047393798828, 0.35639004793386203, 1791403448657856953, 
-1.7867885828018188, -1.5970977544784546, 0.37728862262644386, 1791403448708826970, 
-1.7788158655166626, -1.5939867496490479, 0.39583448179957986, 1791403448753924770, 
-1.7710167169570923, -1.5906846523284912, 0.4130115849520469, 1791403448797923979, 
-1.758800745010376, -1.585243582725525, 0.4426304015411756, 1791403448869123009, 
-1.7537612915039062, -1.582661747932434, 0.4543151105324339, 1791403448897985032, 
-1.743615746498108, -1.5776094198226929, 0.4797433080374604, 1791403448958832494, 
-1.7352547645568848, -1.573163628578186, 0.49978473497055387, 1791403449007829962, 
-1.7270042896270752, -1.5685476064682007, 0.5202307930596121, 1791403449057827885, 
-1.7186105251312256, -1.5639551877975464, 0.5394905342286771, 1791403449108966176, 
-1.7110676765441895, -1.5592485666275024, 0.5575924500856865, 1791403449154962913, 
-1.7010372877120972, -1.552851915359497, 0.5838665576706824, 1791403449217812830, 
-1.6929746866226196, -1.5475186109542847, 0.6029833280886949, 1791403449268568718, 
-1.6855623722076416, -1.5423072576522827, 0.6215777025148487, 1791403449314955639, 
-1.6788398027420044, -1.5374151468276978, 0.6396001253343923, 1791403449357854584, 
-1.6713958978652954, -1.5319033861160278, 0.6593875151852558, 1791403449407832013, 
-1.664154052734375, -1.5259877443313599, 0.6794399911543383, 1791403449457853140, 
-1.6565319299697876, -1.5198044776916504, 0.6998309789801557, 1791403449508832733, 
-1.6497596502304077, -1.5140252113342285, 0.7177131110569593, 1791403449554935920, 
-1.6409008502960205, -1.5059843063354492, 0.7417898582316943, 1791403449617514342, 
-1.6366264820098877, -1.502140998840332, 0.7541144605662811, 1791403449648296581, 
-1.6300166845321655, -1.4956622123718262, 0.7741879229021302, 1791403449698195595, 
-1.621741533279419, -1.48758864402771, 0.7994854288743616, 1791403449758842934, 
-1.6152241230010986, -1.480538249015808, 0.8201697031395115, 1791403449807966938, 
-1.608818531036377, -1.4735101461410522, 0.840013918471713, 1791403449857845702, 
-1.6026257276535034, -1.4663667678833008, 0.8601178161849053, 1791403449908843434, 
-1.5969372987747192, -1.4595469236373901, 0.879604607023274, 1791403449954974687, 
-1.5891798734664917, -1.4504117965698242, 0.9060162158167682, 1791403450018133345, 
-1.5855977535247803, -1.4458342790603638, 0.9179516021018512, 1791403450049152981, 
-1.578057050704956, -1.4355971813201904, 0.9436830300117872, 1791403450114948860, 
-1.5733917951583862, -1.4288978576660156, 0.960169406838636, 1791403450157865783, 
-1.5680382251739502, -1.4211746454238892, 0.979931773123361, 1791403450207841153, 
-1.562845230102539, -1.4131004810333252, 1.0007157634443924, 1791403450257867751, 
-1.5575908422470093, -1.4050458669662476, 1.022331685520503, 1791403450309844254, 
-1.553116798400879, -1.3974241018295288, 1.0405080899830323, 1791403450354976245, 
-1.5489799976348877, -1.3902390003204346, 1.0584875424994766, 1791403450399143742, 
-1.542504072189331, -1.3785127401351929, 1.0872327101934887, 1791403450470272565, 
-1.538577914237976, -1.370661735534668, 1.105374681489875, 1791403450514447157, 
-1.5348262786865234, -1.3632566928863525, 1.1226340184529806, 1791403450557999694, 
-1.5309996604919434, -1.3549367189407349, 1.1424819310880552, 1791403450607859010, 
-1.5272231101989746, -1.346309781074524, 1.1633093498406473, 1791403450657860456, 
-1.5233968496322632, -1.3374103307724, 1.1848469837024562, 1791403450709863652, 
-1.5202594995498657, -1.3292567729949951, 1.2026328041026195, 1791403450754953294, 
-1.5160536766052246, -1.3180524110794067, 1.2272006784272589, 1791403450817883695, 
-1.5142136812210083, -1.3126245737075806, 1.2395872711737481, 1791403450847711330, 
-1.51029634475708, -1.300156831741333, 1.2681142337109508, 1791403450915926799, 
-1.5080119371414185, -1.2925136089324951, 1.2846137443164474, 1791403450957876394, 
-1.5053976774215698, -1.2833915948867798, 1.304528797045989, 1791403451008851224, 
-1.5029696226119995, -1.2744178771972656, 1.3232215136504732, 1791403451058857196, 
-1.5009663105010986, -1.2657047510147095, 1.3414341848423383, 1791403451105857170, 
-1.4990320205688477, -1.2564990520477295, 1.3626095050278773, 1791403451155901692, 
-1.4972596168518066, -1.2486909627914429, 1.3803048907691904, 1791403451199660795, 
-1.495275616645813, -1.2361559867858887, 1.4062295520314858, 1791403451265767843, 
-1.4938424825668335, -1.2266279458999634, 1.4274183869645665, 1791403451316011885, 
-1.492881417274475, -1.218743085861206, 1.4449037470820885, 1791403451358867556, 
-1.4919097423553467, -1.2095144987106323, 1.4647047662369712, 1791403451407854873, 
-1.4910510778427124, -1.199931025505066, 1.485737648199636, 1791403451458856757, 
-1.4904745817184448, -1.1908788681030273, 1.5047952419929775, 1791403451505857939, 
-1.4900050163269043, -1.1817231178283691, 1.5239672967671472, 1791403451555986274, 
-1.4898362159729004, -1.1738613843917847, 1.5410780365567205, 1791403451598845531, 
-1.4897167682647705, -1.161253809928894, 1.5685662193224708, 1791403451665264234, 
-1.4899412393569946, -1.1515380144119263, 1.5878558340174669, 1791403451716228093, 
-1.4901385307312012, -1.1434141397476196, 1.6050492985056704, 1791403451758884787, 
-1.4906432628631592, -1.1337298154830933, 1.6253555213774673, 1791403451808860250, 
-1.4913781881332397, -1.1245070695877075, 1.6459762986309514, 1791403451857895989, 
-1.4921199083328247, -1.1153900623321533, 1.6669790689819113, 1791403451905866955, 
-1.493064522743225, -1.106014609336853, 1.6865906897839404, 1791403451955915608, 
-1.4945573806762695, -1.0942721366882324, 1.7104388672244764, 1791403452017723208, 
-1.4952828884124756, -1.0886898040771484, 1.722869095418353, 1791403452049060429, 
-1.4973715543746948, -1.076225757598877, 1.749880390375569, 1791403452115431096, 
-1.4988585710525513, -1.0685607194900513, 1.7670294503402393, 1791403452158922974, 
-1.5008317232131958, -1.0594011545181274, 1.786608602277846, 1791403452207864555, 
-1.5028287172317505, -1.0498363971710205, 1.8074900255568107, 1791403452258904443, 
-1.5051637887954712, -1.0409001111984253, 1.82596689912386, 1791403452305867940, 
-1.507590413093567, -1.0320234298706055, 1.8461217186814736, 1791403452356004202, 
-1.5098885297775269, -1.0242522954940796, 1.8635171731956643, 1791403452398949510, 
-1.5128910541534424, -1.0153757333755493, 1.8839134364979604, 1791403452449367880, 
-1.5171163082122803, -1.0030503273010254, 1.9111709533436054, 1791403452517324289, 
-1.5198278427124023, -0.9956657290458679, 1.927379457905784, 1791403452558903455, 
-1.5231983661651611, -0.9871551990509033, 1.9467202345507875, 1791403452607933607, 
-1.526799201965332, -0.978300154209137, 1.9682770055436103, 1791403452658887515, 
-1.5305047035217285, -0.9696721434593201, 1.987391106779889, 1791403452706892713, 
-1.5343679189682007, -0.9612035751342773, 2.0075035301510504, 1791403452756996915, 
-1.5397268533706665, -0.9505710005760193, 2.0324118572062604, 1791403452819206446, 
-1.543758749961853, -0.9427642226219177, 2.0517114874192752, 1791403452866637325, 
-1.5481746196746826, -0.9347248077392578, 2.071971822855774, 1791403452916815154, 
-1.5522668361663818, -0.9277409315109253, 2.0889001868734276, 1791403452958894144, 
-1.557013750076294, -0.9195793867111206, 2.108273612240176, 1791403453007901903, 
-1.5617918968200684, -0.911605179309845, 2.1282286989973973, 1791403453058883031, 
-1.5666214227676392, -0.9039387106895447, 2.1476127227222293, 1791403453106886511, 
-1.5717649459838867, -0.8962100148200989, 2.16720868148304, 1791403453156911968, 
-1.578485131263733, -0.8866698741912842, 2.1915159217448243, 1791403453218678297, 
-1.581893801689148, -0.882144570350647, 2.203935927150229, 1791403453248130951, 
-1.5896306037902832, -0.8719726204872131, 2.232183639923909, 1791403453316908058, 
-1.5945007801055908, -0.8657869696617126, 2.24870981774017, 1791403453358903537, 
-1.6005395650863647, -0.8585830330848694, 2.269221936162093, 1791403453408891278, 
-1.6068248748779297, -0.8513637185096741, 2.29012774956218, 1791403453458495746, 
-1.6128944158554077, -0.8446481823921204, 2.308616433941115, 1791403453507096835, 
-1.6193100214004517, -0.8379860520362854, 2.3282761323332535, 1791403453556939788, 
-1.6247813701629639, -0.8323212265968323, 2.3459997380173334, 1791403453598942223, 
-1.6337578296661377, -0.8233878016471863, 2.3722943989350456, 1791403453667370223, 
-1.6406588554382324, -0.8168009519577026, 2.3928103969071635, 1791403453716530577, 
-1.6464763879776, -0.8113422393798828, 2.410782283966614, 1791403453759911914, 
-1.653684139251709, -0.8054749369621277, 2.430478519801767, 1791403453809889902, 
-1.6609487533569336, -0.7990496754646301, 2.4515314036879543, 1791403453860887215, 
-1.6681632995605469, -0.7934473752975464, 2.4704110516625257, 1791403453907886876, 
-1.6755807399749756, -0.787869930267334, 2.4895268963760833, 1791403453957932224, 
-1.684826374053955, -0.7808654308319092, 2.5151705883438136, 1791403454020755161, 
-1.6895205974578857, -0.7778125405311584, 2.5267796232564805, 1791403454050055294, 
-1.699880838394165, -0.7709295749664307, 2.5534279409544975, 1791403454117184451, 
-1.7067279815673828, -0.766567051410675, 2.570301564753653, 1791403454159923563, 
-1.7147554159164429, -0.7615614533424377, 2.5908063062464017, 1791403454210042877, 
-1.7228683233261108, -0.7567275166511536, 2.610900462716843, 1791403454260894446, 
-1.731071949005127, -0.7521979212760925, 2.6303782150632684, 1791403454307982160, 
-1.7392196655273438, -0.7476624250411987, 2.650688580156222, 1791403454358001111, 
-1.7495191097259521, -0.7422452569007874, 2.6767928662605986, 1791403454421039728, 
-1.757583498954773, -0.7384925484657288, 2.6962105700652264, 1791403454467576687, 
-1.7632439136505127, -0.7359638810157776, 2.7093610921691087, 1791403454500822324, 
-1.7733018398284912, -0.7314953804016113, 2.732680603734488, 1791403454559893516, 
-1.7817562818527222, -0.7280645966529846, 2.7522568090194706, 1791403454609206151, 
-1.7906701564788818, -0.7243620157241821, 2.773023166454232, 1791403454659899102, 
-1.7990288734436035, -0.721242368221283, 2.792169537121296, 1791403454707967097, 
-1.8079164028167725, -0.7182221412658691, 2.812064684464345, 1791403454758056209, 
-1.8154288530349731, -0.7157798409461975, 2.8296015115507305, 1791403454799291099, 
-1.8280253410339355, -0.7118932604789734, 2.8576152483758275, 1791403454868774907, 
-1.8368422985076904, -0.7093632817268372, 2.8775178854287145, 1791403454917908179, 
-1.8444973230361938, -0.7073658108711243, 2.893688921334228, 1791403454958902864, 
-1.8535674810409546, -0.7052668929100037, 2.913024194560896, 1791403455008905847, 
-1.8626056909561157, -0.7032334208488464, 2.9333062342367273, 1791403455059044653, 
-1.8718922138214111, -0.70115727186203, 2.9533743716152623, 1791403455108447508, 
-1.8812484741210938, -0.6995531320571899, 2.97230504483234, 1791403455159007987, 
-1.888633370399475, -0.6983051300048828, 2.988123139391199, 1791403455199079476, 
-1.901854157447815, -0.6965261697769165, 3.0179903523541176, 1791403455269223889, 
-1.911232352256775, -0.6955851316452026, 3.0383482116104608, 1791403455318921444, 
-1.9187045097351074, -0.6947753429412842, 3.0545961815448845, 1791403455358905584, 
-1.928145408630371, -0.6942094564437866, 3.0758950695279883, 1791403455409952514, 
-1.9377291202545166, -0.6939306855201721, 3.095246553399873, 1791403455459090222, 
-1.9468687772750854, -0.6935383081436157, 3.1149802260012596, 1791403455509094912, 
-1.9561611413955688, -0.6934549808502197, 3.13479900217846, 1791403455559008439, 
-1.9674946069717407, -0.6935723423957825, -3.1252491498886625, 1791403455619293142, 
-1.976794958114624, -0.6939743757247925, -3.105929139417473, 1791403455668678516, 
-1.9861844778060913, -0.6944504976272583, -3.0851678922588057, 1791403455719290759, 
-1.9935736656188965, -0.6949909925460815, -3.068652395760487, 1791403455759056211, 
-2.0030553340911865, -0.6956648230552673, -3.047637245626248, 1791403455809923307, 
-2.012359142303467, -0.6965654492378235, -3.0274105132861986, 1791403455858912908, 
-2.02193021774292, -0.6976476311683655, -3.0069801782608487, 1791403455909078344, 
-2.031273603439331, -0.6990858912467957, -2.9879162079217485, 1791403455958989829, 
-2.042506217956543, -0.7008482217788696, -2.9629063458201568, 1791403456018592769, 
-2.0481605529785156, -0.7018793225288391, -2.9510326141125254, 1791403456049351540, 
-2.061082601547241, -0.7045174241065979, -2.923653368523504, 1791403456118650727, 
-2.0684046745300293, -0.7062680125236511, -2.90736028437075, 1791403456158913049, 
-2.077671766281128, -0.7083989977836609, -2.886431426514267, 1791403456209009900, 
-2.086732864379883, -0.7109186053276062, -2.8651687717610046, 1791403456258959688, 
-2.096006393432617, -0.7134949564933777, -2.8444826123370883, 1791403456308929577, 
-2.1051249504089355, -0.7163829207420349, -2.8245852590175353, 1791403456359119570, 
-2.1161441802978516, -0.7198455333709717, -2.799919396984396, 1791403456418889778, 
-2.1215734481811523, -0.7216764688491821, -2.787597199804144, 1791403456448899278, 
-2.1338813304901123, -0.7263116240501404, -2.760191225927815, 1791403456519237738, 
-2.1407158374786377, -0.7290865182876587, -2.7446591732046604, 1791403456558924257, 
-2.1495261192321777, -0.7328075766563416, -2.7240993961388447, 1791403456610113101, 
-2.1580536365509033, -0.7366737127304077, -2.7042896934392413, 1791403456658938958, 
-2.166581869125366, -0.7406826615333557, -2.684805366891377, 1791403456708946047, 
-2.175112009048462, -0.744931161403656, -2.6635878255419128, 1791403456759118582, 
-2.182075262069702, -0.7484237551689148, -2.647499993859552, 1791403456798550986, 
-2.1902971267700195, -0.7530744075775146, -2.6280719175653293, 1791403456848868123, 
-2.1985225677490234, -0.7577817440032959, -2.6082781553951273, 1791403456898762794, 
-2.208021640777588, -0.7636478543281555, -2.583774817640219, 1791403456958928031, 
-2.216214418411255, -0.7687212824821472, -2.563881147345665, 1791403457008872340, 
-2.2241854667663574, -0.7738382816314697, -2.544196146493427, 1791403457059164222, 
-2.232022523880005, -0.7791449427604675, -2.5244661756138624, 1791403457108928227, 
-2.239677667617798, -0.7847946286201477, -2.5044660865691464, 1791403457159073530, 
-2.248652219772339, -0.7918282747268677, -2.4791236157258463, 1791403457219121702, 
-2.2533411979675293, -0.7952640056610107, -2.466665520791837, 1791403457248685654, 
-2.263481855392456, -0.8034799695014954, -2.438835686371359, 1791403457319131599, 
-2.2693252563476562, -0.8084787130355835, -2.42169338415158, 1791403457358958164, 
-2.2764384746551514, -0.8146962523460388, -2.401109838682061, 1791403457410029146, 
-2.283161163330078, -0.8209892511367798, -2.3830860618517073, 1791403457458606827, 
-2.2899587154388428, -0.8276052474975586, -2.362834999785848, 1791403457509375510, 
-2.2965714931488037, -0.8341637849807739, -2.342796314884315, 1791403457559277916, 
-2.30413556098938, -0.8422754406929016, -2.3188062020933042, 1791403457618654947, 
-2.3082292079925537, -0.8464722633361816, -2.306330999171154, 1791403457650369386, 
-2.3168721199035645, -0.8564595580101013, -2.2782566846450503, 1791403457718572096, 
-2.321826696395874, -0.8621951341629028, -2.26196156855849, 1791403457759056733, 
-2.3278582096099854, -0.8697864413261414, -2.241449782607381, 1791403457809533998, 
-2.3334710597991943, -0.8771486878395081, -2.2218103365773163, 1791403457858984709, 
-2.339118719100952, -0.8847026228904724, -2.2018500992769985, 1791403457909281499, 
-2.3448166847229004, -0.8925960659980774, -2.181345486159254, 1791403457959180751, 
-2.349139928817749, -0.8987990617752075, -2.1646774375733475, 1791403457998636431, 
-2.3562369346618652, -0.9096683859825134, -2.1382230461528553, 1791403458069291519, 
-2.3611085414886475, -0.9177470803260803, -2.1180185304460077, 1791403458119111777, 
-2.365007162094116, -0.9243586659431458, -2.1009197764262146, 1791403458159119040, 
-2.3695857524871826, -0.9324109554290771, -2.0801782554743133, 1791403458210151256, 
-2.374110698699951, -0.940642774105072, -2.0603458090241156, 1791403458259166874, 
-2.378538131713867, -0.9491661787033081, -2.0393960977397336, 1791403458309204721, 
-2.3825924396514893, -0.9577200412750244, -2.02088185813968, 1791403458359350629, 
-2.385838270187378, -0.9644756317138672, -2.0039521462997913, 1791403458398478039, 
-2.389634847640991, -0.9732924699783325, -1.9824854395609572, 1791403458450219746, 
-2.39318585395813, -0.9817454218864441, -1.9643532642200712, 1791403458499258323, 
-2.397286891937256, -0.9924141764640808, -1.9403111806246915, 1791403458559307767, 
-2.400519371032715, -1.0014121532440186, -1.9204618427762048, 1791403458608592539, 
-2.4036669731140137, -1.0101327896118164, -1.9009079335433872, 1791403458658546542, 
-2.40663480758667, -1.0191853046417236, -1.8792760988524368, 1791403458709171903, 
-2.4094648361206055, -1.0283578634262085, -1.8584023803721885, 1791403458759065772, 
-2.4124577045440674, -1.0394502878189087, -1.835508928529638, 1791403458819112048, 
-2.4138987064361572, -1.0448840856552124, -1.8233779315806455, 1791403458848743091, 
-2.417055130004883, -1.057839035987854, -1.7943054735565216, 1791403458918483523, 
-2.4186251163482666, -1.0652289390563965, -1.778280027485009, 1791403458959094277, 
-2.4203834533691406, -1.074459195137024, -1.7586261444485074, 1791403459009821298, 
-2.42187237739563, -1.0837962627410889, -1.7388588349698921, 1791403459058748862, 
-2.423192262649536, -1.093186616897583, -1.7173923587737268, 1791403459108884703, 
-2.4242899417877197, -1.1024516820907593, -1.6978295001645178, 1791403459159071644, 
-2.425121784210205, -1.109938144683838, -1.6816044406246138, 1791403459199399699, 
-2.42620587348938, -1.1194171905517578, -1.662364525067541, 1791403459249192518, 
-2.4269371032714844, -1.128833532333374, -1.6427264775467265, 1791403459298742962, 
-2.4276123046875, -1.1404294967651367, -1.6167464931304, 1791403459359153581, 
-2.4277167320251465, -1.1496248245239258, -1.597015259468494, 1791403459409204020, 
-2.427834987640381, -1.1589139699935913, -1.577116323062543, 1791403459460322957, 
-2.427762031555176, -1.1684070825576782, -1.5581615593516212, 1791403459509365096, 
-2.427405834197998, -1.1778602600097656, -1.538353821572818, 1791403459559059607, 
-2.426865577697754, -1.1891264915466309, -1.5143565504146446, 1791403459619276830, 
-2.4265341758728027, -1.1947510242462158, -1.5018542536041481, 1791403459649415364, 
-2.425323009490967, -1.2076748609542847, -1.4733373080939827, 1791403459719413799, 
-2.4245007038116455, -1.2152493000030518, -1.4573630402719362, 1791403459758433110, 
-2.423271894454956, -1.2246980667114258, -1.4377709532905982, 1791403459809014121, 
-2.421830654144287, -1.2338687181472778, -1.4180621125918407, 1791403459858536840, 
-2.4200820922851562, -1.2429695129394531, -1.3966847831883982, 1791403459908515055, 
-2.418283224105835, -1.2523088455200195, -1.375797392054503, 1791403459959093061, 
-2.416626214981079, -1.2595195770263672, -1.3604523668208088, 1791403459998525705, 
-2.4144318103790283, -1.2685965299606323, -1.341828382959444, 1791403460049036416, 
-2.4113762378692627, -1.2815982103347778, -1.3125277784283376, 1791403460119037490, 
-2.4095218181610107, -1.2889115810394287, -1.2967763323861738, 1791403460159004529, 
-2.4067485332489014, -1.2979379892349243, -1.2765794141424212, 1791403460209031746, 
-2.4036967754364014, -1.3070106506347656, -1.2557829886149048, 1791403460259049179, 
-2.400718927383423, -1.3161636590957642, -1.2357803215083474, 1791403460309089906, 
-2.3972630500793457, -1.3248502016067505, -1.2162481970916943, 1791403460359163047, 
-2.3946192264556885, -1.3316725492477417, -1.199433466706147, 1791403460398790097, 
-2.3894548416137695, -1.3435757160186768, -1.1720355340299204, 1791403460469085889, 
-2.3854942321777344, -1.3522212505340576, -1.1529062954302731, 1791403460519136732, 
-2.382322072982788, -1.35904061794281, -1.136357925477425, 1791403460559143059, 
-2.3782105445861816, -1.367375135421753, -1.1166437773823354, 1791403460608960743, 
-2.3740787506103516, -1.3758245706558228, -1.0961120267745208, 1791403460659088810, 
-2.36952543258667, -1.3843963146209717, -1.0747925143217905, 1791403460708973490, 
-2.364779472351074, -1.392660140991211, -1.0544959023270168, 1791403460759051766, 
-2.358975410461426, -1.402308702468872, -1.0315206311118825, 1791403460819380732, 
-2.355867862701416, -1.4070674180984497, -1.0191349370291303, 1791403460848980506, 
-2.348590135574341, -1.4181944131851196, -0.989120835071947, 1791403460918430349, 
-2.344386339187622, -1.424513339996338, -0.9723494305241919, 1791403460960991126, 
-2.338867425918579, -1.4321818351745605, -0.9536026388805124, 1791403461008968965, 
-2.3335959911346436, -1.4395114183425903, -0.9342350359427244, 1791403461058973361, 
-2.32792067527771, -1.4469175338745117, -0.9142078798187455, 1791403461108977110, 
-2.321904182434082, -1.4544354677200317, -0.8935480773082781, 1791403461159096196, 
-2.3171401023864746, -1.4601593017578125, -0.8771660007597355, 1791403461199581124, 
-2.310972213745117, -1.467223882675171, -0.8579722842730553, 1791403461249025609, 
-2.3020107746124268, -1.4769959449768066, -0.8304409386973995, 1791403461319164594, 
-2.2968592643737793, -1.4825453758239746, -0.8138660675537294, 1791403461360005089, 
-2.2903056144714355, -1.489194631576538, -0.7941074313873071, 1791403461408970931, 
-2.283452033996582, -1.495890736579895, -0.7742271045977845, 1791403461458994642, 
-2.2767152786254883, -1.5024453401565552, -0.7546721158280034, 1791403461508972689, 
-2.2696759700775146, -1.5087742805480957, -0.7350030054245218, 1791403461559109410, 
-2.263929843902588, -1.5138471126556396, -0.718614569022684, 1791403461599992064, 
-2.256786346435547, -1.5199158191680908, -0.6982012885247078, 1791403461648988896, 
-2.2464439868927, -1.5282081365585327, -0.6692118426839659, 1791403461718459746, 
-2.2403578758239746, -1.5329737663269043, -0.6521763097110882, 1791403461759979565, 
-2.2326364517211914, -1.538546085357666, -0.6328903174818201, 1791403461809020201, 
-2.225137233734131, -1.5438847541809082, -0.611674159935223, 1791403461859999574, 
-2.217212677001953, -1.5490437746047974, -0.5909726974606455, 1791403461908977486, 
-2.209355354309082, -1.5541213750839233, -0.5712114053474606, 1791403461959117671, 
-2.2030792236328125, -1.5581231117248535, -0.5559233838087495, 1791403461999788770, 
-2.1949427127838135, -1.563157320022583, -0.5364767107225048, 1791403462048663251, 
-2.183340549468994, -1.5699292421340942, -0.5076209047025915, 1791403462118997239, 
-2.1767988204956055, -1.5735188722610474, -0.49188893891428087, 1791403462160030038, 
-2.1682376861572266, -1.5779094696044922, -0.4720281450462257, 1791403462208987094, 
-2.1601006984710693, -1.5820339918136597, -0.45295813923680606, 1791403462255006860, 
-2.1509013175964355, -1.5862016677856445, -0.43159860956876805, 1791403462308991345, 
-2.1423842906951904, -1.5899901390075684, -0.4108560413612599, 1791403462359010513, 
-2.13181734085083, -1.5945218801498413, -0.3867207979509554, 1791403462418681129, 
-2.123034715652466, -1.5980082750320435, -0.36657059087342275, 1791403462469241553, 
-2.1141273975372314, -1.6014719009399414, -0.3461033344262554, 1791403462519231103, 
-2.1069929599761963, -1.6039460897445679, -0.32897043742499493, 1791403462561004912, 
-2.098125696182251, -1.6068787574768066, -0.3101121590263761, 1791403462608997262, 
-2.088792562484741, -1.6096473932266235, -0.2894773272029095, 1791403462658985212, 
-2.0793569087982178, -1.6123930215835571, -0.26859440674749524, 1791403462709010512, 
-2.070158004760742, -1.6148130893707275, -0.24895970287223446, 1791403462760031833, 
-2.0628397464752197, -1.6165924072265625, -0.23241189380478863, 1791403462800436577, 
-2.053525447845459, -1.6184426546096802, -0.21171843948519836, 1791403462848478938, 
-2.04036283493042, -1.620932936668396, -0.1853546855894816, 1791403462919012702, 
-2.0331461429595947, -1.6221991777420044, -0.17027197406459993, 1791403462959079780, 
-2.0237255096435547, -1.6237072944641113, -0.14996364261070425, 1791403463008992421, 
-2.01436448097229, -1.6248472929000854, -0.13071897669007257, 1791403463059018309, 
-2.0051722526550293, -1.626052737236023, -0.11026028466885936, 1791403463108992568, 
-1.9955226182937622, -1.6269859075546265, -0.08976582817667893, 1791403463160015029, 
-1.9842028617858887, -1.6277142763137817, -0.06571405233273264, 1791403463218563106, 
-1.9785805940628052, -1.6279829740524292, -0.05349038825124873, 1791403463249083754, 
-1.966172456741333, -1.6284593343734741, -0.025955492606166815, 1791403463315110660, 
-1.9573299884796143, -1.628524661064148, -0.007257195317689085, 1791403463363015879, 
-1.9476560354232788, -1.6285200119018555, 0.013350939366919043, 1791403463413115325, 
-1.9395195245742798, -1.6280969381332397, 0.03056321589140996, 1791403463454999295, 
-1.9301882982254028, -1.6277827024459839, 0.05008220845514321, 1791403463505008709, 
-1.9207849502563477, -1.6272977590560913, 0.07063372264122054, 1791403463555042655, 
-1.911507487297058, -1.6267130374908447, 0.0905551406516407, 1791403463602646906, 
-1.899725079536438, -1.6255332231521606, 0.11549482499057405, 1791403463664553789, 
-1.88992178440094, -1.6243048906326294, 0.1360837887704877, 1791403463715409226, 
-1.880805253982544, -1.6229007244110107, 0.15556765770715486, 1791403463763033644, 
-1.8715314865112305, -1.6213393211364746, 0.17427179088676187, 1791403463812997969, 
-1.8636776208877563, -1.6199004650115967, 0.1919976754213572, 1791403463855026201, 
-1.8543071746826172, -1.6179016828536987, 0.21210259950106689, 1791403463904999486, 
-1.8451385498046875, -1.6159062385559082, 0.23158060411323805, 1791403463956065687, 
-1.8341395854949951, -1.6130867004394531, 0.2553130346186196, 1791403464014550114, 
-1.827102541923523, -1.611205816268921, 0.2709276749084688, 1791403464053335502, 
-1.81585693359375, -1.6080149412155151, 0.2956844085864275, 1791403464116034239, 
-1.8070439100265503, -1.6051820516586304, 0.3153073939404651, 1791403464164001811, 
-1.798103928565979, -1.6021647453308105, 0.33576017777250067, 1791403464213007782, 
-1.7907434701919556, -1.599470853805542, 0.35199452345159504, 1791403464255026410, 
-1.781860113143921, -1.596301555633545, 0.37189651209597063, 1791403464304004665, 
-1.7729980945587158, -1.592803716659546, 0.39283865386547573, 1791403464355033449, 
-1.7623205184936523, -1.5884120464324951, 0.4158819177574194, 1791403464414610845, 
-1.7539128065109253, -1.584525465965271, 0.4352334607490498, 1791403464463599522, 
-1.7442817687988281, -1.5800330638885498, 0.4572000850280936, 1791403464519027746, 
-1.7376904487609863, -1.5767455101013184, 0.4728484765309371, 1791403464559138629, 
-1.7292323112487793, -1.5723613500595093, 0.4929744819678465, 1791403464609012932, 
-1.720872163772583, -1.567928671836853, 0.5138214515345534, 1791403464659034033, 
-1.712619662284851, -1.5632758140563965, 0.5330864377581127, 1791403464709011523, 
-1.7043735980987549, -1.558424472808838, 0.5534397285203153, 1791403464759035296, 
-1.6977647542953491, -1.5543246269226074, 0.5703351906221522, 1791403464798824680, 
-1.690088152885437, -1.5491321086883545, 0.590216036012862, 1791403464849167262, 
-1.682291030883789, -1.543697476387024, 0.6096410552270634, 1791403464899237164, 
-1.673237919807434, -1.5371251106262207, 0.6338328427939315, 1791403464959018930, 
-1.665041446685791, -1.5308994054794312, 0.6559366274166732, 1791403465014013140, 
-1.659124732017517, -1.5261244773864746, 0.6719601728588114, 1791403465055018233, 
-1.6519242525100708, -1.520201325416565, 0.6917926024979867, 1791403465104050812, 
-1.6446393728256226, -1.5140217542648315, 0.7125839146872013, 1791403465155055478, 
-1.63602876663208, -1.5063740015029907, 0.7368221590420758, 1791403465213613314, 
-1.630476474761963, -1.5011420249938965, 0.7533771339684971, 1791403465253819023, 
-1.6222190856933594, -1.4932758808135986, 0.777681294102075, 1791403465315204709, 
-1.61573326587677, -1.4864038228988647, 0.7972565735112205, 1791403465364059233, 
-1.6096594333648682, -1.4802273511886597, 0.8161140734663817, 1791403465409046824, 
-1.603426456451416, -1.4734030961990356, 0.8359224703064823, 1791403465459112575, 
-1.5973503589630127, -1.4664450883865356, 0.8556747882348944, 1791403465509061898, 
-1.5909712314605713, -1.4590442180633545, 0.8766944427557024, 1791403465560082977, 
-1.5838156938552856, -1.4503371715545654, 0.8990569701974066, 1791403465618850523, 
-1.5802719593048096, -1.4458870887756348, 0.9105833961615446, 1791403465649228032, 
-1.572114109992981, -1.4352073669433594, 0.9406380900004903, 1791403465720374998, 
-1.5677120685577393, -1.4290776252746582, 0.9565628640104883, 1791403465759047431, 
-1.5623964071273804, -1.4212151765823364, 0.9761729640409427, 1791403465809020750, 
-1.5570008754730225, -1.4133048057556152, 0.9965155269306752, 1791403465859025791, 
-1.55203378200531, -1.4053120613098145, 1.0158738089379686, 1791403465909030781, 
-1.5469199419021606, -1.3971949815750122, 1.0357254405706973, 1791403465960116640, 
-1.543041706085205, -1.3906583786010742, 1.0520474200803944, 1791403465999246008, 
-1.538331389427185, -1.3823742866516113, 1.0716452290472112, 1791403466048705985, 
-1.5338590145111084, -1.3740864992141724, 1.0913100595945966, 1791403466098524446, 
-1.5285111665725708, -1.3637295961380005, 1.1164892477813957, 1791403466159055899, 
-1.5245170593261719, -1.3550115823745728, 1.1371367565211743, 1791403466209042484, 
-1.5207523107528687, -1.3464847803115845, 1.1575290928129365, 1791403466259049623, 
-1.5172061920166016, -1.3378442525863647, 1.1783662062654625, 1791403466309026218, 
-1.5135307312011719, -1.3288183212280273, 1.1995666353147287, 1791403466361109949, 
-1.5108774900436401, -1.3219114542007446, 1.2147919814387402, 1791403466399425039, 
-1.507749080657959, -1.3130030632019043, 1.2332619584049138, 1791403466449085971, 
-1.5034199953079224, -1.3006316423416138, 1.2622941616078998, 1791403466521307666, 
-1.5013890266418457, -1.293388843536377, 1.277580188878686, 1791403466559056150, 
-1.4987269639968872, -1.2841051816940308, 1.2977725223268515, 1791403466609031396, 
-1.4961786270141602, -1.2749500274658203, 1.3178510721927297, 1791403466659053940, 
-1.4940197467803955, -1.2658897638320923, 1.3380385687634144, 1791403466709030365, 
-1.491733193397522, -1.2567030191421509, 1.3598386620949066, 1791403466760129487, 
-1.4896754026412964, -1.2454991340637207, 1.3825077947783961, 1791403466818768301, 
-1.4886616468429565, -1.239769458770752, 1.3944156252982567, 1791403466848930506, 
-1.4865480661392212, -1.2273645401000977, 1.4209105213186992, 1791403466915162194, 
-1.4853852987289429, -1.2191956043243408, 1.438542514996826, 1791403466959253868, 
-1.4843114614486694, -1.2098881006240845, 1.4585765084875075, 1791403467009034649, 
-1.4831972122192383, -1.200242280960083, 1.4785399229854412, 1791403467059051710, 
-1.4824379682540894, -1.1908074617385864, 1.4985348398725242, 1791403467109036685, 
-1.4820926189422607, -1.1820342540740967, 1.5168294236168332, 1791403467155066320, 
-1.4815914630889893, -1.1698423624038696, 1.5445124127518262, 1791403467220098676, 
-1.4816482067108154, -1.1604386568069458, 1.5646114589655546, 1791403467269011539, 
-1.4817546606063843, -1.1517109870910645, 1.5832299871917321, 1791403467315378431, 
-1.482020616531372, -1.1433442831039429, 1.601351025296687, 1791403467359043234, 
-1.4824943542480469, -1.1340315341949463, 1.6212164816930608, 1791403467409039906, 
-1.4830658435821533, -1.1247107982635498, 1.6393707271725964, 1791403467459045214, 
-1.4837228059768677, -1.1152833700180054, 1.6606753463779658, 1791403467510181415, 
-1.4846255779266357, -1.106839895248413, 1.6803152926012825, 1791403467555155985, 
-1.4855890274047852, -1.0984810590744019, 1.6968444241709528, 1791403467599417073, 
-1.486940622329712, -1.08889639377594, 1.7168136720444955, 1791403467649182924, 
-1.4888612031936646, -1.0765458345413208, 1.7447367058683447, 1791403467714996039, 
-1.4903227090835571, -1.0684183835983276, 1.7618624538955296, 1791403467759070244, 
-1.4922555685043335, -1.0592913627624512, 1.7816559012958262, 1791403467809070140, 
-1.4942878484725952, -1.0501437187194824, 1.8025080654474144, 1791403467859078611, 
-1.4965038299560547, -1.0408241748809814, 1.8226794768804246, 1791403467910046837, 
-1.4987590312957764, -1.0323657989501953, 1.8412468851299721, 1791403467955145667, 
-1.5011271238327026, -1.0245022773742676, 1.8593511687105995, 1791403467998501613, 
-1.5038319826126099, -1.015271782875061, 1.8789321927499478, 1791403468050396875, 
-1.5078092813491821, -1.0034369230270386, 1.9061234325027572, 1791403468115370624, 
-1.5106961727142334, -0.9954046010971069, 1.9242017449578976, 1791403468159051305, 
-1.5140210390090942, -0.9867545366287231, 1.9441790010202837, 1791403468209054665, 
-1.5176118612289429, -0.9779365062713623, 1.9648349492538104, 1791403468259048784, 
-1.5214470624923706, -0.9690948724746704, 1.9855886030776895, 1791403468310049682, 
-1.5250204801559448, -0.9612800478935242, 2.0036525826003944, 1791403468355174348, 
-1.5301610231399536, -0.9504932165145874, 2.028585403979351, 1791403468418931047, 
-1.5344011783599854, -0.9419287443161011, 2.048944530571041, 1791403468469921728, 
-1.5385336875915527, -0.9343291521072388, 2.0662962542245134, 1791403468515663464, 
-1.5427613258361816, -0.9270632863044739, 2.0830778640745704, 1791403468559096473, 
-1.5476409196853638, -0.9189221858978271, 2.1028088421602544, 1791403468609059774, 
-1.5524444580078125, -0.9108094573020935, 2.1232800113772403, 1791403468659088960, 
-1.5576753616333008, -0.9028515815734863, 2.144294545581982, 1791403468710057061, 
-1.5624767541885376, -0.8954012393951416, 2.1628494658999835, 1791403468756184520, 
-1.5692769289016724, -0.8857200145721436, 2.187451836342201, 1791403468819069893, 
-1.5748772621154785, -0.8778920769691467, 2.2083890599131686, 1791403468869907107, 
-1.578275203704834, -0.8734715580940247, 2.2202133765059298, 1791403468898523008, 
-1.5851004123687744, -0.8646697998046875, 2.244748450943714, 1791403468959089741, 
-1.591086506843567, -0.8574326634407043, 2.264814805569956, 1791403469009057643, 
-1.5972378253936768, -0.8503062129020691, 2.2856073374183956, 1791403469059059094, 
-1.603621006011963, -0.8434082269668579, 2.306559146713863, 1791403469110067049, 
-1.6096560955047607, -0.8370199799537659, 2.326104516922849, 1791403469156084336, 
-1.618098258972168, -0.8285569548606873, 2.3519128009652603, 1791403469219188441, 
-1.6220163106918335, -0.8245612978935242, 2.363380188007261, 1791403469248841788, 
-1.6311209201812744, -0.8158489465713501, 2.390537999377654, 1791403469315878515, 
-1.6372114419937134, -0.8102622032165527, 2.408447384944371, 1791403469359085215, 
-1.6441084146499634, -0.8041833639144897, 2.4272221443144457, 1791403469409068537, 
-1.6511846780776978, -0.7982104420661926, 2.4464385560259028, 1791403469459069156, 
-1.6586138010025024, -0.7922323346138, 2.4672720488198507, 1791403469511067305, 
-1.6654081344604492, -0.7869197726249695, 2.4852415383486797, 1791403469556320397, 
-1.6719415187835693, -0.7820292115211487, 2.5019376217378784, 1791403469598498622, 
-1.6798511743545532, -0.7764312028884888, 2.522956755200407, 1791403469648477828, 
-1.690047264099121, -0.7691598534584045, 2.5511352801708895, 1791403469715662578, 
-1.6969077587127686, -0.7648874521255493, 2.5677041076493667, 1791403469759067493, 
-1.7049105167388916, -0.7599254250526428, 2.5890968405628225, 1791403469810066348, 
-1.7129065990447998, -0.7552855610847473, 2.6090780849283193, 1791403469859091796, 
-1.7210613489151, -0.7505971789360046, 2.6295399590974458, 1791403469911087249, 
-1.7289667129516602, -0.7463292479515076, 2.6475853723957044, 1791403469957196638, 
-1.7395355701446533, -0.7408192157745361, 2.672039769537131, 1791403470018786977, 
-1.7447041273117065, -0.7383459806442261, 2.683364150653501, 1791403470049358832, 
-1.7562875747680664, -0.7328118681907654, 2.711806549432106, 1791403470116790662, 
-1.7633846998214722, -0.7296878099441528, 2.728569443881298, 1791403470159114490, 
-1.7720563411712646, -0.7261630296707153, 2.7482631913396207, 1791403470209074757, 
-1.780935525894165, -0.7225733995437622, 2.769124043831921, 1791403470259095174, 
-1.7892746925354004, -0.7193095684051514, 2.788187976209213, 1791403470307078878, 
-1.7980457544326782, -0.7161726355552673, 2.80711955690721, 1791403470357202312, 
-1.8054120540618896, -0.7135940194129944, 2.8243319977065897, 1791403470399898097, 
-1.8174935579299927, -0.7100405693054199, 2.8514170614029672, 1791403470466965931, 
-1.8266854286193848, -0.7075274586677551, 2.871600142079049, 1791403470517173984, 
-1.8343836069107056, -0.7055407762527466, 2.888459211359087, 1791403470560081839, 
-1.8434654474258423, -0.7031784653663635, 2.9087539261807254, 1791403470610074534, 
-1.852787971496582, -0.701026201248169, 2.9298217170024112, 1791403470660100399, 
-1.8617182970046997, -0.6992428302764893, 2.9491894371408796, 1791403470707210229, 
-1.8708733320236206, -0.697573184967041, 2.9689404798799597, 1791403470757099953, 
-1.8826167583465576, -0.6958631277084351, 2.9943289452357007, 1791403470819255116, 
-1.888315200805664, -0.6950199007987976, 3.007162818835371, 1791403470849339405, 
-1.901106595993042, -0.6933601498603821, 3.0336527743244464, 1791403470916763305, 
-1.909114956855774, -0.6924520134925842, 3.050159925077175, 1791403470960229239, 
-1.9185786247253418, -0.6916632056236267, 3.07006002755178, 1791403471009079766, 
-1.9279099702835083, -0.6910827159881592, 3.090089798190872, 1791403471059102952, 
-1.9367806911468506, -0.6907890439033508, 3.1093993238961297, 1791403471107106979, 
-1.9461230039596558, -0.6905992031097412, 3.130866528247973, 1791403471157106331, 
-1.9580248594284058, -0.6904837489128113, -3.127390145068064, 1791403471220416135, 
-1.9670614004135132, -0.6907044649124146, -3.1089258192553464, 1791403471267116387, 
-1.9731323719024658, -0.6909046173095703, -3.095523109303733, 1791403471300250908, 
-1.9843047857284546, -0.6916539072990417, -3.071556565317104, 1791403471360090300, 
-1.9935890436172485, -0.6923921704292297, -3.0519564170134346, 1791403471410138533, 
-2.0031094551086426, -0.6933314800262451, -3.031574458464045, 1791403471460241931, 
-2.0119786262512207, -0.6943259835243225, -3.0134270045448237, 1791403471507206556, 
-2.0213375091552734, -0.6956662535667419, -2.9944915840398107, 1791403471557275454, 
-2.0332486629486084, -0.6975461840629578, -2.9678117980282526, 1791403471619894530, 
-2.0389370918273926, -0.6985711455345154, -2.955209768050969, 1791403471650277602, 
-2.0513298511505127, -0.701216459274292, -2.92847346917057, 1791403471718121611, 
-2.0591630935668945, -0.7030209302902222, -2.911386727330754, 1791403471760137714, 
-2.068307638168335, -0.7053321003913879, -2.891424873140146, 1791403471809089462, 
-2.077383279800415, -0.7077335119247437, -2.8708315124833, 1791403471860117601, 
-2.0861308574676514, -0.7102491855621338, -2.8517517889199313, 1791403471908104654, 
-2.0949442386627197, -0.7128820419311523, -2.8320184336213527, 1791403471958116743, 
-2.1024258136749268, -0.7152968049049377, -2.816092225743027, 1791403472000417338, 
-2.111509084701538, -0.7183688879013062, -2.795816205830835, 1791403472050115879, 
-2.123540163040161, -0.7226065993309021, -2.7670290358960385, 1791403472117798619, 
-2.1309094429016113, -0.7257320880889893, -2.750924646073777, 1791403472160138653, 
-2.139643669128418, -0.7294877171516418, -2.731005177238307, 1791403472209094147, 
-2.148430824279785, -0.733248770236969, -2.7091530180246934, 1791403472260098699, 
-2.1564650535583496, -0.7370484471321106, -2.6903996828505687, 1791403472308143387, 
-2.1649250984191895, -0.7409715056419373, -2.6703934854641114, 1791403472358217853, 
-2.1753532886505127, -0.7463697791099548, -2.646158592313798, 1791403472419694903, 
-2.1804184913635254, -0.7490518093109131, -2.634491225753275, 1791403472449647188, 
-2.1886849403381348, -0.7537000179290771, -2.61428323440371, 1791403472499794805, 
-2.1982297897338867, -0.7596258521080017, -2.590238586677865, 1791403472560147837, 
-2.2063751220703125, -0.7645752429962158, -2.56856569201005, 1791403472611255326, 
-2.2143523693084717, -0.7698816061019897, -2.5483715364204507, 1791403472660107862, 
-2.2219302654266357, -0.7750950455665588, -2.5290989098096843, 1791403472708113026, 
-2.2296371459960938, -0.7805935740470886, -2.5090771208258005, 1791403472758210964, 
-2.2361254692077637, -0.7853647470474243, -2.4918238974781617, 1791403472801551475, 
-2.2437212467193604, -0.7910934090614319, -2.470255706358491, 1791403472851241614, 
-2.2507383823394775, -0.7969985008239746, -2.4517476434288312, 1791403472900524332, 
-2.259510040283203, -0.8042610883712769, -2.428240756414749, 1791403472961105049, 
-2.2667698860168457, -0.8105543851852417, -2.4078655547086885, 1791403473011397044, 
-2.273695945739746, -0.8167740702629089, -2.387303894485899, 1791403473062127210, 
-2.279985189437866, -0.8227540850639343, -2.368598060737667, 1791403473108244956, 
-2.286874294281006, -0.8295237421989441, -2.348070685617605, 1791403473158125819, 
-2.2950565814971924, -0.8381766080856323, -2.3229179063262455, 1791403473222409574, 
-2.301173686981201, -0.8449255228042603, -2.3045643601496284, 1791403473267880400, 
-2.307253122329712, -0.851775050163269, -2.2842430704553887, 1791403473318036583, 
-2.312427282333374, -0.8579142093658447, -2.2676040823701324, 1791403473361213487, 
-2.3182363510131836, -0.8652394413948059, -2.2479192236992804, 1791403473411120511, 
-2.3243250846862793, -0.8729469180107117, -2.2271893140801238, 1791403473462113264, 
-2.3298275470733643, -0.8801933526992798, -2.209304151826223, 1791403473509140543, 
-2.3353171348571777, -0.8877432346343994, -2.1886439594792337, 1791403473559132002, 
-2.340050220489502, -0.8945239186286926, -2.1708001312386074, 1791403473601085883, 
-2.347156286239624, -0.9054287672042847, -2.1433654255275836, 1791403473668861797, 
-2.3504364490509033, -0.9104448556900024, -2.1297727531513577, 1791403473702201749, 
-2.3561818599700928, -0.9201319217681885, -2.10561831475741, 1791403473761111795, 
-2.360839605331421, -0.9283226132392883, -2.085196542052572, 1791403473811282835, 
-2.3656513690948486, -0.9365015029907227, -2.065116099471555, 1791403473861133834, 
-2.3698620796203613, -0.9446732997894287, -2.0460051795433984, 1791403473909556484, 
-2.374284029006958, -0.9529757499694824, -2.026531234288051, 1791403473959367663, 
-2.3774805068969727, -0.9599716663360596, -2.010739749808464, 1791403473999690615, 
-2.381458044052124, -0.9685673117637634, -1.9904396591641966, 1791403474050179411, 
-2.386770725250244, -0.9805467128753662, -1.9623431706384915, 1791403474118481890, 
-2.389678478240967, -0.9879363775253296, -1.945820830437569, 1791403474160166851, 
-2.3929457664489746, -0.9968432784080505, -1.9255566081390052, 1791403474210208881, 
-2.3958663940429688, -1.0059099197387695, -1.9059210054927473, 1791403474260208823, 
-2.398776054382324, -1.0150082111358643, -1.884781554603527, 1791403474310257824, 
-2.4014711380004883, -1.024242877960205, -1.8644519809619957, 1791403474360414349, 
-2.4035072326660156, -1.0313977003097534, -1.8484039257612324, 1791403474400006052, 
-2.4056010246276855, -1.0407812595367432, -1.829941634532762, 1791403474450197427, 
-2.4077045917510986, -1.0502824783325195, -1.8100681656247601, 1791403474500265173, 
-2.4099833965301514, -1.061385989189148, -1.7848355702802041, 1791403474560209314, 
-2.411677122116089, -1.0705808401107788, -1.7629578429165529, 1791403474610311796, 
-2.4132814407348633, -1.0800484418869019, -1.7416898027834349, 1791403474660187710, 
-2.4147322177886963, -1.089396595954895, -1.7220954883346116, 1791403474710157770, 
-2.415950059890747, -1.0988432168960571, -1.7016279327492825, 1791403474759429212, 
-2.416933059692383, -1.1063779592514038, -1.6844062989062132, 1791403474800147747, 
-2.41835880279541, -1.1195515394210815, -1.6576970534470883, 1791403474869728563, 
-2.418710231781006, -1.1250859498977661, -1.6472677546214565, 1791403474900334033, 
-2.4195289611816406, -1.1366809606552124, -1.622795529575898, 1791403474960261380, 
-2.4198992252349854, -1.1459472179412842, -1.602171042407022, 1791403475011224720, 
-2.4200334548950195, -1.155328392982483, -1.5830250028181394, 1791403475060273992, 
-2.420207977294922, -1.1649318933486938, -1.5617778972977634, 1791403475110277037, 
-2.4200470447540283, -1.174302577972412, -1.5412651217672704, 1791403475160358688, 
-2.4193904399871826, -1.1855051517486572, -1.517023575682486, 1791403475219461717, 
-2.419034242630005, -1.1913317441940308, -1.5040876712304925, 1791403475249567556, 
-2.417743444442749, -1.2041857242584229, -1.4751472133858234, 1791403475319838972, 
-2.4170408248901367, -1.2115157842636108, -1.4591813200360821, 1791403475360183982, 
-2.4158730506896973, -1.2209434509277344, -1.4387781062755147, 1791403475409634433, 
-2.414400577545166, -1.2301105260849, -1.4191702173970233, 1791403475460355785, 
-2.4127469062805176, -1.239312767982483, -1.3994875894160317, 1791403475509452674, 
-2.410865545272827, -1.2487565279006958, -1.3778933598083518, 1791403475560358014, 
-2.409242630004883, -1.2559634447097778, -1.361871082707566, 1791403475599649342, 
-2.4060299396514893, -1.2686042785644531, -1.3345812971762037, 1791403475669945398, 
-2.4036705493927, -1.2778091430664062, -1.3136829209963312, 1791403475719500664, 
-2.401798725128174, -1.284867286682129, -1.2972886647082862, 1791403475759434556, 
-2.3990724086761475, -1.2939399480819702, -1.2783470051163777, 1791403475810227536, 
-2.3962392807006836, -1.3027410507202148, -1.259074878234763, 1791403475860388554, 
-2.3932316303253174, -1.3118538856506348, -1.2396270448125222, 1791403475909459200, 
-2.3899192810058594, -1.3208632469177246, -1.2202449089523113, 1791403475959511623, 
-2.385859727859497, -1.3313484191894531, -1.196217434359252, 1791403476019874025, 
-2.383720874786377, -1.336342453956604, -1.1844597840260227, 1791403476048798722, 
-2.3799378871917725, -1.3448376655578613, -1.1637377256972645, 1791403476099671798, 
-2.37515926361084, -1.355305790901184, -1.139137949598009, 1791403476160389334, 
-2.370894193649292, -1.3639168739318848, -1.119647113876024, 1791403476209938503, 
-2.3666083812713623, -1.3721474409103394, -1.0995247021340502, 1791403476259436310, 
-2.3622233867645264, -1.3803788423538208, -1.0782668114533895, 1791403476309738141, 
-2.357692003250122, -1.3888624906539917, -1.058116037286542, 1791403476359609577, 
-2.35380220413208, -1.3953756093978882, -1.042291177276435, 1791403476399962360, 
-2.3489162921905518, -1.403609037399292, -1.021259022209634, 1791403476450442754, 
-2.341883420944214, -1.4145376682281494, -0.9934684280860254, 1791403476520252972, 
-2.3374993801116943, -1.4206618070602417, -0.9778612610982286, 1791403476559837079, 
-2.3320534229278564, -1.4286983013153076, -0.956067815523062, 1791403476610612097, 
-2.3265597820281982, -1.4362506866455078, -0.9357114405654495, 1791403476658776041, 
-2.320805788040161, -1.4437252283096313, -0.9155141685350724, 1791403476710182425, 
-2.315107822418213, -1.4511401653289795, -0.8950279756581674, 1791403476760249039, 
-2.3101346492767334, -1.4571633338928223, -0.8791136322632752, 1791403476800215277, 
-2.3040812015533447, -1.4640525579452515, -0.8596946822389612, 1791403476851284075, 
-2.298027515411377, -1.4708855152130127, -0.840195788057054, 1791403476899549578, 
-2.2901599407196045, -1.4790616035461426, -0.8160944025638672, 1791403476960286661, 
-2.2838149070739746, -1.485985517501831, -0.7951792480780608, 1791403477012392729, 
-2.2770447731018066, -1.4927328824996948, -0.7761707265798972, 1791403477060335720, 
-2.2700538635253906, -1.499280333518982, -0.7553066110483854, 1791403477110371548, 
-2.263164758682251, -1.5058364868164062, -0.7351639187844747, 1791403477160424411, 
-2.257511615753174, -1.5109049081802368, -0.7193921892836151, 1791403477199730707, 
-2.2502524852752686, -1.5171244144439697, -0.6985312575818475, 1791403477251246842, 
-2.2429721355438232, -1.5230002403259277, -0.6790087013911592, 1791403477300295915, 
-2.233931303024292, -1.5299792289733887, -0.655998064409655, 1791403477360283707, 
-2.226541757583618, -1.535605549812317, -0.6361343537092258, 1791403477410557868, 
-2.2189671993255615, -1.5408951044082642, -0.6171787934654329, 1791403477459652658, 
-2.21120023727417, -1.5461575984954834, -0.5967547794290632, 1791403477510348562, 
-2.203084707260132, -1.5514403581619263, -0.5751071489275299, 1791403477559652065, 
-2.1967270374298096, -1.5554054975509644, -0.5593386013261578, 1791403477600172565, 
-2.1890244483947754, -1.559988260269165, -0.5405097438825578, 1791403477651000374, 
-2.1816389560699463, -1.5643126964569092, -0.5221685289798926, 1791403477699792427, 
-2.1728808879852295, -1.5692532062530518, -0.4991615132253999, 1791403477759613782, 
-2.164644241333008, -1.573675513267517, -0.4787068134290387, 1791403477811179986, 
-2.155672073364258, -1.5782452821731567, -0.45913792036456974, 1791403477860175403, 
-2.1471173763275146, -1.5823495388031006, -0.43945251335869484, 1791403477910199546, 
-2.13875675201416, -1.5862962007522583, -0.41894388563599905, 1791403477960338275, 
-2.1316187381744385, -1.5893043279647827, -0.4030990526568718, 1791403478000316991, 
-2.122799873352051, -1.5928349494934082, -0.38293151045376184, 1791403478050234252, 
-2.11397385597229, -1.5963032245635986, -0.36214887256925693, 1791403478099927821, 
-2.1031808853149414, -1.600373387336731, -0.3372473364983249, 1791403478160323397, 
-2.0942208766937256, -1.60349440574646, -0.3164202755327022, 1791403478210045009, 
-2.085125684738159, -1.6063933372497559, -0.29675234055535604, 1791403478260337927, 
-2.0760231018066406, -1.6090466976165771, -0.2761048546559182, 1791403478310316678, 
-2.066880702972412, -1.6115350723266602, -0.25727173944999576, 1791403478360308442, 
-2.0595555305480957, -1.6134306192398071, -0.2423999206726159, 1791403478400215628, 
-2.050360918045044, -1.6156105995178223, -0.2213192562121182, 1791403478450086545, 
-2.037346839904785, -1.618295669555664, -0.19298390263079213, 1791403478520156411, 
-2.0298643112182617, -1.6195343732833862, -0.17741833859110825, 1791403478560173722, 
-2.0204124450683594, -1.6211296319961548, -0.15658192939975094, 1791403478610169419, 
-2.0111353397369385, -1.622516393661499, -0.13665809762819212, 1791403478660192217, 
-2.0017497539520264, -1.623518705368042, -0.11615265134725951, 1791403478710176585, 
-1.9922795295715332, -1.6245994567871094, -0.09585440348101164, 1791403478760227171, 
-1.9845854043960571, -1.625217080116272, -0.07986772021793016, 1791403478801322495, 
-1.9751266241073608, -1.6258326768875122, -0.061905743985363255, 1791403478850159880, 
-1.9619858264923096, -1.6265113353729248, -0.03302787125399421, 1791403478919725814, 
-1.954413890838623, -1.626794457435608, -0.016985162425734474, 1791403478960203064, 
-1.945058822631836, -1.6268097162246704, 0.0025395203480450936, 1791403479010170525, 
-1.9353605508804321, -1.6266971826553345, 0.02321038903614695, 1791403479060195405, 
-1.9256271123886108, -1.626255989074707, 0.04441362001516892, 1791403479110187064, 
-1.9162920713424683, -1.6256579160690308, 0.06415432255859008, 1791403479160330322, 
-1.90875244140625, -1.6251885890960693, 0.08049816434381424, 1791403479200299940, 
-1.8994685411453247, -1.6244233846664429, 0.10092234056475884, 1791403479249610133, 
-1.8897746801376343, -1.6233723163604736, 0.12069900214458218, 1791403479299542028, 
-1.8783113956451416, -1.6219210624694824, 0.1452602553818203, 1791403479360178845, 
-1.8690019845962524, -1.6205188035964966, 0.165575885436629, 1791403479410189238, 
-1.859749674797058, -1.618773102760315, 0.18395933656131136, 1791403479460185791, 
-1.8502436876296997, -1.616945743560791, 0.20392928230947308, 1791403479510188320, 
-1.8410860300064087, -1.6148205995559692, 0.22432744498083357, 1791403479560238627, 
-1.833617091178894, -1.6131314039230347, 0.24039278863252725, 1791403479599427213, 
-1.8206555843353271, -1.6098459959030151, 0.2697727089592838, 1791403479669485331, 
-1.8115571737289429, -1.6072531938552856, 0.2899406521900678, 1791403479719842562, 
-1.8043837547302246, -1.6050814390182495, 0.30570923213009155, 1791403479760205197, 
-1.7953004837036133, -1.6020996570587158, 0.3262360305950176, 1791403479810352117, 
-1.7865724563598633, -1.5989090204238892, 0.34582247654662446, 1791403479860207020, 
-1.7779470682144165, -1.5956430435180664, 0.3657432974725706, 1791403479910188630, 
-1.7688521146774292, -1.5922070741653442, 0.38618229396309295, 1791403479960212248, 
-1.758224368095398, -1.5878045558929443, 0.41025166398294954, 1791403480020110133, 
-1.7493597269058228, -1.5839884281158447, 0.4307874798585811, 1791403480070073388, 
-1.740816354751587, -1.5798707008361816, 0.45192993801522946, 1791403480119844292, 
-1.7341067790985107, -1.5766726732254028, 0.46834083685959543, 1791403480161199220, 
-1.7257078886032104, -1.572261929512024, 0.48686326276780034, 1791403480210185495, 
-1.717193603515625, -1.5676236152648926, 0.5073677410974087, 1791403480260185505, 
-1.708943247795105, -1.563005805015564, 0.5271014889031859, 1791403480310197696, 
-1.7009724378585815, -1.5583285093307495, 0.5457300197885392, 1791403480360208318, 
-1.6943155527114868, -1.5544240474700928, 0.5624448341539434, 1791403480401389253, 
-1.686164379119873, -1.5491619110107422, 0.5815230566904666, 1791403480450214729, 
-1.6783201694488525, -1.5439645051956177, 0.6011981791573028, 1791403480499645203, 
-1.6690661907196045, -1.537325143814087, 0.6253133462267395, 1791403480561232624, 
-1.6612391471862793, -1.5316836833953857, 0.645246036192884, 1791403480610191072, 
-1.653741478919983, -1.5260027647018433, 0.6654708261485562, 1791403480660215190, 
-1.6462572813034058, -1.5200297832489014, 0.6857165207555412, 1791403480710189850, 
-1.638809084892273, -1.5139703750610352, 0.7063572086893937, 1791403480760229033, 
-1.6332018375396729, -1.5090336799621582, 0.7218533681004359, 1791403480800441084, 
-1.6262410879135132, -1.502776861190796, 0.7416339525503217, 1791403480849842462, 
-1.6164367198944092, -1.4935929775238037, 0.7704042346319844, 1791403480919792284, 
-1.611079454421997, -1.4882389307022095, 0.7859605056910116, 1791403480961199870, 
-1.6045325994491577, -1.4813437461853027, 0.8060021175523046, 1791403481010203862, 
-1.598020076751709, -1.4744442701339722, 0.8269592920374275, 1791403481060216651, 
-1.5917152166366577, -1.4673488140106201, 0.8468029595750284, 1791403481110199475, 
-1.5855302810668945, -1.4601866006851196, 0.866899947786904, 1791403481160221485, 
-1.5782462358474731, -1.4512799978256226, 0.891122281024938, 1791403481219582247, 
-1.5747212171554565, -1.4469659328460693, 0.9028717544918023, 1791403481250311112, 
-1.5668535232543945, -1.4364770650863647, 0.9301606518654064, 1791403481320325662, 
-1.5623538494110107, -1.4306210279464722, 0.9466770367436419, 1791403481361247472, 
-1.5569560527801514, -1.4228564500808716, 0.9668016893462466, 1791403481410200170, 
-1.5515841245651245, -1.4149097204208374, 0.9862028127104399, 1791403481460222817, 
-1.546419382095337, -1.4069933891296387, 1.0065018888871617, 1791403481510198103, 
-1.5412954092025757, -1.3987869024276733, 1.026765444934357, 1791403481560223476, 
-1.537357211112976, -1.3922066688537598, 1.0438969651188628, 1791403481600732604, 
-1.5325334072113037, -1.383940577507019, 1.0639609123405398, 1791403481650044830, 
-1.5261389017105103, -1.3721750974655151, 1.0920796723516895, 1791403481719923928, 
-1.5225797891616821, -1.3653247356414795, 1.1085194915481218, 1791403481762212121, 
-1.518479347229004, -1.3567661046981812, 1.1282224389904956, 1791403481810235665, 
-1.5148632526397705, -1.3489763736724854, 1.1465634651292853, 1791403481856205222, 
-1.5112800598144531, -1.3404592275619507, 1.1657699749588417, 1791403481905205889, 
-1.5076384544372559, -1.33174467086792, 1.186096875890486, 1791403481955251711, 
-1.5041037797927856, -1.3229312896728516, 1.2055164357821622, 1791403482006931129, 
-1.5000993013381958, -1.3114770650863647, 1.2321662059918097, 1791403482069886890, 
-1.497114658355713, -1.302452564239502, 1.2527534980557613, 1791403482119682319, 
-1.4950697422027588, -1.2952851057052612, 1.267692545465197, 1791403482160295180, 
-1.4923292398452759, -1.286038875579834, 1.288291284462351, 1791403482210206927, 
-1.4899404048919678, -1.2769191265106201, 1.3081005502935956, 1791403482260224846, 
-1.4876620769500732, -1.2679752111434937, 1.3267105264105423, 1791403482310211468, 
-1.4854167699813843, -1.2590217590332031, 1.346806584229755, 1791403482360249154, 
-1.4837628602981567, -1.2515175342559814, 1.3631937669163277, 1791403482400311285, 
-1.4819835424423218, -1.2421940565109253, 1.3832780792472386, 1791403482449744330, 
-1.4797208309173584, -1.229135274887085, 1.4114164586266988, 1791403482520203096, 
-1.4785569906234741, -1.2215185165405273, 1.4286346981278928, 1791403482560215773, 
-1.4772177934646606, -1.2121245861053467, 1.4490163082732135, 1791403482610212871, 
-1.4760973453521729, -1.2027416229248047, 1.4690514459415402, 1791403482660243907, 
-1.4750701189041138, -1.1931347846984863, 1.4895939478265305, 1791403482710213933, 
-1.474449634552002, -1.1836098432540894, 1.5091548829781143, 1791403482760240047, 
-1.4740725755691528, -1.176025390625, 1.5248289371719561, 1791403482799516412, 
-1.473514437675476, -1.1636695861816406, 1.5517795760522137, 1791403482865620389, 
-1.4734147787094116, -1.1580027341842651, 1.562487347530597, 1791403482896258201, 
-1.4736369848251343, -1.1452555656433105, 1.5884020808912453, 1791403482964260631, 
-1.473975419998169, -1.1356849670410156, 1.6089187549833093, 1791403483014217621, 
-1.4743090867996216, -1.1278414726257324, 1.6262235460644527, 1791403483056247387, 
-1.4749959707260132, -1.1184146404266357, 1.646190475657815, 1791403483106222746, 
-1.4758373498916626, -1.1088835000991821, 1.6664869525157988, 1791403483157265496, 
-1.4771488904953003, -1.0974782705307007, 1.6903207125489557, 1791403483215425549, 
-1.4782569408416748, -1.0881085395812988, 1.7105141210185337, 1791403483265659509, 
-1.4795987606048584, -1.0788060426712036, 1.730979039412668, 1791403483317142876, 
-1.481210708618164, -1.069919228553772, 1.7497029600179066, 1791403483364260833, 
-1.4832615852355957, -1.060571312904358, 1.7702497678805496, 1791403483415332857, 
-1.4849214553833008, -1.0531318187713623, 1.7864967564714225, 1791403483456249645, 
-1.4872004985809326, -1.0441627502441406, 1.8057468319535424, 1791403483505222864, 
-1.4894155263900757, -1.035043478012085, 1.8272051512648049, 1791403483556301469, 
-1.4925826787948608, -1.0238713026046753, 1.8524584685662404, 1791403483614690167, 
-1.4952466487884521, -1.0146795511245728, 1.872975114190908, 1791403483665304838, 
-1.498215913772583, -1.0057165622711182, 1.8931742422817917, 1791403483715960642, 
-1.5014724731445312, -0.9966131448745728, 1.9132351917348986, 1791403483765339871, 
-1.5046281814575195, -0.9879823923110962, 1.9327604234131126, 1791403483815228334, 
-1.5074156522750854, -0.9812425374984741, 1.9475566786668708, 1791403483855082304, 
-1.5110434293746948, -0.9723019003868103, 1.9679748116670173, 1791403483905227031, 
-1.5146231651306152, -0.9638984203338623, 1.9886984031865147, 1791403483956262759, 
-1.5187413692474365, -0.9555339813232422, 2.008392121045989, 1791403484004634246, 
-1.5227240324020386, -0.9467411637306213, 2.0293763226445884, 1791403484054430914, 
-1.5284041166305542, -0.9360465407371521, 2.0558418260982445, 1791403484121422652, 
-1.5321540832519531, -0.9293057918548584, 2.071185928809311, 1791403484160236411, 
-1.5368403196334839, -0.921123206615448, 2.0910018803684935, 1791403484210230510, 
